-- Fabricantes
INSERT INTO fabricante(id,nombre) VALUES (1,'Toyota');
INSERT INTO fabricante(id,nombre) VALUES (2,'BG Engineering Group, LLC');
INSERT INTO fabricante(id,nombre) VALUES (3,'Rebellion');
INSERT INTO fabricante(id,nombre) VALUES (4,'Alpine');
INSERT INTO fabricante(id,nombre) VALUES (5,'Oreca');
INSERT INTO fabricante(id,nombre) VALUES (6,'Ligier');
INSERT INTO fabricante(id,nombre) VALUES (7,'Aurus');
INSERT INTO fabricante(id,nombre) VALUES (8,'Dallara');
INSERT INTO fabricante(id,nombre) VALUES (9,'Ferrari');
INSERT INTO fabricante(id,nombre) VALUES (10,'Porsche');
INSERT INTO fabricante(id,nombre) VALUES (11,'Ford');
INSERT INTO fabricante(id,nombre) VALUES (12,'Chevrolet');
INSERT INTO fabricante(id,nombre) VALUES (13,'BMW');
INSERT INTO fabricante(id,nombre) VALUES (14,'Aston Martin');
INSERT INTO fabricante(id,nombre) VALUES (15,'Enso');

--Modelos
INSERT INTO modelo(id,nombre,id_fabricante) VALUES (1,'TS050 Hybrid',1);
INSERT INTO modelo(id,nombre,id_fabricante) VALUES (2,'BR1',2);
INSERT INTO modelo(id,nombre,id_fabricante) VALUES (3,'R13',3);
INSERT INTO modelo(id,nombre,id_fabricante) VALUES (4,'A470',4);
INSERT INTO modelo(id,nombre,id_fabricante) VALUES (5,'07',5);
INSERT INTO modelo(id,nombre,id_fabricante) VALUES (6,'JSP217',6);
INSERT INTO modelo(id,nombre,id_fabricante) VALUES (7,'01',7);
INSERT INTO modelo(id,nombre,id_fabricante) VALUES (8,'P217',8);
INSERT INTO modelo(id,nombre,id_fabricante) VALUES (9,'488 GTE EVO',9);
INSERT INTO modelo(id,nombre,id_fabricante) VALUES (10,'911 RSR',10);
INSERT INTO modelo(id,nombre,id_fabricante) VALUES (11,'GT',11);
INSERT INTO modelo(id,nombre,id_fabricante) VALUES (12,'Corvette C7R',12);
INSERT INTO modelo(id,nombre,id_fabricante) VALUES (13,'M8 GTE',13);
INSERT INTO modelo(id,nombre,id_fabricante) VALUES (14,'488 GTE',9);
INSERT INTO modelo(id,nombre,id_fabricante) VALUES (15,'Vantage',14);
INSERT INTO modelo(id,nombre,id_fabricante) VALUES (16,'CLM P1/01',15);
INSERT INTO modelo(id,nombre,id_fabricante) VALUES (17,'Vantage AMR',14);
INSERT INTO modelo(id,nombre,id_fabricante) VALUES (18,'911 RSR - 19',10);

--Equipos
INSERT INTO equipo(id,nombre,numero_equipo,id_fabricante,activo) VALUES (1,'TOYOTA GAZOO RACING',8,1,'T');
INSERT INTO equipo(id,nombre,numero_equipo,id_fabricante,activo) VALUES (2,'TOYOTA GAZOO RACING',7,1,'T');
INSERT INTO equipo(id,nombre,numero_equipo,id_fabricante,activo) VALUES (3,'SMP RACING',11,2,'F');
INSERT INTO equipo(id,nombre,numero_equipo,id_fabricante,activo) VALUES (4,'REBELLION RACING',1,3,'T');
INSERT INTO equipo(id,nombre,numero_equipo,id_fabricante,activo) VALUES (5,'REBELLION RACING',3,3,'T');
INSERT INTO equipo(id,nombre,numero_equipo,id_fabricante,activo) VALUES (6,'SIGNATECH ALPINE MATMUT',36,4,'F');
INSERT INTO equipo(id,nombre,numero_equipo,id_fabricante,activo) VALUES (7,'JACKIE CHAN DC RACING',38,5,'F');
INSERT INTO equipo(id,nombre,numero_equipo,id_fabricante,activo) VALUES (8,'TDS RACING',28,5,'F');
INSERT INTO equipo(id,nombre,numero_equipo,id_fabricante,activo) VALUES (9,'UNITED AUTOSPORTS',22,6,'T');
INSERT INTO equipo(id,nombre,numero_equipo,id_fabricante,activo) VALUES (10,'IDEC SPORT',48,5,'F');
INSERT INTO equipo(id,nombre,numero_equipo,id_fabricante,activo) VALUES (11,'G-DRIVE RACING',26,7,'T');
INSERT INTO equipo(id,nombre,numero_equipo,id_fabricante,activo) VALUES (12,'DUQUEINE ENGINEERING',30,5,'F');
INSERT INTO equipo(id,nombre,numero_equipo,id_fabricante,activo) VALUES (13,'PANIS BARTHEZ COMPETITION',23,6,'F');
INSERT INTO equipo(id,nombre,numero_equipo,id_fabricante,activo) VALUES (14,'GRAFF',39,5,'F');
INSERT INTO equipo(id,nombre,numero_equipo,id_fabricante,activo) VALUES (15,'ALGARVE PRO RACING',25,5,'T');
INSERT INTO equipo(id,nombre,numero_equipo,id_fabricante,activo) VALUES (16,'HIGH CLASS RACING',20,5,'F');
INSERT INTO equipo(id,nombre,numero_equipo,id_fabricante,activo) VALUES (17,'LARBRE COMPETITON',50,6,'F');
INSERT INTO equipo(id,nombre,numero_equipo,id_fabricante,activo) VALUES (18,'CETILAR R. VILLORBA CORSE',47,8,'F');
INSERT INTO equipo(id,nombre,numero_equipo,id_fabricante,activo) VALUES (19,'UNITED AUTOSPORTS',32,6,'T');
INSERT INTO equipo(id,nombre,numero_equipo,id_fabricante,activo) VALUES (20,'AF CORSE',51,9,'T');
INSERT INTO equipo(id,nombre,numero_equipo,id_fabricante,activo) VALUES (21,'PORSCHE GT TEAM',91,10,'T');
INSERT INTO equipo(id,nombre,numero_equipo,id_fabricante,activo) VALUES (22,'PORSCHE GT TEAM',93,10,'F');
INSERT INTO equipo(id,nombre,numero_equipo,id_fabricante,activo) VALUES (23,'FORD CHIP GANASSI TEAM UK',67,11,'F');
INSERT INTO equipo(id,nombre,numero_equipo,id_fabricante,activo) VALUES (24,'FORD CHIP GANASSI TEAM USA',69,11,'F');
INSERT INTO equipo(id,nombre,numero_equipo,id_fabricante,activo) VALUES (25,'FORD CHIP GANASSI TEAM UK',66,11,'F');
INSERT INTO equipo(id,nombre,numero_equipo,id_fabricante,activo) VALUES (26,'RACING TEAM NEDERLAND',29,8,'T');
INSERT INTO equipo(id,nombre,numero_equipo,id_fabricante,activo) VALUES (27,'PORSCHE GT TEAM',94,10,'F');
INSERT INTO equipo(id,nombre,numero_equipo,id_fabricante,activo) VALUES (28,'CORVETTE RACING',63,12,'F');
INSERT INTO equipo(id,nombre,numero_equipo,id_fabricante,activo) VALUES (29,'PORSCHE GT TEAM',92,10,'T');
INSERT INTO equipo(id,nombre,numero_equipo,id_fabricante,activo) VALUES (30,'BMW TEAM MTEK',82,13,'F');
INSERT INTO equipo(id,nombre,numero_equipo,id_fabricante,activo) VALUES (31,'TEAM PROJECT 1',56,10,'T');
INSERT INTO equipo(id,nombre,numero_equipo,id_fabricante,activo) VALUES (32,'JMW MOTORSPORT',84,9,'F');
INSERT INTO equipo(id,nombre,numero_equipo,id_fabricante,activo) VALUES (33,'WEATHERTECH RACING',62,9,'F');
INSERT INTO equipo(id,nombre,numero_equipo,id_fabricante,activo) VALUES (34,'DEMPSEY-PROTON RACING',77,10,'T');
INSERT INTO equipo(id,nombre,numero_equipo,id_fabricante,activo) VALUES (35,'CAR GUY RACING',57,9,'F');
INSERT INTO equipo(id,nombre,numero_equipo,id_fabricante,activo) VALUES (36,'PROTON COMPETITION',78,10,'T');
INSERT INTO equipo(id,nombre,numero_equipo,id_fabricante,activo) VALUES (37,'CLEARWATER RACING',61,9,'F');
INSERT INTO equipo(id,nombre,numero_equipo,id_fabricante,activo) VALUES (38,'GULF RACING',86,10,'T');
INSERT INTO equipo(id,nombre,numero_equipo,id_fabricante,activo) VALUES (39,'KESSEL RACING',83,9,'F');
INSERT INTO equipo(id,nombre,numero_equipo,id_fabricante,activo) VALUES (40,'RISI COMPETIZIONE',89,9,'F');
INSERT INTO equipo(id,nombre,numero_equipo,id_fabricante,activo) VALUES (41,'MR RACING',70,9,'T');
INSERT INTO equipo(id,nombre,numero_equipo,id_fabricante,activo) VALUES (42,'TF SPORT',90,14,'T');
INSERT INTO equipo(id,nombre,numero_equipo,id_fabricante,activo) VALUES (43,'SPIRIT OF RACE',54,9,'F');
INSERT INTO equipo(id,nombre,numero_equipo,id_fabricante,activo) VALUES (44,'ASTON MARTIN RACING',97,14,'T');
INSERT INTO equipo(id,nombre,numero_equipo,id_fabricante,activo) VALUES (45,'INTER EUROPOL COMPETITION',34,6,'T');
INSERT INTO equipo(id,nombre,numero_equipo,id_fabricante,activo) VALUES (46,'KESSEL RACING',60,9,'F');
INSERT INTO equipo(id,nombre,numero_equipo,id_fabricante,activo) VALUES (47,'BMW TEAM MTEK',81,13,'F');
INSERT INTO equipo(id,nombre,numero_equipo,id_fabricante,activo) VALUES (48,'RLR M SPORT/TOWER EVENTS',43,5,'F');
INSERT INTO equipo(id,nombre,numero_equipo,id_fabricante,activo) VALUES (49,'DRAGONSPEED',31,5,'F');
INSERT INTO equipo(id,nombre,numero_equipo,id_fabricante,activo) VALUES (50,'JACKIE CHAN DC RACING',37,5,'F');
INSERT INTO equipo(id,nombre,numero_equipo,id_fabricante,activo) VALUES (51,'SMP RACING',17,2,'F');
INSERT INTO equipo(id,nombre,numero_equipo,id_fabricante,activo) VALUES (52,'BYKOLLES RACING TEAM',4,15,'T');
INSERT INTO equipo(id,nombre,numero_equipo,id_fabricante,activo) VALUES (53,'ARC BRATISLAVA',49,6,'F');
INSERT INTO equipo(id,nombre,numero_equipo,id_fabricante,activo) VALUES (54,'AF CORSE',71,9,'T');
INSERT INTO equipo(id,nombre,numero_equipo,id_fabricante,activo) VALUES (55,'ASTON MARTIN RACING',95,15,'T');
INSERT INTO equipo(id,nombre,numero_equipo,id_fabricante,activo) VALUES (56,'ASTON MARTIN RACING',98,15,'T');
INSERT INTO equipo(id,nombre,numero_equipo,id_fabricante,activo) VALUES (57,'CORVETTE RACING',64,12,'F');
INSERT INTO equipo(id,nombre,numero_equipo,id_fabricante,activo) VALUES (58,'DEMPSEY-PROTON RACING',88,10,'T');
INSERT INTO equipo(id,nombre,numero_equipo,id_fabricante,activo) VALUES (59,'DRAGONSPEED',10,2,'F');
INSERT INTO equipo(id,nombre,numero_equipo,id_fabricante,activo) VALUES (60,'FORD CHIP GANASSI TEAM USA',68,11,'F');
INSERT INTO equipo(id,nombre,numero_equipo,id_fabricante,activo) VALUES (61,'KEATING MOTORSPORTS',85,11,'F');
INSERT INTO equipo(id,nombre,numero_equipo,id_fabricante,activo) VALUES (62,'DEMPSEY-PROTON RACING',99,10,'T');
INSERT INTO equipo(id,nombre,numero_equipo,id_fabricante,activo) VALUES (63,'JOTA',38,5,'T');
INSERT INTO equipo(id,nombre,numero_equipo,id_fabricante,activo) VALUES (64,'PANIS RACING',31,5,'T');
INSERT INTO equipo(id,nombre,numero_equipo,id_fabricante,activo) VALUES (65,'SIGNATECH ALPINE ELF',36,4,'T');
INSERT INTO equipo(id,nombre,numero_equipo,id_fabricante,activo) VALUES (66,'IDEC SPORT',28,5,'T');
INSERT INTO equipo(id,nombre,numero_equipo,id_fabricante,activo) VALUES (67,'COOL RACING',42,5,'T');
INSERT INTO equipo(id,nombre,numero_equipo,id_fabricante,activo) VALUES (68,'RICHARD MILLE RACING TEAM',50,5,'T');
INSERT INTO equipo(id,nombre,numero_equipo,id_fabricante,activo) VALUES (69,'CETILAR RACING',47,8,'T');
INSERT INTO equipo(id,nombre,numero_equipo,id_fabricante,activo) VALUES (70,'IDEC SPORT',17,5,'T');
INSERT INTO equipo(id,nombre,numero_equipo,id_fabricante,activo) VALUES (71,'DRAGONSPEED USA',27,5,'T');
INSERT INTO equipo(id,nombre,numero_equipo,id_fabricante,activo) VALUES (72,'EURASIA MOTORSPORT',35,6,'T');
INSERT INTO equipo(id,nombre,numero_equipo,id_fabricante,activo) VALUES (73,'RISI COMPETIZIONE',82,9,'T');
INSERT INTO equipo(id,nombre,numero_equipo,id_fabricante,activo) VALUES (74,'AF CORSE',83,9,'T');
INSERT INTO equipo(id,nombre,numero_equipo,id_fabricante,activo) VALUES (75,'NIELSEN RACING',24,5,'T');
INSERT INTO equipo(id,nombre,numero_equipo,id_fabricante,activo) VALUES (76,'JMW MOTORSPORT',66,9,'T');
INSERT INTO equipo(id,nombre,numero_equipo,id_fabricante,activo) VALUES (77,'LUZICH RACING',61,9,'T');
INSERT INTO equipo(id,nombre,numero_equipo,id_fabricante,activo) VALUES (78,'IRON LYNX',85,9,'T');
INSERT INTO equipo(id,nombre,numero_equipo,id_fabricante,activo) VALUES (79,'IRON LYNX',60,9,'T');
INSERT INTO equipo(id,nombre,numero_equipo,id_fabricante,activo) VALUES (80,'AF CORSE',54,9,'T');
INSERT INTO equipo(id,nombre,numero_equipo,id_fabricante,activo) VALUES (81,'TEAM PROJECT 1',57,10,'T');
INSERT INTO equipo(id,nombre,numero_equipo,id_fabricante,activo) VALUES (82,'RED RIVER SPORT',62,9,'T');
INSERT INTO equipo(id,nombre,numero_equipo,id_fabricante,activo) VALUES (83,'TEAM PROJECT 1',89,10,'T');
INSERT INTO equipo(id,nombre,numero_equipo,id_fabricante,activo) VALUES (84,'SO24-HAS BY GRAFF',39,5,'T');
INSERT INTO equipo(id,nombre,numero_equipo,id_fabricante,activo) VALUES (85,'HUB AUTO RACING',72,9,'T');
INSERT INTO equipo(id,nombre,numero_equipo,id_fabricante,activo) VALUES (87,'IRON LYNX',75,9,'T');
INSERT INTO equipo(id,nombre,numero_equipo,id_fabricante,activo) VALUES (88,'DRAGONSPEED USA',21,5,'T');
INSERT INTO equipo(id,nombre,numero_equipo,id_fabricante,activo) VALUES (89,'WEATHERTECH RACING',63,9,'T');
INSERT INTO equipo(id,nombre,numero_equipo,id_fabricante,activo) VALUES (90,'G-DRIVE RACING BY ALGARVE',16,5,'T');
INSERT INTO equipo(id,nombre,numero_equipo,id_fabricante,activo) VALUES (91,'DUQUEINE TEAM',30,5,'T');
INSERT INTO equipo(id,nombre,numero_equipo,id_fabricante,activo) VALUES (92,'HIGH CLASS RACING',33,5,'T');
INSERT INTO equipo(id,nombre,numero_equipo,id_fabricante,activo) VALUES (93,'AF CORSE',52,9,'T');
INSERT INTO equipo(id,nombre,numero_equipo,id_fabricante,activo) VALUES (94,'SPIRIT OF RACE',55,9,'T');
INSERT INTO equipo(id,nombre,numero_equipo,id_fabricante,activo) VALUES (95,'EUROINTERNATIONAL',11,6,'T');
INSERT INTO equipo(id,nombre,numero_equipo,id_fabricante,activo) VALUES (96,'JACKIE CHAN DC RACING',37,5,'T');

--Organizacion
INSERT INTO organizacion(id,nombre) VALUES (1,'Automobile Club de l`Ouest');

--Pistas
INSERT INTO pista(id, nombre, kilometraje) VALUES (1,'Circuito de la Sarthe',13.626);

--Sectores
INSERT INTO sector(id,nombre,id_pista) VALUES (1,'Chicanas Ford',1);
INSERT INTO sector(id,nombre,id_pista) VALUES (2,'Curvas Porsche',1);
INSERT INTO sector(id,nombre,id_pista) VALUES (3,'Arnage',1);
INSERT INTO sector(id,nombre,id_pista) VALUES (4,'Indianapolis',1);
INSERT INTO sector(id,nombre,id_pista) VALUES (5,'Mulsanne',1);
INSERT INTO sector(id,nombre,id_pista) VALUES (6,'Recta Mulsanne',1);
INSERT INTO sector(id,nombre,id_pista) VALUES (7,'Chicana Michelin',1);
INSERT INTO sector(id,nombre,id_pista) VALUES (8,'Chicana Playstation',1);
INSERT INTO sector(id,nombre,id_pista) VALUES (9,'Tertre Rouge',1);
INSERT INTO sector(id,nombre,id_pista) VALUES (10,'Eses',1);
INSERT INTO sector(id,nombre,id_pista) VALUES (11,'Chicana Dunlop',1);
INSERT INTO sector(id,nombre,id_pista) VALUES (12,'Curva Dunlop',1);
INSERT INTO sector(id,nombre,id_pista) VALUES (13,'General',1);

--Eventos
INSERT INTO evento(id,ano,tipo,id_organizacion,id_pista) VALUES (1,2019,'Ensayo',1,1);
INSERT INTO evento(id,ano,tipo,id_organizacion,id_pista) VALUES (2,2019,'Carrera',1,1);
INSERT INTO evento(id,ano,tipo,id_organizacion,id_pista) VALUES (3,2020,'Ensayo',1,1);
INSERT INTO evento(id,ano,tipo,id_organizacion,id_pista) VALUES (4,2020,'Carrera',1,1);

--Equipo-Evento
INSERT INTO equipo_evento(id_equipo,id_evento) VALUES (1,1);
INSERT INTO equipo_evento(id_equipo,id_evento) VALUES (2,1);
INSERT INTO equipo_evento(id_equipo,id_evento) VALUES (3,1);
INSERT INTO equipo_evento(id_equipo,id_evento) VALUES (4,1);
INSERT INTO equipo_evento(id_equipo,id_evento) VALUES (5,1);
INSERT INTO equipo_evento(id_equipo,id_evento) VALUES (6,1);
INSERT INTO equipo_evento(id_equipo,id_evento) VALUES (7,1);
INSERT INTO equipo_evento(id_equipo,id_evento) VALUES (8,1);
INSERT INTO equipo_evento(id_equipo,id_evento) VALUES (9,1);
INSERT INTO equipo_evento(id_equipo,id_evento) VALUES (10,1);
INSERT INTO equipo_evento(id_equipo,id_evento) VALUES (11,1);
INSERT INTO equipo_evento(id_equipo,id_evento) VALUES (12,1);
INSERT INTO equipo_evento(id_equipo,id_evento) VALUES (13,1);
INSERT INTO equipo_evento(id_equipo,id_evento) VALUES (14,1);
INSERT INTO equipo_evento(id_equipo,id_evento) VALUES (15,1);
INSERT INTO equipo_evento(id_equipo,id_evento) VALUES (16,1);
INSERT INTO equipo_evento(id_equipo,id_evento) VALUES (17,1);
INSERT INTO equipo_evento(id_equipo,id_evento) VALUES (18,1);
INSERT INTO equipo_evento(id_equipo,id_evento) VALUES (19,1);
INSERT INTO equipo_evento(id_equipo,id_evento) VALUES (20,1);
INSERT INTO equipo_evento(id_equipo,id_evento) VALUES (21,1);
INSERT INTO equipo_evento(id_equipo,id_evento) VALUES (22,1);
INSERT INTO equipo_evento(id_equipo,id_evento) VALUES (23,1);
INSERT INTO equipo_evento(id_equipo,id_evento) VALUES (24,1);
INSERT INTO equipo_evento(id_equipo,id_evento) VALUES (25,1);
INSERT INTO equipo_evento(id_equipo,id_evento) VALUES (26,1);
INSERT INTO equipo_evento(id_equipo,id_evento) VALUES (27,1);
INSERT INTO equipo_evento(id_equipo,id_evento) VALUES (28,1);
INSERT INTO equipo_evento(id_equipo,id_evento) VALUES (29,1);
INSERT INTO equipo_evento(id_equipo,id_evento) VALUES (30,1);
INSERT INTO equipo_evento(id_equipo,id_evento) VALUES (31,1);
INSERT INTO equipo_evento(id_equipo,id_evento) VALUES (32,1);
INSERT INTO equipo_evento(id_equipo,id_evento) VALUES (33,1);
INSERT INTO equipo_evento(id_equipo,id_evento) VALUES (34,1);
INSERT INTO equipo_evento(id_equipo,id_evento) VALUES (35,1);
INSERT INTO equipo_evento(id_equipo,id_evento) VALUES (36,1);
INSERT INTO equipo_evento(id_equipo,id_evento) VALUES (37,1);
INSERT INTO equipo_evento(id_equipo,id_evento) VALUES (38,1);
INSERT INTO equipo_evento(id_equipo,id_evento) VALUES (39,1);
INSERT INTO equipo_evento(id_equipo,id_evento) VALUES (40,1);
INSERT INTO equipo_evento(id_equipo,id_evento) VALUES (41,1);
INSERT INTO equipo_evento(id_equipo,id_evento) VALUES (42,1);
INSERT INTO equipo_evento(id_equipo,id_evento) VALUES (43,1);
INSERT INTO equipo_evento(id_equipo,id_evento) VALUES (44,1);
INSERT INTO equipo_evento(id_equipo,id_evento) VALUES (45,1);
INSERT INTO equipo_evento(id_equipo,id_evento) VALUES (46,1);
INSERT INTO equipo_evento(id_equipo,id_evento) VALUES (47,1);
INSERT INTO equipo_evento(id_equipo,id_evento) VALUES (48,1);
INSERT INTO equipo_evento(id_equipo,id_evento) VALUES (49,1);
INSERT INTO equipo_evento(id_equipo,id_evento) VALUES (50,1);
INSERT INTO equipo_evento(id_equipo,id_evento) VALUES (51,1);
INSERT INTO equipo_evento(id_equipo,id_evento) VALUES (52,1);
INSERT INTO equipo_evento(id_equipo,id_evento) VALUES (53,1);
INSERT INTO equipo_evento(id_equipo,id_evento) VALUES (54,1);
INSERT INTO equipo_evento(id_equipo,id_evento) VALUES (55,1);
INSERT INTO equipo_evento(id_equipo,id_evento) VALUES (56,1);
INSERT INTO equipo_evento(id_equipo,id_evento) VALUES (57,1);
INSERT INTO equipo_evento(id_equipo,id_evento) VALUES (58,1);
INSERT INTO equipo_evento(id_equipo,id_evento) VALUES (59,1);
INSERT INTO equipo_evento(id_equipo,id_evento) VALUES (60,1);
INSERT INTO equipo_evento(id_equipo,id_evento) VALUES (61,1);
INSERT INTO equipo_evento(id_equipo,id_evento) VALUES (62,1);
INSERT INTO equipo_evento(id_equipo,id_evento) VALUES (1,2);
INSERT INTO equipo_evento(id_equipo,id_evento) VALUES (2,2);
INSERT INTO equipo_evento(id_equipo,id_evento) VALUES (3,2);
INSERT INTO equipo_evento(id_equipo,id_evento) VALUES (4,2);
INSERT INTO equipo_evento(id_equipo,id_evento) VALUES (5,2);
INSERT INTO equipo_evento(id_equipo,id_evento) VALUES (6,2);
INSERT INTO equipo_evento(id_equipo,id_evento) VALUES (7,2);
INSERT INTO equipo_evento(id_equipo,id_evento) VALUES (8,2);
INSERT INTO equipo_evento(id_equipo,id_evento) VALUES (9,2);
INSERT INTO equipo_evento(id_equipo,id_evento) VALUES (10,2);
INSERT INTO equipo_evento(id_equipo,id_evento) VALUES (11,2);
INSERT INTO equipo_evento(id_equipo,id_evento) VALUES (12,2);
INSERT INTO equipo_evento(id_equipo,id_evento) VALUES (13,2);
INSERT INTO equipo_evento(id_equipo,id_evento) VALUES (14,2);
INSERT INTO equipo_evento(id_equipo,id_evento) VALUES (15,2);
INSERT INTO equipo_evento(id_equipo,id_evento) VALUES (16,2);
INSERT INTO equipo_evento(id_equipo,id_evento) VALUES (17,2);
INSERT INTO equipo_evento(id_equipo,id_evento) VALUES (18,2);
INSERT INTO equipo_evento(id_equipo,id_evento) VALUES (19,2);
INSERT INTO equipo_evento(id_equipo,id_evento) VALUES (20,2);
INSERT INTO equipo_evento(id_equipo,id_evento) VALUES (21,2);
INSERT INTO equipo_evento(id_equipo,id_evento) VALUES (22,2);
INSERT INTO equipo_evento(id_equipo,id_evento) VALUES (23,2);
INSERT INTO equipo_evento(id_equipo,id_evento) VALUES (24,2);
INSERT INTO equipo_evento(id_equipo,id_evento) VALUES (25,2);
INSERT INTO equipo_evento(id_equipo,id_evento) VALUES (26,2);
INSERT INTO equipo_evento(id_equipo,id_evento) VALUES (27,2);
INSERT INTO equipo_evento(id_equipo,id_evento) VALUES (28,2);
INSERT INTO equipo_evento(id_equipo,id_evento) VALUES (29,2);
INSERT INTO equipo_evento(id_equipo,id_evento) VALUES (30,2);
INSERT INTO equipo_evento(id_equipo,id_evento) VALUES (31,2);
INSERT INTO equipo_evento(id_equipo,id_evento) VALUES (32,2);
INSERT INTO equipo_evento(id_equipo,id_evento) VALUES (33,2);
INSERT INTO equipo_evento(id_equipo,id_evento) VALUES (34,2);
INSERT INTO equipo_evento(id_equipo,id_evento) VALUES (35,2);
INSERT INTO equipo_evento(id_equipo,id_evento) VALUES (36,2);
INSERT INTO equipo_evento(id_equipo,id_evento) VALUES (37,2);
INSERT INTO equipo_evento(id_equipo,id_evento) VALUES (38,2);
INSERT INTO equipo_evento(id_equipo,id_evento) VALUES (39,2);
INSERT INTO equipo_evento(id_equipo,id_evento) VALUES (40,2);
INSERT INTO equipo_evento(id_equipo,id_evento) VALUES (41,2);
INSERT INTO equipo_evento(id_equipo,id_evento) VALUES (42,2);
INSERT INTO equipo_evento(id_equipo,id_evento) VALUES (43,2);
INSERT INTO equipo_evento(id_equipo,id_evento) VALUES (44,2);
INSERT INTO equipo_evento(id_equipo,id_evento) VALUES (45,2);
INSERT INTO equipo_evento(id_equipo,id_evento) VALUES (46,2);
INSERT INTO equipo_evento(id_equipo,id_evento) VALUES (47,2);
INSERT INTO equipo_evento(id_equipo,id_evento) VALUES (48,2);
INSERT INTO equipo_evento(id_equipo,id_evento) VALUES (49,2);
INSERT INTO equipo_evento(id_equipo,id_evento) VALUES (50,2);
INSERT INTO equipo_evento(id_equipo,id_evento) VALUES (51,2);
INSERT INTO equipo_evento(id_equipo,id_evento) VALUES (52,2);
INSERT INTO equipo_evento(id_equipo,id_evento) VALUES (53,2);
INSERT INTO equipo_evento(id_equipo,id_evento) VALUES (54,2);
INSERT INTO equipo_evento(id_equipo,id_evento) VALUES (55,2);
INSERT INTO equipo_evento(id_equipo,id_evento) VALUES (56,2);
INSERT INTO equipo_evento(id_equipo,id_evento) VALUES (57,2);
INSERT INTO equipo_evento(id_equipo,id_evento) VALUES (58,2);
INSERT INTO equipo_evento(id_equipo,id_evento) VALUES (59,2);
INSERT INTO equipo_evento(id_equipo,id_evento) VALUES (60,2);
INSERT INTO equipo_evento(id_equipo,id_evento) VALUES (61,2);
INSERT INTO equipo_evento(id_equipo,id_evento) VALUES (62,2);
INSERT INTO equipo_evento(id_equipo,id_evento) VALUES (1,3);
INSERT INTO equipo_evento(id_equipo,id_evento) VALUES (2,3);
INSERT INTO equipo_evento(id_equipo,id_evento) VALUES (4,3);
INSERT INTO equipo_evento(id_equipo,id_evento) VALUES (5,3);
INSERT INTO equipo_evento(id_equipo,id_evento) VALUES (9,3);
INSERT INTO equipo_evento(id_equipo,id_evento) VALUES (11,3);
INSERT INTO equipo_evento(id_equipo,id_evento) VALUES (15,3);
INSERT INTO equipo_evento(id_equipo,id_evento) VALUES (19,3);
INSERT INTO equipo_evento(id_equipo,id_evento) VALUES (20,3);
INSERT INTO equipo_evento(id_equipo,id_evento) VALUES (21,3);
INSERT INTO equipo_evento(id_equipo,id_evento) VALUES (26,3);
INSERT INTO equipo_evento(id_equipo,id_evento) VALUES (29,3);
INSERT INTO equipo_evento(id_equipo,id_evento) VALUES (31,3);
INSERT INTO equipo_evento(id_equipo,id_evento) VALUES (34,3);
INSERT INTO equipo_evento(id_equipo,id_evento) VALUES (36,3);
INSERT INTO equipo_evento(id_equipo,id_evento) VALUES (38,3);
INSERT INTO equipo_evento(id_equipo,id_evento) VALUES (41,3);
INSERT INTO equipo_evento(id_equipo,id_evento) VALUES (42,3);
INSERT INTO equipo_evento(id_equipo,id_evento) VALUES (44,3);
INSERT INTO equipo_evento(id_equipo,id_evento) VALUES (45,3);
INSERT INTO equipo_evento(id_equipo,id_evento) VALUES (52,3);
INSERT INTO equipo_evento(id_equipo,id_evento) VALUES (54,3);
INSERT INTO equipo_evento(id_equipo,id_evento) VALUES (55,3);
INSERT INTO equipo_evento(id_equipo,id_evento) VALUES (56,3);
INSERT INTO equipo_evento(id_equipo,id_evento) VALUES (58,3);
INSERT INTO equipo_evento(id_equipo,id_evento) VALUES (62,3);
INSERT INTO equipo_evento(id_equipo,id_evento) VALUES (63,3);
INSERT INTO equipo_evento(id_equipo,id_evento) VALUES (64,3);
INSERT INTO equipo_evento(id_equipo,id_evento) VALUES (65,3);
INSERT INTO equipo_evento(id_equipo,id_evento) VALUES (66,3);
INSERT INTO equipo_evento(id_equipo,id_evento) VALUES (67,3);
INSERT INTO equipo_evento(id_equipo,id_evento) VALUES (68,3);
INSERT INTO equipo_evento(id_equipo,id_evento) VALUES (69,3);
INSERT INTO equipo_evento(id_equipo,id_evento) VALUES (70,3);
INSERT INTO equipo_evento(id_equipo,id_evento) VALUES (71,3);
INSERT INTO equipo_evento(id_equipo,id_evento) VALUES (72,3);
INSERT INTO equipo_evento(id_equipo,id_evento) VALUES (73,3);
INSERT INTO equipo_evento(id_equipo,id_evento) VALUES (74,3);
INSERT INTO equipo_evento(id_equipo,id_evento) VALUES (75,3);
INSERT INTO equipo_evento(id_equipo,id_evento) VALUES (76,3);
INSERT INTO equipo_evento(id_equipo,id_evento) VALUES (77,3);
INSERT INTO equipo_evento(id_equipo,id_evento) VALUES (78,3);
INSERT INTO equipo_evento(id_equipo,id_evento) VALUES (79,3);
INSERT INTO equipo_evento(id_equipo,id_evento) VALUES (80,3);
INSERT INTO equipo_evento(id_equipo,id_evento) VALUES (81,3);
INSERT INTO equipo_evento(id_equipo,id_evento) VALUES (82,3);
INSERT INTO equipo_evento(id_equipo,id_evento) VALUES (83,3);
INSERT INTO equipo_evento(id_equipo,id_evento) VALUES (84,3);
INSERT INTO equipo_evento(id_equipo,id_evento) VALUES (85,3);
INSERT INTO equipo_evento(id_equipo,id_evento) VALUES (87,3);
INSERT INTO equipo_evento(id_equipo,id_evento) VALUES (88,3);
INSERT INTO equipo_evento(id_equipo,id_evento) VALUES (89,3);
INSERT INTO equipo_evento(id_equipo,id_evento) VALUES (90,3);
INSERT INTO equipo_evento(id_equipo,id_evento) VALUES (91,3);
INSERT INTO equipo_evento(id_equipo,id_evento) VALUES (92,3);
INSERT INTO equipo_evento(id_equipo,id_evento) VALUES (93,3);
INSERT INTO equipo_evento(id_equipo,id_evento) VALUES (94,3);
INSERT INTO equipo_evento(id_equipo,id_evento) VALUES (95,3);
INSERT INTO equipo_evento(id_equipo,id_evento) VALUES (96,3);
INSERT INTO equipo_evento(id_equipo,id_evento) VALUES (1,4);
INSERT INTO equipo_evento(id_equipo,id_evento) VALUES (2,4);
INSERT INTO equipo_evento(id_equipo,id_evento) VALUES (4,4);
INSERT INTO equipo_evento(id_equipo,id_evento) VALUES (5,4);
INSERT INTO equipo_evento(id_equipo,id_evento) VALUES (9,4);
INSERT INTO equipo_evento(id_equipo,id_evento) VALUES (11,4);
INSERT INTO equipo_evento(id_equipo,id_evento) VALUES (15,4);
INSERT INTO equipo_evento(id_equipo,id_evento) VALUES (19,4);
INSERT INTO equipo_evento(id_equipo,id_evento) VALUES (20,4);
INSERT INTO equipo_evento(id_equipo,id_evento) VALUES (21,4);
INSERT INTO equipo_evento(id_equipo,id_evento) VALUES (26,4);
INSERT INTO equipo_evento(id_equipo,id_evento) VALUES (29,4);
INSERT INTO equipo_evento(id_equipo,id_evento) VALUES (31,4);
INSERT INTO equipo_evento(id_equipo,id_evento) VALUES (34,4);
INSERT INTO equipo_evento(id_equipo,id_evento) VALUES (36,4);
INSERT INTO equipo_evento(id_equipo,id_evento) VALUES (38,4);
INSERT INTO equipo_evento(id_equipo,id_evento) VALUES (41,4);
INSERT INTO equipo_evento(id_equipo,id_evento) VALUES (42,4);
INSERT INTO equipo_evento(id_equipo,id_evento) VALUES (44,4);
INSERT INTO equipo_evento(id_equipo,id_evento) VALUES (45,4);
INSERT INTO equipo_evento(id_equipo,id_evento) VALUES (52,4);
INSERT INTO equipo_evento(id_equipo,id_evento) VALUES (54,4);
INSERT INTO equipo_evento(id_equipo,id_evento) VALUES (55,4);
INSERT INTO equipo_evento(id_equipo,id_evento) VALUES (56,4);
INSERT INTO equipo_evento(id_equipo,id_evento) VALUES (58,4);
INSERT INTO equipo_evento(id_equipo,id_evento) VALUES (62,4);
INSERT INTO equipo_evento(id_equipo,id_evento) VALUES (63,4);
INSERT INTO equipo_evento(id_equipo,id_evento) VALUES (64,4);
INSERT INTO equipo_evento(id_equipo,id_evento) VALUES (65,4);
INSERT INTO equipo_evento(id_equipo,id_evento) VALUES (66,4);
INSERT INTO equipo_evento(id_equipo,id_evento) VALUES (67,4);
INSERT INTO equipo_evento(id_equipo,id_evento) VALUES (68,4);
INSERT INTO equipo_evento(id_equipo,id_evento) VALUES (69,4);
INSERT INTO equipo_evento(id_equipo,id_evento) VALUES (70,4);
INSERT INTO equipo_evento(id_equipo,id_evento) VALUES (71,4);
INSERT INTO equipo_evento(id_equipo,id_evento) VALUES (72,4);
INSERT INTO equipo_evento(id_equipo,id_evento) VALUES (73,4);
INSERT INTO equipo_evento(id_equipo,id_evento) VALUES (74,4);
INSERT INTO equipo_evento(id_equipo,id_evento) VALUES (75,4);
INSERT INTO equipo_evento(id_equipo,id_evento) VALUES (76,4);
INSERT INTO equipo_evento(id_equipo,id_evento) VALUES (77,4);
INSERT INTO equipo_evento(id_equipo,id_evento) VALUES (78,4);
INSERT INTO equipo_evento(id_equipo,id_evento) VALUES (79,4);
INSERT INTO equipo_evento(id_equipo,id_evento) VALUES (80,4);
INSERT INTO equipo_evento(id_equipo,id_evento) VALUES (81,4);
INSERT INTO equipo_evento(id_equipo,id_evento) VALUES (82,4);
INSERT INTO equipo_evento(id_equipo,id_evento) VALUES (83,4);
INSERT INTO equipo_evento(id_equipo,id_evento) VALUES (84,4);
INSERT INTO equipo_evento(id_equipo,id_evento) VALUES (85,4);
INSERT INTO equipo_evento(id_equipo,id_evento) VALUES (87,4);
INSERT INTO equipo_evento(id_equipo,id_evento) VALUES (88,4);
INSERT INTO equipo_evento(id_equipo,id_evento) VALUES (89,4);
INSERT INTO equipo_evento(id_equipo,id_evento) VALUES (90,4);
INSERT INTO equipo_evento(id_equipo,id_evento) VALUES (91,4);
INSERT INTO equipo_evento(id_equipo,id_evento) VALUES (92,4);
INSERT INTO equipo_evento(id_equipo,id_evento) VALUES (93,4);
INSERT INTO equipo_evento(id_equipo,id_evento) VALUES (94,4);
INSERT INTO equipo_evento(id_equipo,id_evento) VALUES (95,4);
INSERT INTO equipo_evento(id_equipo,id_evento) VALUES (96,4);

--Nacionalidades
INSERT INTO nacionalidad(id,gentilicio,nombre_pais) VALUES (1,'Austriaco/a','Austria');
INSERT INTO nacionalidad(id,gentilicio,nombre_pais) VALUES (2,'Frances/a','Francia');
INSERT INTO nacionalidad(id,gentilicio,nombre_pais) VALUES (3,'Portugues/a','Portugal');
INSERT INTO nacionalidad(id,gentilicio,nombre_pais) VALUES (4,'Britanico/a','Gran Bretaña');
INSERT INTO nacionalidad(id,gentilicio,nombre_pais) VALUES (5,'Italiano/a','Italia');
INSERT INTO nacionalidad(id,gentilicio,nombre_pais) VALUES (6,'Danes/a','Dinamarca');
INSERT INTO nacionalidad(id,gentilicio,nombre_pais) VALUES (7,'Mexicano/a','Mexico');
INSERT INTO nacionalidad(id,gentilicio,nombre_pais) VALUES (8,'Aleman/a','Alemania');
INSERT INTO nacionalidad(id,gentilicio,nombre_pais) VALUES (9,'Ruso/a','Rusia');
INSERT INTO nacionalidad(id,gentilicio,nombre_pais) VALUES (10,'Noruego/a','Noruega');
INSERT INTO nacionalidad(id,gentilicio,nombre_pais) VALUES (11,'Brasilero/a','Brasil');
INSERT INTO nacionalidad(id,gentilicio,nombre_pais) VALUES (12,'Español/a','España');
INSERT INTO nacionalidad(id,gentilicio,nombre_pais) VALUES (13,'Finlandes/a','Finlandia');
INSERT INTO nacionalidad(id,gentilicio,nombre_pais) VALUES (14,'Argentino/a','Argentina');
INSERT INTO nacionalidad(id,gentilicio,nombre_pais) VALUES (15,'Suizo/a','Suiza');
INSERT INTO nacionalidad(id,gentilicio,nombre_pais) VALUES (16,'Monegasco/a','Monaco');
INSERT INTO nacionalidad(id,gentilicio,nombre_pais) VALUES (17,'Eslovaco/a','Eslovaquia');
INSERT INTO nacionalidad(id,gentilicio,nombre_pais) VALUES (18,'Sueco/a','Suecia');
INSERT INTO nacionalidad(id,gentilicio,nombre_pais) VALUES (19,'Neerlandes/a','Paises Bajos');
INSERT INTO nacionalidad(id,gentilicio,nombre_pais) VALUES (20,'Canadiense','Canada');
INSERT INTO nacionalidad(id,gentilicio,nombre_pais) VALUES (21,'Escoces/a','Escocia');
INSERT INTO nacionalidad(id,gentilicio,nombre_pais) VALUES (22,'Belga','Belgica');
INSERT INTO nacionalidad(id,gentilicio,nombre_pais) VALUES (23,'Japones/a','Japon');
INSERT INTO nacionalidad(id,gentilicio,nombre_pais) VALUES (24,'Chino/a','China');
INSERT INTO nacionalidad(id,gentilicio,nombre_pais) VALUES (25,'Australiano/a','Australia');
INSERT INTO nacionalidad(id,gentilicio,nombre_pais) VALUES (26,'Irlandes/a','Irlanda');
INSERT INTO nacionalidad(id,gentilicio,nombre_pais) VALUES (27,'Neozelandes/a','Nueva Zelanda');
INSERT INTO nacionalidad(id,gentilicio,nombre_pais) VALUES (28,'Taiwanes/a','Taiwan');
INSERT INTO nacionalidad(id,gentilicio,nombre_pais) VALUES (29,'Turco/a','Turquia');
INSERT INTO nacionalidad(id,gentilicio,nombre_pais) VALUES (30,'Estadounidense','USA');
INSERT INTO nacionalidad(id,gentilicio,nombre_pais) VALUES (31,'Venezolano/a','Venezuela');
INSERT INTO nacionalidad(id,gentilicio,nombre_pais) VALUES (32,'Colombiano/a','Colombia');
INSERT INTO nacionalidad(id,gentilicio,nombre_pais) VALUES (33,'Polaco/a','Polonia');
INSERT INTO nacionalidad(id,gentilicio,nombre_pais) VALUES (34,'Hindu','India');
INSERT INTO nacionalidad(id,gentilicio,nombre_pais) VALUES (35,'Tailandes/a','Tailandia');

--Pilotos
INSERT INTO piloto(id,id_nacionalidad) VALUES (1,'1');
INSERT INTO piloto(id,id_nacionalidad) VALUES (2,'2');
INSERT INTO piloto(id,id_nacionalidad) VALUES (3,'2');
INSERT INTO piloto(id,id_nacionalidad) VALUES (4,'2');
INSERT INTO piloto(id,id_nacionalidad) VALUES (5,'3');
INSERT INTO piloto(id,id_nacionalidad) VALUES (6,'2');
INSERT INTO piloto(id,id_nacionalidad) VALUES (7,'2');
INSERT INTO piloto(id,id_nacionalidad) VALUES (8,'2');
INSERT INTO piloto(id,id_nacionalidad) VALUES (9,'2');
INSERT INTO piloto(id,id_nacionalidad) VALUES (10,'2');
INSERT INTO piloto(id,id_nacionalidad) VALUES (11,'4');
INSERT INTO piloto(id,id_nacionalidad) VALUES (12,'4');
INSERT INTO piloto(id,id_nacionalidad) VALUES (13,'4');
INSERT INTO piloto(id,id_nacionalidad) VALUES (14,'2');
INSERT INTO piloto(id,id_nacionalidad) VALUES (15,'2');
INSERT INTO piloto(id,id_nacionalidad) VALUES (16,'4');
INSERT INTO piloto(id,id_nacionalidad) VALUES (17,'5');
INSERT INTO piloto(id,id_nacionalidad) VALUES (18,'6');
INSERT INTO piloto(id,id_nacionalidad) VALUES (19,'4');
INSERT INTO piloto(id,id_nacionalidad) VALUES (20,'7');
INSERT INTO piloto(id,id_nacionalidad) VALUES (21,'8');
INSERT INTO piloto(id,id_nacionalidad) VALUES (22,'2');
INSERT INTO piloto(id,id_nacionalidad) VALUES (23,'15');
INSERT INTO piloto(id,id_nacionalidad) VALUES (24,'8');
INSERT INTO piloto(id,id_nacionalidad) VALUES (25,'2');
INSERT INTO piloto(id,id_nacionalidad) VALUES (26,'2');
INSERT INTO piloto(id,id_nacionalidad) VALUES (27,'2');
INSERT INTO piloto(id,id_nacionalidad) VALUES (28,'22');
INSERT INTO piloto(id,id_nacionalidad) VALUES (29,'8');
INSERT INTO piloto(id,id_nacionalidad) VALUES (30,'2');
INSERT INTO piloto(id,id_nacionalidad) VALUES (31,'8');
INSERT INTO piloto(id,id_nacionalidad) VALUES (32,'6');
INSERT INTO piloto(id,id_nacionalidad) VALUES (33,'4');
INSERT INTO piloto(id,id_nacionalidad) VALUES (34,'4');
INSERT INTO piloto(id,id_nacionalidad) VALUES (35,'4');
INSERT INTO piloto(id,id_nacionalidad) VALUES (36,'4');
INSERT INTO piloto(id,id_nacionalidad) VALUES (37,'5');
INSERT INTO piloto(id,id_nacionalidad) VALUES (38,'2');
INSERT INTO piloto(id,id_nacionalidad) VALUES (39,'15');
INSERT INTO piloto(id,id_nacionalidad) VALUES (40,'30');
INSERT INTO piloto(id,id_nacionalidad) VALUES (41,'5');
INSERT INTO piloto(id,id_nacionalidad) VALUES (42,'2');
INSERT INTO piloto(id,id_nacionalidad) VALUES (43,'4');
INSERT INTO piloto(id,id_nacionalidad) VALUES (44,'2');
INSERT INTO piloto(id,id_nacionalidad) VALUES (45,'30');
INSERT INTO piloto(id,id_nacionalidad) VALUES (46,'2');
INSERT INTO piloto(id,id_nacionalidad) VALUES (47,'19');
INSERT INTO piloto(id,id_nacionalidad) VALUES (48,'4');
INSERT INTO piloto(id,id_nacionalidad) VALUES (49,'30');
INSERT INTO piloto(id,id_nacionalidad) VALUES (50,'30');
INSERT INTO piloto(id,id_nacionalidad) VALUES (51,'20');
INSERT INTO piloto(id,id_nacionalidad) VALUES (52,'2');
INSERT INTO piloto(id,id_nacionalidad) VALUES (53,'16');
INSERT INTO piloto(id,id_nacionalidad) VALUES (54,'2');
INSERT INTO piloto(id,id_nacionalidad) VALUES (55,'4');
INSERT INTO piloto(id,id_nacionalidad) VALUES (56,'21');
INSERT INTO piloto(id,id_nacionalidad) VALUES (57,'8');
INSERT INTO piloto(id,id_nacionalidad) VALUES (58,'2');
INSERT INTO piloto(id,id_nacionalidad) VALUES (59,'15');
INSERT INTO piloto(id,id_nacionalidad) VALUES (60,'2');
INSERT INTO piloto(id,id_nacionalidad) VALUES (61,'2');
INSERT INTO piloto(id,id_nacionalidad) VALUES (62,'15');
INSERT INTO piloto(id,id_nacionalidad) VALUES (63,'2');
INSERT INTO piloto(id,id_nacionalidad) VALUES (64,'1');
INSERT INTO piloto(id,id_nacionalidad) VALUES (65,'5');
INSERT INTO piloto(id,id_nacionalidad) VALUES (66,'2');
INSERT INTO piloto(id,id_nacionalidad) VALUES (67,'4');
INSERT INTO piloto(id,id_nacionalidad) VALUES (68,'4');
INSERT INTO piloto(id,id_nacionalidad) VALUES (69,'2');
INSERT INTO piloto(id,id_nacionalidad) VALUES (70,'6');
INSERT INTO piloto(id,id_nacionalidad) VALUES (71,'12');
INSERT INTO piloto(id,id_nacionalidad) VALUES (72,'11');
INSERT INTO piloto(id,id_nacionalidad) VALUES (73,'8');
INSERT INTO piloto(id,id_nacionalidad) VALUES (74,'13');
INSERT INTO piloto(id,id_nacionalidad) VALUES (75,'14');
INSERT INTO piloto(id,id_nacionalidad) VALUES (76,'15');
INSERT INTO piloto(id,id_nacionalidad) VALUES (77,'16');
INSERT INTO piloto(id,id_nacionalidad) VALUES (78,'5');
INSERT INTO piloto(id,id_nacionalidad) VALUES (79,'4');
INSERT INTO piloto(id,id_nacionalidad) VALUES (80,'2');
INSERT INTO piloto(id,id_nacionalidad) VALUES (81,'17');
INSERT INTO piloto(id,id_nacionalidad) VALUES (82,'3');
INSERT INTO piloto(id,id_nacionalidad) VALUES (83,'4');
INSERT INTO piloto(id,id_nacionalidad) VALUES (84,'18');
INSERT INTO piloto(id,id_nacionalidad) VALUES (85,'8');
INSERT INTO piloto(id,id_nacionalidad) VALUES (86,'19');
INSERT INTO piloto(id,id_nacionalidad) VALUES (87,'30');
INSERT INTO piloto(id,id_nacionalidad) VALUES (88,'30');
INSERT INTO piloto(id,id_nacionalidad) VALUES (89,'18');
INSERT INTO piloto(id,id_nacionalidad) VALUES (90,'4');
INSERT INTO piloto(id,id_nacionalidad) VALUES (91,'2');
INSERT INTO piloto(id,id_nacionalidad) VALUES (92,'1');
INSERT INTO piloto(id,id_nacionalidad) VALUES (93,'2');
INSERT INTO piloto(id,id_nacionalidad) VALUES (94,'2');
INSERT INTO piloto(id,id_nacionalidad) VALUES (95,'4');
INSERT INTO piloto(id,id_nacionalidad) VALUES (96,'8');
INSERT INTO piloto(id,id_nacionalidad) VALUES (97,'4');
INSERT INTO piloto(id,id_nacionalidad) VALUES (98,'22');
INSERT INTO piloto(id,id_nacionalidad) VALUES (99,'30');
INSERT INTO piloto(id,id_nacionalidad) VALUES (100,'30');
INSERT INTO piloto(id,id_nacionalidad) VALUES (101,'4');
INSERT INTO piloto(id,id_nacionalidad) VALUES (102,'2');
INSERT INTO piloto(id,id_nacionalidad) VALUES (103,'23');
INSERT INTO piloto(id,id_nacionalidad) VALUES (104,'15');
INSERT INTO piloto(id,id_nacionalidad) VALUES (105,'9');
INSERT INTO piloto(id,id_nacionalidad) VALUES (106,'15');
INSERT INTO piloto(id,id_nacionalidad) VALUES (107,'4');
INSERT INTO piloto(id,id_nacionalidad) VALUES (108,'26');
INSERT INTO piloto(id,id_nacionalidad) VALUES (109,'6');
INSERT INTO piloto(id,id_nacionalidad) VALUES (110,'5');
INSERT INTO piloto(id,id_nacionalidad) VALUES (111,'4');
INSERT INTO piloto(id,id_nacionalidad) VALUES (112,'4');
INSERT INTO piloto(id,id_nacionalidad) VALUES (113,'23');
INSERT INTO piloto(id,id_nacionalidad) VALUES (114,'11');
INSERT INTO piloto(id,id_nacionalidad) VALUES (115,'24');
INSERT INTO piloto(id,id_nacionalidad) VALUES (116,'2');
INSERT INTO piloto(id,id_nacionalidad) VALUES (117,'30');
INSERT INTO piloto(id,id_nacionalidad) VALUES (118,'25');
INSERT INTO piloto(id,id_nacionalidad) VALUES (119,'30');
INSERT INTO piloto(id,id_nacionalidad) VALUES (120,'30');
INSERT INTO piloto(id,id_nacionalidad) VALUES (121,'20');
INSERT INTO piloto(id,id_nacionalidad) VALUES (122,'30');
INSERT INTO piloto(id,id_nacionalidad) VALUES (123,'2');
INSERT INTO piloto(id,id_nacionalidad) VALUES (124,'8');
INSERT INTO piloto(id,id_nacionalidad) VALUES (125,'15');
INSERT INTO piloto(id,id_nacionalidad) VALUES (126,'11');
INSERT INTO piloto(id,id_nacionalidad) VALUES (127,'12');
INSERT INTO piloto(id,id_nacionalidad) VALUES (128,'6');
INSERT INTO piloto(id,id_nacionalidad) VALUES (131,'2');
INSERT INTO piloto(id,id_nacionalidad) VALUES (132,'8');
INSERT INTO piloto(id,id_nacionalidad) VALUES (133,'15');
INSERT INTO piloto(id,id_nacionalidad) VALUES (134,'4');
INSERT INTO piloto(id,id_nacionalidad) VALUES (135,'4');
INSERT INTO piloto(id,id_nacionalidad) VALUES (136,'3');
INSERT INTO piloto(id,id_nacionalidad) VALUES (137,'2');
INSERT INTO piloto(id,id_nacionalidad) VALUES (138,'2');
INSERT INTO piloto(id,id_nacionalidad) VALUES (139,'4');
INSERT INTO piloto(id,id_nacionalidad) VALUES (140,'4');
INSERT INTO piloto(id,id_nacionalidad) VALUES (141,'4');
INSERT INTO piloto(id,id_nacionalidad) VALUES (142,'5');
INSERT INTO piloto(id,id_nacionalidad) VALUES (143,'4');
INSERT INTO piloto(id,id_nacionalidad) VALUES (144,'6');
INSERT INTO piloto(id,id_nacionalidad) VALUES (145,'4');
INSERT INTO piloto(id,id_nacionalidad) VALUES (146,'30');
INSERT INTO piloto(id,id_nacionalidad) VALUES (147,'2');
INSERT INTO piloto(id,id_nacionalidad) VALUES (148,'9');
INSERT INTO piloto(id,id_nacionalidad) VALUES (149,'2');
INSERT INTO piloto(id,id_nacionalidad) VALUES (150,'4');
INSERT INTO piloto(id,id_nacionalidad) VALUES (151,'27');
INSERT INTO piloto(id,id_nacionalidad) VALUES (152,'6');
INSERT INTO piloto(id,id_nacionalidad) VALUES (153,'2');
INSERT INTO piloto(id,id_nacionalidad) VALUES (154,'22');
INSERT INTO piloto(id,id_nacionalidad) VALUES (155,'30');
INSERT INTO piloto(id,id_nacionalidad) VALUES (156,'5');
INSERT INTO piloto(id,id_nacionalidad) VALUES (157,'11');
INSERT INTO piloto(id,id_nacionalidad) VALUES (158,'5');
INSERT INTO piloto(id,id_nacionalidad) VALUES (159,'6');
INSERT INTO piloto(id,id_nacionalidad) VALUES (160,'1');
INSERT INTO piloto(id,id_nacionalidad) VALUES (161,'30');
INSERT INTO piloto(id,id_nacionalidad) VALUES (162,'15');
INSERT INTO piloto(id,id_nacionalidad) VALUES (163,'4');
INSERT INTO piloto(id,id_nacionalidad) VALUES (164,'28');
INSERT INTO piloto(id,id_nacionalidad) VALUES (165,'4');
INSERT INTO piloto(id,id_nacionalidad) VALUES (166,'9');
INSERT INTO piloto(id,id_nacionalidad) VALUES (167,'30');
INSERT INTO piloto(id,id_nacionalidad) VALUES (168,'16');
INSERT INTO piloto(id,id_nacionalidad) VALUES (169,'7');
INSERT INTO piloto(id,id_nacionalidad) VALUES (170,'4');
INSERT INTO piloto(id,id_nacionalidad) VALUES (171,'2');
INSERT INTO piloto(id,id_nacionalidad) VALUES (172,'5');
INSERT INTO piloto(id,id_nacionalidad) VALUES (173,'25');
INSERT INTO piloto(id,id_nacionalidad) VALUES (174,'30');
INSERT INTO piloto(id,id_nacionalidad) VALUES (175,'19');
INSERT INTO piloto(id,id_nacionalidad) VALUES (176,'4');
INSERT INTO piloto(id,id_nacionalidad) VALUES (177,'4');
INSERT INTO piloto(id,id_nacionalidad) VALUES (178,'1');
INSERT INTO piloto(id,id_nacionalidad) VALUES (179,'6');
INSERT INTO piloto(id,id_nacionalidad) VALUES (180,'12');
INSERT INTO piloto(id,id_nacionalidad) VALUES (181,'11');
INSERT INTO piloto(id,id_nacionalidad) VALUES (182,'2');
INSERT INTO piloto(id,id_nacionalidad) VALUES (183,'4');
INSERT INTO piloto(id,id_nacionalidad) VALUES (184,'12');
INSERT INTO piloto(id,id_nacionalidad) VALUES (185,'2');
INSERT INTO piloto(id,id_nacionalidad) VALUES (186,'11');
INSERT INTO piloto(id,id_nacionalidad) VALUES (187,'2');
INSERT INTO piloto(id,id_nacionalidad) VALUES (188,'4');
INSERT INTO piloto(id,id_nacionalidad) VALUES (189,'2');
INSERT INTO piloto(id,id_nacionalidad) VALUES (190,'2');
INSERT INTO piloto(id,id_nacionalidad) VALUES (191,'5');
INSERT INTO piloto(id,id_nacionalidad) VALUES (192,'5');
INSERT INTO piloto(id,id_nacionalidad) VALUES (193,'30');
INSERT INTO piloto(id,id_nacionalidad) VALUES (194,'11');
INSERT INTO piloto(id,id_nacionalidad) VALUES (195,'19');
INSERT INTO piloto(id,id_nacionalidad) VALUES (196,'4');
INSERT INTO piloto(id,id_nacionalidad) VALUES (197,'29');
INSERT INTO piloto(id,id_nacionalidad) VALUES (198,'4');
INSERT INTO piloto(id,id_nacionalidad) VALUES (199,'15');
INSERT INTO piloto(id,id_nacionalidad) VALUES (200,'4');
INSERT INTO piloto(id,id_nacionalidad) VALUES (201,'4');
INSERT INTO piloto(id,id_nacionalidad) VALUES (202,'7');
INSERT INTO piloto(id,id_nacionalidad) VALUES (203,'9');
INSERT INTO piloto(id,id_nacionalidad) VALUES (204,'12');
INSERT INTO piloto(id,id_nacionalidad) VALUES (205,'5');
INSERT INTO piloto(id,id_nacionalidad) VALUES (206,'18');
INSERT INTO piloto(id,id_nacionalidad) VALUES (207,'4');
INSERT INTO piloto(id,id_nacionalidad) VALUES (208,'25');
INSERT INTO piloto(id,id_nacionalidad) VALUES (209,'4');
INSERT INTO piloto(id,id_nacionalidad) VALUES (210,'25');
INSERT INTO piloto(id,id_nacionalidad) VALUES (211,'12');
INSERT INTO piloto(id,id_nacionalidad) VALUES (212,'2');
INSERT INTO piloto(id,id_nacionalidad) VALUES (213,'4');
INSERT INTO piloto(id,id_nacionalidad) VALUES (214,'2');
INSERT INTO piloto(id,id_nacionalidad) VALUES (215,'2');
INSERT INTO piloto(id,id_nacionalidad) VALUES (216,'30');
INSERT INTO piloto(id,id_nacionalidad) VALUES (217,'8');
INSERT INTO piloto(id,id_nacionalidad) VALUES (218,'3');
INSERT INTO piloto(id,id_nacionalidad) VALUES (219,'30');
INSERT INTO piloto(id,id_nacionalidad) VALUES (220,'10');
INSERT INTO piloto(id,id_nacionalidad) VALUES (221,'25');
INSERT INTO piloto(id,id_nacionalidad) VALUES (222,'2');
INSERT INTO piloto(id,id_nacionalidad) VALUES (223,'2');
INSERT INTO piloto(id,id_nacionalidad) VALUES (224,'23');
INSERT INTO piloto(id,id_nacionalidad) VALUES (225,'30');
INSERT INTO piloto(id,id_nacionalidad) VALUES (226,'26');
INSERT INTO piloto(id,id_nacionalidad) VALUES (227,'19');
INSERT INTO piloto(id,id_nacionalidad) VALUES (228,'8');
INSERT INTO piloto(id,id_nacionalidad) VALUES (229,'2');
INSERT INTO piloto(id,id_nacionalidad) VALUES (230,'31');
INSERT INTO piloto(id,id_nacionalidad) VALUES (231,'9');
INSERT INTO piloto(id,id_nacionalidad) VALUES (232,'2');
INSERT INTO piloto(id,id_nacionalidad) VALUES (233,'5');
INSERT INTO piloto(id,id_nacionalidad) VALUES (234,'19');
INSERT INTO piloto(id,id_nacionalidad) VALUES (235,'9');
INSERT INTO piloto(id,id_nacionalidad) VALUES (236,'32');
INSERT INTO piloto(id,id_nacionalidad) VALUES (237,'22');
INSERT INTO piloto(id,id_nacionalidad) VALUES (238,'19');
INSERT INTO piloto(id,id_nacionalidad) VALUES (239,'2');
INSERT INTO piloto(id,id_nacionalidad) VALUES (240,'1');
INSERT INTO piloto(id,id_nacionalidad) VALUES (241,'30');
INSERT INTO piloto(id,id_nacionalidad) VALUES (242,'6');
INSERT INTO piloto(id,id_nacionalidad) VALUES (243,'6');
INSERT INTO piloto(id,id_nacionalidad) VALUES (244,'26');
INSERT INTO piloto(id,id_nacionalidad) VALUES (245,'19');
INSERT INTO piloto(id,id_nacionalidad) VALUES (246,'2');
INSERT INTO piloto(id,id_nacionalidad) VALUES (247,'10');
INSERT INTO piloto(id,id_nacionalidad) VALUES (248,'13');
INSERT INTO piloto(id,id_nacionalidad) VALUES (249,'11');
INSERT INTO piloto(id,id_nacionalidad) VALUES (250,'20');
INSERT INTO piloto(id,id_nacionalidad) VALUES (251,'23');
INSERT INTO piloto(id,id_nacionalidad) VALUES (252,'23');
INSERT INTO piloto(id,id_nacionalidad) VALUES (253,'5');
INSERT INTO piloto(id,id_nacionalidad) VALUES (254,'5');
INSERT INTO piloto(id,id_nacionalidad) VALUES (255,'2');
INSERT INTO piloto(id,id_nacionalidad) VALUES (256,'1');
INSERT INTO piloto(id,id_nacionalidad) VALUES (257,'5');
INSERT INTO piloto(id,id_nacionalidad) VALUES (258,'6');
INSERT INTO piloto(id,id_nacionalidad) VALUES (259,'2');
INSERT INTO piloto(id,id_nacionalidad) VALUES (260,'33');
INSERT INTO piloto(id,id_nacionalidad) VALUES (261,'5');
INSERT INTO piloto(id,id_nacionalidad) VALUES (262,'5');
INSERT INTO piloto(id,id_nacionalidad) VALUES (263,'5');
INSERT INTO piloto(id,id_nacionalidad) VALUES (264,'20');
INSERT INTO piloto(id,id_nacionalidad) VALUES (265,'34');
INSERT INTO piloto(id,id_nacionalidad) VALUES (266,'4');
INSERT INTO piloto(id,id_nacionalidad) VALUES (267,'18');
INSERT INTO piloto(id,id_nacionalidad) VALUES (268,'9');
INSERT INTO piloto(id,id_nacionalidad) VALUES (269,'23');
INSERT INTO piloto(id,id_nacionalidad) VALUES (270,'11');
INSERT INTO piloto(id,id_nacionalidad) VALUES (271,'15');
INSERT INTO piloto(id,id_nacionalidad) VALUES (272,'15');
INSERT INTO piloto(id,id_nacionalidad) VALUES (273,'15');
INSERT INTO piloto(id,id_nacionalidad) VALUES (274,'32');
INSERT INTO piloto(id,id_nacionalidad) VALUES (275,'8');
INSERT INTO piloto(id,id_nacionalidad) VALUES (276,'19');
INSERT INTO piloto(id,id_nacionalidad) VALUES (277,'30');
INSERT INTO piloto(id,id_nacionalidad) VALUES (278,'23');
INSERT INTO piloto(id,id_nacionalidad) VALUES (279,'5');
INSERT INTO piloto(id,id_nacionalidad) VALUES (280,'6');
INSERT INTO piloto(id,id_nacionalidad) VALUES (281,'19');
INSERT INTO piloto(id,id_nacionalidad) VALUES (282,'20');
INSERT INTO piloto(id,id_nacionalidad) VALUES (283,'4');
INSERT INTO piloto(id,id_nacionalidad) VALUES (284,'26');
INSERT INTO piloto(id,id_nacionalidad) VALUES (285,'30');
INSERT INTO piloto(id,id_nacionalidad) VALUES (286,'30');
INSERT INTO piloto(id,id_nacionalidad) VALUES (287,'30');
INSERT INTO piloto(id,id_nacionalidad) VALUES (288,'35');
INSERT INTO piloto(id,id_nacionalidad) VALUES (289,'15');
INSERT INTO piloto(id,id_nacionalidad) VALUES (290,'5');
INSERT INTO piloto(id,id_nacionalidad) VALUES (291,'19');
INSERT INTO piloto(id,id_nacionalidad) VALUES (292,'4');
INSERT INTO piloto(id,id_nacionalidad) VALUES (293,'4');
INSERT INTO piloto(id,id_nacionalidad) VALUES (294,'2');
INSERT INTO piloto(id,id_nacionalidad) VALUES (295,'4');
INSERT INTO piloto(id,id_nacionalidad) VALUES (296,'2');
INSERT INTO piloto(id,id_nacionalidad) VALUES (297,'4');
INSERT INTO piloto(id,id_nacionalidad) VALUES (298,'11');
INSERT INTO piloto(id,id_nacionalidad) VALUES (299,'30');
INSERT INTO piloto(id,id_nacionalidad) VALUES (300,'22');
INSERT INTO piloto(id,id_nacionalidad) VALUES (301,'5');
INSERT INTO piloto(id,id_nacionalidad) VALUES (302,'20');
INSERT INTO piloto(id,id_nacionalidad) VALUES (303,'23');
INSERT INTO piloto(id,id_nacionalidad) VALUES (304,'15');
INSERT INTO piloto(id,id_nacionalidad) VALUES (305,'8');
INSERT INTO piloto(id,id_nacionalidad) VALUES (306,'13');
INSERT INTO piloto(id,id_nacionalidad) VALUES (307,'2');
INSERT INTO piloto(id,id_nacionalidad) VALUES (308,'22');

--Update para los TDA
UPDATE piloto SET informacion =('Alexander',NULL,'Wurz',NULL,'15-03-1974',1.86,NULL,NULL,'M') WHERE id= 1 ;
UPDATE piloto SET informacion =('Franck',NULL,'Montagny',NULL,'05-01-1978',NULL,NULL,NULL,'M') WHERE id = 2 ;
UPDATE piloto SET informacion =('Stéphane',NULL,'Sarrazin',NULL,'02-11-1975',NULL,NULL,NULL,'M') WHERE id = 3 ;
UPDATE piloto SET informacion =('Nicolas',NULL,'Minassian',NULL,'28-02-1973',NULL,NULL,NULL,'M') WHERE id = 4 ;
UPDATE piloto SET informacion =('Jose','Pedro','Lamy','Viçoso','20-03-1972',NULL,NULL,NULL,'M') WHERE id = 5 ;
UPDATE piloto SET informacion =('Sébastien','Oliver','Bourdais',NULL,'28-02-1979',1.79,NULL,NULL,'M') WHERE id = 6 ;
UPDATE piloto SET informacion =('Simon',NULL,'Pagenaud',NULL,'18-05-1984',NULL,NULL,NULL,'M') WHERE id = 7 ;
UPDATE piloto SET informacion =('Olivier',NULL,'Panis',NULL,'02-09-1966',NULL,NULL,NULL,'M') WHERE id = 8 ;
UPDATE piloto SET informacion =('Nicolas',NULL,'Lapierre',NULL,'02-04-1984',NULL,NULL,NULL,'M') WHERE id = 9 ;
UPDATE piloto SET informacion =('Loïc',NULL,'Duval',NULL,'12-06-1982',NULL,NULL,NULL,'M') WHERE id = 10 ;
UPDATE piloto SET informacion =('Nigel','Ernest','James','Mansell','08-08-1953',1.80,NULL,NULL,'M') WHERE id = 11 ;
UPDATE piloto SET informacion =('Leo',NULL,'Mansell',NULL,'04-01-1985',NULL,NULL,NULL,'M') WHERE id = 12 ;
UPDATE piloto SET informacion =('Greg',NULL,'Mansell',NULL,'08-11-1987',NULL,NULL,NULL,'M') WHERE id = 13 ;
UPDATE piloto SET informacion =('Soheil',NULL,'Ayari',NULL,'05-04-1970',NULL,NULL,NULL,'M') WHERE id = 14 ;
UPDATE piloto SET informacion =('Didier',NULL,'André',NULL,'03-09-1974',NULL,NULL,NULL,'M') WHERE id = 15 ;
UPDATE piloto SET informacion =('Andrew',NULL,'Meyrick',NULL,'04-09-1985',NULL,NULL,NULL,'M') WHERE id = 16 ;
UPDATE piloto SET informacion =('Reinaldo',NULL,'Capello',NULL,'17-06-1964',NULL,NULL,NULL,'M') WHERE id = 17 ;
UPDATE piloto SET informacion =('Tom',NULL,'Kristensen',NULL,'07-07-1967',1.74,NULL,NULL,'M') WHERE id = 18 ;
UPDATE piloto SET informacion =('Allan',NULL,'McNish',NULL,'29-12-1969',1.65,NULL,NULL,'M') WHERE id = 19 ;
UPDATE piloto SET informacion =('Jose','Andrián','Fernandez','Mier','20-04-1963',1.75,NULL,NULL,'M') WHERE id = 20 ;
UPDATE piloto SET informacion =('Stefan',NULL,'Mucke',NULL,'22-11-1981',NULL,NULL,NULL,'M') WHERE id = 21 ;
UPDATE piloto SET informacion =('Harold',NULL,'Primat',NULL,'12-06-1975',NULL,NULL,NULL,'M') WHERE id = 22 ;
UPDATE piloto SET informacion =('Marcel',NULL,'Fassler',NULL,'27-05-1976',1.78,78,NULL,'M') WHERE id = 23 ;
UPDATE piloto SET informacion =('Andre',NULL,'Lotterer',NULL,'19-11-1981',NULL,NULL,NULL,'M') WHERE id = 24 ;
UPDATE piloto SET informacion =('Benoit',NULL,'Treluyer',NULL,'07-12-1976',NULL,NULL,NULL,'M') WHERE id = 25 ;
UPDATE piloto SET informacion =('Pierre',NULL,'Ragues',NULL,'10-01-1984',NULL,NULL,NULL,'M') WHERE id = 26 ;
UPDATE piloto SET informacion =('Franck',NULL,'Mailleux',NULL,'27-05-1985',NULL,NULL,NULL,'M') WHERE id = 27 ;
UPDATE piloto SET informacion =('Vanina',NULL,'Ickx',NULL,'16-02-1975',NULL,NULL,NULL,'F') WHERE id = 28 ;
UPDATE piloto SET informacion =('Timo',NULL,'Bernhard',NULL,'24-02-1981',NULL,NULL,NULL,'M') WHERE id = 29 ;
UPDATE piloto SET informacion =('Romain',NULL,'Dumas',NULL,'14-12-1977',NULL,NULL,NULL,'M') WHERE id = 30 ;
UPDATE piloto SET informacion =('Mike',NULL,'Rockenfeller',NULL,'31-10-1983',1.75,NULL,NULL,'M') WHERE id = 31 ;
UPDATE piloto SET informacion =('Juan',NULL,'Barazi',NULL,'22-01-1968',NULL,NULL,NULL,'M') WHERE id = 32 ;
UPDATE piloto SET informacion =('Sam',NULL,'Hancock',NULL,'09-01-1980',NULL,NULL,NULL,'M') WHERE id = 33 ;
UPDATE piloto SET informacion =('Darren',NULL,'Turner',NULL,'13-04-1974',NULL,NULL,NULL,'M') WHERE id = 34 ;
UPDATE piloto SET informacion =('Paul',NULL,'Drayson',NULL,'05-03-1960',NULL,NULL,NULL,'M') WHERE id = 35 ;
UPDATE piloto SET informacion =('Jonathan',NULL,'Cocker',NULL,'24-08-1986',NULL,NULL,NULL,'M') WHERE id = 36 ;
UPDATE piloto SET informacion =('Emanuele',NULL,'Pirro',NULL,'12-01-1962',NULL,NULL,NULL,'M') WHERE id = 37 ;
UPDATE piloto SET informacion =('Nicolas',NULL,'Prost',NULL,'18-10-1981',NULL,NULL,NULL,'M') WHERE id = 38 ;
UPDATE piloto SET informacion =('Neel',NULL,'Jani',NULL,'08-12-1983',1.72,63,NULL,'M') WHERE id = 39 ;
UPDATE piloto SET informacion =('Marco','Michael','Andretti',NULL,'13-03-1987',1.73,NULL,NULL,'M') WHERE id = 40 ;
UPDATE piloto SET informacion =('Andrea',NULL,'Belicchi',NULL,'18-09-1976',NULL,NULL,NULL,'M') WHERE id = 41 ;
UPDATE piloto SET informacion =('Jea-Christophe',NULL,'Boullion',NULL,'27-12-1969',NULL,NULL,NULL,'M') WHERE id = 42 ;
UPDATE piloto SET informacion =('Guy',NULL,'Smith',NULL,'12-09-1974',NULL,NULL,NULL,'M') WHERE id = 43 ;
UPDATE piloto SET informacion =('Christophe',NULL,'Bouchut',NULL,'24-09-1966',NULL,NULL,NULL,'M') WHERE id = 44 ;
UPDATE piloto SET informacion =('Scott',NULL,'Tucker',NULL,'29-05-1962',NULL,NULL,NULL,'M') WHERE id = 45 ;
UPDATE piloto SET informacion =('Manuel',NULL,'Rodrigues',NULL,'22-10-1962',NULL,NULL,NULL,'M') WHERE id = 46 ;
UPDATE piloto SET informacion =('Christijan',NULL,'Albers',NULL,'16-04-1979',NULL,NULL,NULL,'M') WHERE id = 47 ;
UPDATE piloto SET informacion =('Oliver',NULL,'Jarvis',NULL,'09-01-1984',NULL,NULL,NULL,'M') WHERE id = 48 ;
UPDATE piloto SET informacion =('Michael',NULL,'Lewis',NULL,'12-11-1959',NULL,NULL,NULL,'M') WHERE id = 49 ;
UPDATE piloto SET informacion =('Bryan',NULL,'Willman',NULL,'22-12-1959',NULL,NULL,NULL,'M') WHERE id = 50 ;
UPDATE piloto SET informacion =('Anthony',NULL,'Burgess',NULL,'22-08-1955',NULL,NULL,NULL,'M') WHERE id = 51 ;
UPDATE piloto SET informacion =('Jacques',NULL,'Nicolet',NULL,'05-04-1956',NULL,NULL,NULL,'M') WHERE id = 52 ;
UPDATE piloto SET informacion =('Richard',NULL,'Hein',NULL,'24-06-1958',NULL,NULL,NULL,'M') WHERE id = 53 ;
UPDATE piloto SET informacion =('Jean-François',NULL,'Yvon',NULL,'24-11-1958',NULL,NULL,NULL,'M') WHERE id = 54 ;
UPDATE piloto SET informacion =('David',NULL,'Brabham',NULL,'05-09-1965',NULL,NULL,NULL,'M') WHERE id = 55 ;
UPDATE piloto SET informacion =('Marino',NULL,'Frachitti',NULL,'07-07-1978',NULL,NULL,NULL,'M') WHERE id = 56 ;
UPDATE piloto SET informacion =('Marco',NULL,'Werner',NULL,'27-04-1966',NULL,NULL,NULL,'M') WHERE id = 57 ;
UPDATE piloto SET informacion =('Marc',NULL,'Rostan',NULL,'30-11-1963',NULL,NULL,NULL,'M') WHERE id = 58 ;
UPDATE piloto SET informacion =('Ralph',NULL,'Meicktry',NULL,'20-03-1972',NULL,NULL,NULL,'M') WHERE id = 59 ;
UPDATE piloto SET informacion =('Julien',NULL,'Canal',NULL,'15-07-1982',NULL,NULL,NULL,'M') WHERE id = 60 ;
UPDATE piloto SET informacion =('Tristan',NULL,'Gommendy',NULL,'05-01-1979',NULL,NULL,NULL,'M') WHERE id = 61 ;
UPDATE piloto SET informacion =('Jonathan',NULL,'Hirschi',NULL,'02-02-1986',NULL,NULL,NULL,'M') WHERE id = 62 ;
UPDATE piloto SET informacion =('David','Andre Jean-Pierre','Zollinger',NULL,'23-10-1982',NULL,NULL,NULL,'M') WHERE id = 63 ;
UPDATE piloto SET informacion =('Richard',NULL,'Lietz',NULL,'17-12-1983',NULL,NULL,NULL,'M') WHERE id = 64 ;
UPDATE piloto SET informacion =('Gianmaria',NULL,'Bruni',NULL,'30-05-1981',NULL,NULL,NULL,'M') WHERE id = 65 ;
UPDATE piloto SET informacion =('Patrick',NULL,'Pilet',NULL,'08-10-1981',NULL,NULL,NULL,'M') WHERE id = 66 ;
UPDATE piloto SET informacion =('Andy','Graham','Priaulx',NULL,'08-08-1974',1.70,NULL,NULL,'M') WHERE id = 67 ;
UPDATE piloto SET informacion =('Richard',NULL,'Westbrook',NULL,'10-07-1975',NULL,NULL,NULL,'M') WHERE id = 68 ;
UPDATE piloto SET informacion =('Olivier',NULL,'Pla',NULL,'22-10-1981',NULL,NULL,NULL,'M') WHERE id = 69 ;
UPDATE piloto SET informacion =('Jan','Ellegaard','Magnussen',NULL,'04-07-1973',1.70,NULL,NULL,'M') WHERE id = 70 ;
UPDATE piloto SET informacion =('Antonio',NULL,'Garcia','Navarro','05-06-1980',NULL,NULL,NULL,'M') WHERE id = 71 ;
UPDATE piloto SET informacion =('Augusto',NULL,'Farfus',NULL,'03-09-1983',NULL,NULL,NULL,'M') WHERE id = 72 ;
UPDATE piloto SET informacion =('Jorg',NULL,'Bergmeister',NULL,'13-02-1976',NULL,NULL,NULL,'M') WHERE id = 73 ;
UPDATE piloto SET informacion =('Toni','Markus','Vilander',NULL,'25-07-1980',NULL,NULL,NULL,'M') WHERE id = 74 ;
UPDATE piloto SET informacion =('Luis',NULL,'Perez','Companc','02-01-1972',NULL,NULL,NULL,'M') WHERE id = 75 ;
UPDATE piloto SET informacion =('Rahel',NULL,'Frey',NULL,'23-02-1986',NULL,NULL,NULL,'F') WHERE id = 76 ;
UPDATE piloto SET informacion =('Olivier',NULL,'Beretta',NULL,'23-11-1969',NULL,NULL,NULL,'M') WHERE id = 77 ;
UPDATE piloto SET informacion =('Giancarlo',NULL,'Fischella',NULL,'14-01-1973',NULL,NULL,NULL,'M') WHERE id = 78 ;
UPDATE piloto SET informacion =('Anthony',NULL,'Davidson',NULL,'18-04-1979',NULL,NULL,NULL,'M') WHERE id = 79 ;
UPDATE piloto SET informacion =('Stéphane','Jean-Marc','Sarrazin',NULL,'02-11-1974',NULL,NULL,NULL,'M') WHERE id = 80 ;
UPDATE piloto SET informacion =('Miroslav',NULL,'Konopka',NULL,'21-01-1962',NULL,NULL,NULL,'M') WHERE id = 81 ;
UPDATE piloto SET informacion =('José','Pedro','Mourão','Lamy','20-03-1972',NULL,NULL,NULL,'M') WHERE id = 82 ;
UPDATE piloto SET informacion =('Oliver','Benjamin','Gavin',NULL,'29-09-1972',NULL,NULL,NULL,'M') WHERE id = 83 ;
UPDATE piloto SET informacion =('Marcel',NULL,'Fässler',NULL,'27-05-1976',1.78,78,NULL,'M') WHERE id = 84 ;
UPDATE piloto SET informacion =('Dirk',NULL,'Muller',NULL,'18-11-1975',NULL,NULL,NULL,'M') WHERE id = 85 ;
UPDATE piloto SET informacion =('Jeroen',NULL,'Bleekemolen',NULL,'23-10-1981',NULL,NULL,NULL,'M') WHERE id = 86 ;
UPDATE piloto SET informacion =('Patrick',NULL,'Long',NULL,'28-07-1981',NULL,NULL,NULL,'M') WHERE id = 87 ;
UPDATE piloto SET informacion =('Tracy','W.','Krohn',NULL,'26-08-1954',NULL,NULL,NULL,'M') WHERE id = 88 ;
UPDATE piloto SET informacion =('Niclas',NULL,'Jonsson',NULL,'04-08-1967',NULL,NULL,NULL,'M') WHERE id = 89 ;
UPDATE piloto SET informacion =('Jonathan',NULL,'Kennard',NULL,'26-06-1985',NULL,NULL,NULL,'M') WHERE id = 90 ;
UPDATE piloto SET informacion =('Emmanuel',NULL,'Collard',NULL,'03-04-1971',NULL,NULL,NULL,'M') WHERE id = 91 ;
UPDATE piloto SET informacion =('Horst Jr',NULL,'Felberymayr',NULL,'30-11-1970',NULL,NULL,NULL,'M') WHERE id = 92 ;
UPDATE piloto SET informacion =('Pierre',NULL,'Thiriet',NULL,'20-04-1998',NULL,NULL,NULL,'M') WHERE id = 93 ;
UPDATE piloto SET informacion =('Frederic',NULL,'Makowiecki',NULL,'22-11-1980',NULL,NULL,NULL,'M') WHERE id = 94 ;
UPDATE piloto SET informacion =('Nicholas',NULL,'Tandy',NULL,'05-11-1984',NULL,NULL,NULL,'M') WHERE id = 95 ;
UPDATE piloto SET informacion =('Christian',NULL,'Ried',NULL,'24-02-1979',NULL,NULL,NULL,'M') WHERE id = 96 ;
UPDATE piloto SET informacion =('Michael','Stewart','Wainwright',NULL,'25-07-1973',NULL,NULL,NULL,'M') WHERE id = 97 ;
UPDATE piloto SET informacion =('Maxime',NULL,'Martin',NULL,'20-03-1986',NULL,NULL,NULL,'M') WHERE id = 98 ;
UPDATE piloto SET informacion =('Tom',NULL,'Milner Jr.',NULL,'28-01-1986',NULL,NULL,NULL,'M') WHERE id = 99 ;
UPDATE piloto SET informacion =('Joey',NULL,'Hand',NULL,'10-02-1979',NULL,NULL,NULL,'M') WHERE id = 100 ;
UPDATE piloto SET informacion =('Johnny',NULL,'Mowlem',NULL,'12-02-1969',NULL,NULL,NULL,'M') WHERE id = 101 ;
UPDATE piloto SET informacion =('Philippe',NULL,'Haezebrouck',NULL,'07-11-1954',NULL,NULL,NULL,'M') WHERE id = 102 ;
UPDATE piloto SET informacion =('Kazuki',NULL,'Nakajima',NULL,'11-01-1995',1.75,62,NULL,'M') WHERE id = 103 ;
UPDATE piloto SET informacion =('Sébastien','Olivier','Buemi',NULL,'31-10-1988',1.72,55,NULL,'M') WHERE id = 104 ;
UPDATE piloto SET informacion =('Roman','Aleksándrovich','Rusinov',NULL,'21-10-1981',NULL,NULL,NULL,'M') WHERE id = 105 ;
UPDATE piloto SET informacion =('Mathias',NULL,'Beche',NULL,'28-06-1986',NULL,NULL,NULL,'M') WHERE id = 106 ;
UPDATE piloto SET informacion =('Alex',NULL,'Brundle',NULL,'07-08-1990',NULL,NULL,NULL,'M') WHERE id = 107 ;
UPDATE piloto SET informacion =('Matthew',NULL,'Griffin',NULL,'01-10-1981',NULL,NULL,NULL,'M') WHERE id = 108 ;
UPDATE piloto SET informacion =('David',NULL,'Heinemeier',NULL,'15-10-1979',NULL,NULL,NULL,'M') WHERE id = 109 ;
UPDATE piloto SET informacion =('Paolo',NULL,'Ruberti',NULL,'22-04-1975',NULL,NULL,NULL,'M') WHERE id = 110 ;
UPDATE piloto SET informacion =('Brendon',NULL,'Hartley',NULL,'10-11-1989',NULL,NULL,NULL,'M') WHERE id = 111 ;
UPDATE piloto SET informacion =('Mike',NULL,'Conway',NULL,'19-08-1983',NULL,NULL,NULL,'M') WHERE id = 112 ;
UPDATE piloto SET informacion =('Kamui',NULL,'Kobayashi',NULL,'13-09-1986',1.70,63,NULL,'M') WHERE id = 113 ;
UPDATE piloto SET informacion =('Bruno',NULL,'Senna','Lali','15-10-1983',1.80,69,NULL,'M') WHERE id = 114 ;
UPDATE piloto SET informacion =('Ho-Ping',NULL,'Tung',NULL,'04-12-1982',1.75,60,NULL,'M') WHERE id = 115;
UPDATE piloto SET informacion =('François',NULL,'Perrodo',NULL,'14-02-1977',NULL,NULL,NULL,'M') WHERE id = 116 ;
UPDATE piloto SET informacion =('Jonathan',NULL,'Bomarito',NULL,'23-01-1982',NULL,NULL,NULL,'M') WHERE id = 117 ;
UPDATE piloto SET informacion =('Ryan',NULL,'Briscoe',NULL,'24-09-1981',NULL,NULL,NULL,'M') WHERE id = 118 ;
UPDATE piloto SET informacion =('Cooper',NULL,'Macneil',NULL,'07-09-1992',1.98,NULL,NULL,'M') WHERE id = 119 ;
UPDATE piloto SET informacion =('Ricky',NULL,'Taylor',NULL,'08-03-1989',NULL,NULL,NULL,'M') WHERE id = 120 ;
UPDATE piloto SET informacion =('Paul',NULL,'Dalla','Lana','02-01-1966',NULL,NULL,NULL,'M') WHERE id = 121 ;
UPDATE piloto SET informacion =('Mark',NULL,'Patterson',NULL,'16-12-1951',NULL,NULL,NULL,'M') WHERE id = 122 ;
UPDATE piloto SET informacion =('Benoit',NULL,'Treluyer',NULL,'07-12-1976',NULL,NULL,NULL,'M') WHERE id = 123 ;
UPDATE piloto SET informacion =('Andres',NULL,'Lotterer',NULL,'19-11-1981',NULL,NULL,NULL,'M') WHERE id = 124 ;
UPDATE piloto SET informacion =('Marcel',NULL,'Fassler',NULL,'27-05-1976',1.78,78,NULL,'M') WHERE id = 125 ;
UPDATE piloto SET informacion =('Lucas','Di','Grassi',NULL,'11-10-1984',NULL,NULL,NULL,'M') WHERE id = 126 ;
UPDATE piloto SET informacion =('Marc',NULL,'Gene',NULL,'29-03-1074',1.73,NULL,NULL,'M') WHERE id = 127 ;
UPDATE piloto SET informacion =('Tom',NULL,'Kristensen',NULL,'07-07-1967',1.74,NULL,NULL,'M') WHERE id = 128 ;
UPDATE piloto SET informacion =('Nicolas',NULL,'Prost',NULL,'18-10-1981',NULL,NULL,NULL,'M') WHERE id = 131 ;
UPDATE piloto SET informacion =('Nick','Lars','Heidfeld',NULL,'10-05-1977',NULL,NULL,NULL,'M') WHERE id = 132 ;
UPDATE piloto SET informacion =('Mathias',NULL,'Beche',NULL,'28-06-1986',NULL,NULL,NULL,'M') WHERE id = 133 ;
UPDATE piloto SET informacion =('Simon',NULL,'Dolan',NULL,'20-05-1969',NULL,NULL,NULL,'M') WHERE id = 134 ;
UPDATE piloto SET informacion =('Harry',NULL,'Tincknell',NULL,'29-10-1991',NULL,NULL,NULL,'M') WHERE id = 135 ;
UPDATE piloto SET informacion =('Filipe','Miguel Delgadinho','Alburquerque',NULL,'13-07-1985',NULL,NULL,NULL,'M') WHERE id =136  ;
UPDATE piloto SET informacion =('Paul-Loup',NULL,'Chatin',NULL,'19-10-1997',NULL,NULL,NULL,'M') WHERE id = 137 ;
UPDATE piloto SET informacion =('Vincent',NULL,'Capillaire',NULL,'04-02-1976',NULL,NULL,NULL,'M') WHERE id = 138 ;
UPDATE piloto SET informacion =('Harry',NULL,'Tincknell',NULL,'29-10-1991',NULL,NULL,NULL,'M') WHERE id = 139 ;
UPDATE piloto SET informacion =('James','Peter','Winslow',NULL,'16-4-1981',NULL,NULL,NULL,'M') WHERE id = 140 ;
UPDATE piloto SET informacion =('Oliver','James','Webb',NULL,'20-03-1991',1.82,68,NULL,'M') WHERE id = 141 ;
UPDATE piloto SET informacion =('Davide',NULL,'Rigon',NULL,'26-8-1986',NULL,NULL,NULL,'M') WHERE id = 142 ;
UPDATE piloto SET informacion =('Sam','Jamie','Bird',NULL,'08-01-1987',1.73,NULL,NULL,'M') WHERE id = 143 ;
UPDATE piloto SET informacion =('Nicki',NULL,'Thiim',NULL,'17-04-1989',1.90,NULL,NULL,'M') WHERE id = 144 ;
UPDATE piloto SET informacion =('Richard',NULL,'Bradley',NULL,'17-08-1991',NULL,NULL,NULL,'M') WHERE id = 145 ;
UPDATE piloto SET informacion =('Matt',NULL,'McMurry',NULL,'24-12-1997',NULL,NULL,NULL,'M') WHERE id = 146 ;
UPDATE piloto SET informacion =('Erik',NULL,'Maris',NULL,'16-02-1964',NULL,NULL,NULL,'M') WHERE id = 147 ;
UPDATE piloto SET informacion =('Mikhail','Petrovich','Aleshin',NULL,'22-05-1987',NULL,NULL,NULL,'M') WHERE id = 148 ;
UPDATE piloto SET informacion =('Nathanael',NULL,'Berthon',NULL,'01-07-1989',NULL,NULL,NULL,'M') WHERE id = 149 ;
UPDATE piloto SET informacion =('James','John','Calado',NULL,'13-06-1989',NULL,NULL,NULL,'M') WHERE id = 150 ;
UPDATE piloto SET informacion =('Earl','Anderson','Bamber',NULL,'09-07-1990',NULL,NULL,NULL,'M') WHERE id = 151 ;
UPDATE piloto SET informacion =('Michael','Klitgaard','Christensen',NULL,'28-08-1990',NULL,NULL,NULL,'M') WHERE id = 152 ;
UPDATE piloto SET informacion =('Kevin',NULL,'Estre',NULL,'28-10-1988',NULL,NULL,NULL,'M') WHERE id = 153 ;
UPDATE piloto SET informacion =('Laurens',NULL,'Vanthoor',NULL,'08-05-1991',NULL,NULL,NULL,'M') WHERE id = 154 ;
UPDATE piloto SET informacion =('Jeffrey',NULL,'Segal',NULL,'27-04-1985',NULL,NULL,NULL,'M') WHERE id = 155 ;
UPDATE piloto SET informacion =('Matteo',NULL,'Cressoni',NULL,'28-10-1984',NULL,NULL,NULL,'M') WHERE id = 156 ;
UPDATE piloto SET informacion =('Luis','Felipe','Derani',NULL,'13-10-1993',1.68,58,NULL,'M') WHERE id = 157 ;
UPDATE piloto SET informacion =('Francesco',NULL,'Castellaci',NULL,'04-04-1987',NULL,NULL,NULL,'M') WHERE id = 158 ;
UPDATE piloto SET informacion =('Marco','L.','Sørensen',NULL,'06-09-1990',1.82,NULL,NULL,'M') WHERE id = 159 ;
UPDATE piloto SET informacion =('Mathias',NULL,'Lauda',NULL,'30-01-1981',NULL,NULL,NULL,'M') WHERE id = 160 ;
UPDATE piloto SET informacion =('Ben',NULL,'Keating',NULL,'18-08-1971',NULL,NULL,NULL,'M') WHERE id = 161 ;
UPDATE piloto SET informacion =('Simon',NULL,'Trummer',NULL,'08-06-1989',NULL,NULL,NULL,'M') WHERE id = 162 ;
UPDATE piloto SET informacion =('Alex',NULL,'Kapadia',NULL,'04-06-1980',NULL,NULL,NULL,'M') WHERE id = 163 ;
UPDATE piloto SET informacion =('Han-Chen',NULL,'Chen',NULL,'10-07-1976',NULL,NULL,NULL,'M') WHERE id = 164 ;
UPDATE piloto SET informacion =('Duncan',NULL,'Cameron',NULL,'29-08-1971',NULL,NULL,NULL,'M') WHERE id = 165 ;
UPDATE piloto SET informacion =('Vitaly',NULL,'Petrol',NULL,'08-09-1984',NULL,NULL,NULL,'M') WHERE id = 166 ;
UPDATE piloto SET informacion =('Gustavo',NULL,'Menezes',NULL,'19-09-1994',NULL,NULL,NULL,'M') WHERE id = 167 ;
UPDATE piloto SET informacion =('Stéphane',NULL,'Richelmi',NULL,'17-03-1990',NULL,NULL,NULL,'M') WHERE id = 168 ;
UPDATE piloto SET informacion =('Guillermo',NULL,'Rojas',NULL,'18-08-1981',1.75,65,NULL,'M') WHERE id = 169 ;
UPDATE piloto SET informacion =('William',NULL,'Stevens',NULL,'28-06-1991',1.73,64,NULL,'M') WHERE id = 170 ;
UPDATE piloto SET informacion =('Andrea',NULL,'Pizzitola',NULL,'19-06-1992',NULL,NULL,NULL,'M') WHERE id = 171 ;
UPDATE piloto SET informacion =('Alessandro',NULL,'Pier','Guidi','18-12-1983',NULL,NULL,NULL,'M') WHERE id = 172 ;
UPDATE piloto SET informacion =('Scott','Ronald','Dixon',NULL,'22-07-1980',NULL,NULL,NULL,'M') WHERE id = 173 ;
UPDATE piloto SET informacion =('William','Ryan','Johnson',NULL,'10-10-1986',1.82,77,NULL,'M') WHERE id = 174 ;
UPDATE piloto SET informacion =('Giedo',NULL,'Van','der Garde','25-04-1985',1.82,73,NULL,'M') WHERE id = 175 ;
UPDATE piloto SET informacion =('Benjamin','WIlliam','Barker',NULL,'23-04-1991',1.95,NULL,NULL,'M') WHERE id = 176 ;
UPDATE piloto SET informacion =('Jonathan',NULL,'Adam',NULL,'04-09-1984',NULL,NULL,NULL,'M') WHERE id = 177 ;
UPDATE piloto SET informacion =('Philip',NULL,'Eng',NULL,'28-02-1990',1.72,NULL,NULL,'M') WHERE id = 178 ;
UPDATE piloto SET informacion =('Mikel','Mac','Jensen',NULL,'18-12-1992',NULL,NULL,NULL,'M') WHERE id = 179 ;
UPDATE piloto SET informacion =('Roberto',NULL,'Merhi','Muntan','22-03-1991',NULL,NULL,NULL,'M') WHERE id = 180 ;
UPDATE piloto SET informacion =('Osvaldo',NULL,'Negri Jr',NULL,'29-05-1964',NULL,NULL,NULL,'M') WHERE id = 181 ;
UPDATE piloto SET informacion =('Timothé',NULL,'Buret',NULL,'31-05-1995',NULL,NULL,NULL,'M') WHERE id = 182 ;
UPDATE piloto SET informacion =('Aaron',NULL,'Scott',NULL,'06-05-1979',NULL,NULL,NULL,'M') WHERE id = 183 ;
UPDATE piloto SET informacion =('Jose','Maria','Lopez',NULL,'26-04-1983',NULL,NULL,NULL,'M') WHERE id = 184 ;
UPDATE piloto SET informacion =('Thomas',NULL,'Laurent',NULL,'05-04-1998',NULL,NULL,NULL,'M') WHERE id = 185 ;
UPDATE piloto SET informacion =('André',NULL,'Negrão',NULL,'17-06-1992',NULL,NULL,NULL,'M') WHERE id = 186 ;
UPDATE piloto SET informacion =('Matthieu',NULL,'Vaxiviere',NULL,'03-12-1994',NULL,NULL,NULL,'M') WHERE id = 187 ;
UPDATE piloto SET informacion =('Phillip',NULL,'Hanson',NULL,'05-07-1999',NULL,NULL,NULL,'M') WHERE id = 188 ;
UPDATE piloto SET informacion =('Paul',NULL,'Lafargue',NULL,'08-07-1988',NULL,NULL,NULL,'M') WHERE id = 189 ;
UPDATE piloto SET informacion =('Jean-Eric',NULL,'Vergne',NULL,'25-04-1990',NULL,NULL,NULL,'M') WHERE id = 190 ;
UPDATE piloto SET informacion =('Roberto',NULL,'Lacorte',NULL,'25-06-1968',NULL,NULL,NULL,'M') WHERE id = 191 ;
UPDATE piloto SET informacion =('Giorgio',NULL,'Sernagiotto',NULL,'28-07-1982',NULL,NULL,NULL,'M') WHERE id = 192 ;
UPDATE piloto SET informacion =('William',NULL,'Owen',NULL,'23-03-1995',NULL,NULL,NULL,'M') WHERE id = 193 ;
UPDATE piloto SET informacion =('Daniel','Gardano','Serra',NULL,'24-03-1984',NULL,NULL,NULL,'M') WHERE id = 194 ;
UPDATE piloto SET informacion =('Frits',NULL,'Van','Eerd','25-06-1967',NULL,NULL,NULL,'M') WHERE id = 195 ;
UPDATE piloto SET informacion =('Robert',NULL,'Smith',NULL,'06-03-1975',NULL,NULL,NULL,'M') WHERE id = 196 ;
UPDATE piloto SET informacion =('Salih',NULL,'Yoluc',NULL,'22-08-1985',NULL,NULL,NULL,'M') WHERE id = 197 ;
UPDATE piloto SET informacion =('Euan',NULL,'Hankey',NULL,'18-03-1987',NULL,NULL,NULL,'M') WHERE id = 198 ;
UPDATE piloto SET informacion =('Thomas',NULL,'Flohr',NULL,'17-03-1960',NULL,NULL,NULL,'M') WHERE id = 199 ;
UPDATE piloto SET informacion =('Alexander','George','Lynn',NULL,'17-09-1993',1.75,67,NULL,'M') WHERE id = 200 ;
UPDATE piloto SET informacion =('Nigel',NULL,'Moore',NULL,'04-01-1992',NULL,NULL,NULL,'M') WHERE id = 201 ;
UPDATE piloto SET informacion =('Roberto',NULL,'Gonzales','Valdez','03-01-1976',NULL,NULL,NULL,'M') WHERE id = 202 ;
UPDATE piloto SET informacion =('Sergey','Olegovich','Sirotkin',NULL,'27-08-1995',NULL,NULL,NULL,'M') WHERE id = 203 ;
UPDATE piloto SET informacion =('Miguel',NULL,'Molina','Gonzalez','17-02-1989',NULL,NULL,NULL,'M') WHERE id = 204 ;
UPDATE piloto SET informacion =('Matteo',NULL,'Cairoli',NULL,'01-06-1996',1.78,NULL,NULL,'M') WHERE id = 205 ;
UPDATE piloto SET informacion =('Henrik',NULL,'Hedman',NULL,'05-02-1968',NULL,NULL,NULL,'M') WHERE id = 206 ;
UPDATE piloto SET informacion =('Bejnamin',NULL,'Hanley',NULL,'22-1-1985',NULL,NULL,NULL,'M') WHERE id = 207 ;
UPDATE piloto SET informacion =('Nick','Jr','Foster',NULL,'13-02-1992',NULL,NULL,NULL,'M') WHERE id = 208 ;
UPDATE piloto SET informacion =('Ross',NULL,'Gunn',NULL,'01-01-1997',NULL,NULL,NULL,'M') WHERE id = 209 ;
UPDATE piloto SET informacion =('James',NULL,'Allen',NULL,'04-07-1996',NULL,NULL,NULL,'M') WHERE id = 210 ;
UPDATE piloto SET informacion =('Fernando',NULL,'Alonso','Diaz','19-07-1981',1.71,NULL,NULL,'M') WHERE id = 211 ;
UPDATE piloto SET informacion =('Gabriel',NULL,'Aubry',NULL,'03-04-1998',NULL,NULL,NULL,'M') WHERE id = 212 ;
UPDATE piloto SET informacion =('Paul',NULL,'Di Resta',NULL,'16-04-1986',1.85,74,NULL,'M') WHERE id = 213 ;
UPDATE piloto SET informacion =('Erwin',NULL,'Creed',NULL,'15-12-1980',NULL,NULL,NULL,'M') WHERE id = 214 ;
UPDATE piloto SET informacion =('Romano',NULL,'Ricci',NULL,'10-05-1978',NULL,NULL,NULL,'M') WHERE id = 215 ;
UPDATE piloto SET informacion =('Nicholas',NULL,'Boulle',NULL,'28-03-1989',NULL,NULL,NULL,'M') WHERE id = 216 ;
UPDATE piloto SET informacion =('Sven',NULL,'Muller',NULL,'07-02-1992',1.81,NULL,NULL,'M') WHERE id = 217 ;
UPDATE piloto SET informacion =('Antonio','Felix','Da Costa',NULL,'31-08-1991',1.74,NULL,NULL,'M') WHERE id = 218 ;
UPDATE piloto SET informacion =('Patrick',NULL,'Lindsey',NULL,'22-04-1982',NULL,NULL,NULL,'M') WHERE id = 219 ;
UPDATE piloto SET informacion =('Egidio',NULL,'Perfetti',NULL,'05-06-1975',NULL,NULL,NULL,'M') WHERE id = 220 ;
UPDATE piloto SET informacion =('Matt',NULL,'Campbell',NULL,'17-02-1993',NULL,NULL,NULL,'M') WHERE id = 221 ;
UPDATE piloto SET informacion =('Julien',NULL,'Andlauer',NULL,'05-07-1999',NULL,NULL,NULL,'M') WHERE id = 222 ;
UPDATE piloto SET informacion =('Côme',NULL,'Ledogar',NULL,'23-05-1991',1.77,NULL,NULL,'M') WHERE id = 223 ;
UPDATE piloto SET informacion =('Motoaki',NULL,'Ishikawa',NULL,'07-04-1967',NULL,NULL,NULL,'M') WHERE id = 224 ;
UPDATE piloto SET informacion =('Edward','Mackay','Cheever III',NULL,'05-06-1993',NULL,NULL,NULL,'M') WHERE id = 225 ;
UPDATE piloto SET informacion =('Charles',NULL,'Eastwood',NULL,'11-08-1995',NULL,NULL,NULL,'M') WHERE id = 226 ;
UPDATE piloto SET informacion =('Nick',NULL,'Catsburg',NULL,'15-02-1988',NULL,NULL,NULL,'M') WHERE id = 227 ;
UPDATE piloto SET informacion =('Martin',NULL,'Tomczyk',NULL,'07-12-1981',1.88,NULL,NULL,'M') WHERE id = 228 ;
UPDATE piloto SET informacion =('Norman',NULL,'Nato',NULL,'08-07-1992',1.77,NULL,NULL,'M') WHERE id = 229 ;
UPDATE piloto SET informacion =('Pastor','Rafael','Maldonado','Motta','09-03-1958',1.73,NULL,NULL,'M') WHERE id = 230 ;
UPDATE piloto SET informacion =('Egor',NULL,'Orudzhev',NULL,'16-10-1995',NULL,NULL,NULL,'M') WHERE id = 231 ;
UPDATE piloto SET informacion =('Tom','Aston','Dillmann',NULL,'06-04-1989',1.77,63,NULL,'M') WHERE id = 232 ;
UPDATE piloto SET informacion =('Giorgio',NULL,'Roda',NULL,'18-03-1994',1.80,67,NULL,'M') WHERE id = 233 ;
UPDATE piloto SET informacion =('Renger',NULL,'Van','Der Zande','16-2-1986',1.77,69,NULL,'M') WHERE id = 234 ;
UPDATE piloto SET informacion =('Matevos',NULL,'Isaakyan',NULL,'17-04-1998',NULL,NULL,NULL,'M') WHERE id = 235 ;
UPDATE piloto SET informacion =('Juan','Pablo','Montoya','Roldan','20-09-1975',NULL,NULL,NULL,'M') WHERE id = 236 ;
UPDATE piloto SET informacion =('Stoffel',NULL,'Vandoorne',NULL,'26-03-1962',1.76,65,NULL,'M') WHERE id = 237 ;
UPDATE piloto SET informacion =('Job','Van','Uitert',NULL,'10-10-1998',NULL,NULL,NULL,'M') WHERE id = 238 ;
UPDATE piloto SET informacion =('Nicolas',NULL,'Jamin',NULL,'05-12-1995',NULL,NULL,NULL,'M') WHERE id = 239 ;
UPDATE piloto SET informacion =('Rene',NULL,'Binder',NULL,'01-01-1992',NULL,NULL,NULL,'M') WHERE id = 240 ;
UPDATE piloto SET informacion =('John',NULL,'Falb',NULL,'13-12-1971',NULL,NULL,NULL,'M') WHERE id = 241 ;
UPDATE piloto SET informacion =('Anders',NULL,'Fjordbach',NULL,'04-11-1990',NULL,NULL,NULL,'M') WHERE id = 242 ;
UPDATE piloto SET informacion =('Dennis',NULL,'Andersen',NULL,'22-06-1974',NULL,NULL,NULL,'M') WHERE id = 243 ;
UPDATE piloto SET informacion =('Ryan',NULL,'Cullen',NULL,'26-03-1991',NULL,NULL,NULL,'M') WHERE id = 244 ;
UPDATE piloto SET informacion =('Nyck',NULL,'De  Vries',NULL,'06-02-1995',NULL,NULL,NULL,'M') WHERE id = 245 ;
UPDATE piloto SET informacion =('Mathieu',NULL,'Jaminet',NULL,'24-10-1994',NULL,NULL,NULL,'M') WHERE id = 246 ;
UPDATE piloto SET informacion =('Dennis',NULL,'Olsen',NULL,'14-04-1996',NULL,NULL,NULL,'M') WHERE id = 247 ;
UPDATE piloto SET informacion =('Jesse',NULL,'Krohn',NULL,'30-09-1990',1.80,72,NULL,'M') WHERE id = 248 ;
UPDATE piloto SET informacion =('Rodrigo',NULL,'Baptista',NULL,'13-09-1996',NULL,NULL,NULL,'M') WHERE id = 249 ;
UPDATE piloto SET informacion =('Wei',NULL,'Lu',NULL,'06-11-1986',NULL,NULL,NULL,'M') WHERE id = 250 ;
UPDATE piloto SET informacion =('Takeshi',NULL,'Kimura',NULL,'22-10-1970',NULL,NULL,NULL,'M') WHERE id = 251 ;
UPDATE piloto SET informacion =('Kei','Francesco','Cozzolino',NULL,'09-11-1987',NULL,NULL,NULL,'M') WHERE id = 252 ;
UPDATE piloto SET informacion =('Louis',NULL,'Prette',NULL,'31-07-1998',NULL,NULL,NULL,'M') WHERE id = 253 ;
UPDATE piloto SET informacion =('Philippe',NULL,'Prette',NULL,'19-03-1964',NULL,NULL,NULL,'M') WHERE id = 254 ;
UPDATE piloto SET informacion =('Vincent',NULL,'Abril',NULL,'01-03-1995',NULL,NULL,NULL,'M') WHERE id = 255 ;
UPDATE piloto SET informacion =('Thomas',NULL,'Preining',NULL,'21-07-1998',NULL,NULL,NULL,'M') WHERE id = 256 ;
UPDATE piloto SET informacion =('Manuela',NULL,'Gostner',NULL,'19-05-1984',NULL,NULL,NULL,'F') WHERE id = 257 ;
UPDATE piloto SET informacion =('Michelle',NULL,'Gatting',NULL,'31-12-1993',NULL,NULL,NULL,'F') WHERE id = 258 ;
UPDATE piloto SET informacion =('Jules',NULL,'Gounon',NULL,'31-12-1994',NULL,NULL,NULL,'M') WHERE id = 259 ;
UPDATE piloto SET informacion =('Jakub',NULL,'Smiechowski',NULL,'11-10-1991',NULL,NULL,NULL,'M') WHERE id = 260 ;
UPDATE piloto SET informacion =('Claudio',NULL,'Schiavoni',NULL,'14-11-1960',NULL,NULL,NULL,'M') WHERE id = 261 ;
UPDATE piloto SET informacion =('Sergio',NULL,'Pianezzola',NULL,'28-07-1970',NULL,NULL,NULL,'M') WHERE id = 262 ;
UPDATE piloto SET informacion =('Andrea',NULL,'Piccini',NULL,'12-12-1978',NULL,NULL,NULL,'M') WHERE id = 263 ;
UPDATE piloto SET informacion =('John',NULL,'Farano',NULL,'08-12-1959',NULL,NULL,NULL,'M') WHERE id = 264 ;
UPDATE piloto SET informacion =('Arjun',NULL,'Maini',NULL,'10-12-1997',NULL,NULL,NULL,'M') WHERE id = 265 ;
UPDATE piloto SET informacion =('Jordan',NULL,'King',NULL,'26-02-1964',NULL,NULL,NULL,'M') WHERE id = 266 ;
UPDATE piloto SET informacion =('Henning',NULL,'Enqvist',NULL,'04-04-1994',NULL,NULL,NULL,'M') WHERE id = 267 ;
UPDATE piloto SET informacion =('Konstantin',NULL,'Tereschenko',NULL,'17-06-1994',NULL,NULL,NULL,'M') WHERE id = 268 ;
UPDATE piloto SET informacion =('Satoshi',NULL,'Hoshino',NULL,'07-04-1961',NULL,NULL,NULL,'M') WHERE id = 269 ;
UPDATE piloto SET informacion =('Felipe',NULL,'Fraga',NULL,'30-07-1995',NULL,NULL,NULL,'M') WHERE id = 270 ;
UPDATE piloto SET informacion =('Louis',NULL,'Delétraz',NULL,'22-04-1997',NULL,NULL,NULL,'M') WHERE id = 271 ;
UPDATE piloto SET informacion =('Antonin',NULL,'Borga',NULL,'21-08-1987',NULL,NULL,NULL,'M') WHERE id = 272 ;
UPDATE piloto SET informacion =('Alexandre',NULL,'Coigny',NULL,'17-09-1975',NULL,NULL,NULL,'M') WHERE id = 273 ;
UPDATE piloto SET informacion =('Tatiana',NULL,'Calderon','Noguera','10-03-1993',NULL,NULL,NULL,'F') WHERE id = 274 ;
UPDATE piloto SET informacion =('Sophia',NULL,'Flörsch',NULL,'01-12-2000',NULL,NULL,NULL,'F') WHERE id = 275 ;
UPDATE piloto SET informacion =('Beitske',NULL,'Visser',NULL,'10-03-1995',NULL,NULL,NULL,'F') WHERE id = 276 ;
UPDATE piloto SET informacion =('Kyle',NULL,'Tiller',NULL,'16-02-1988',NULL,NULL,NULL,'M') WHERE id = 277 ;
UPDATE piloto SET informacion =('Nobuya',NULL,'Yamanaka',NULL,'13-02-1960',NULL,NULL,NULL,'M') WHERE id = 278 ;
UPDATE piloto SET informacion =('Riccardo',NULL,'Pera',NULL,'04-07-1999',NULL,NULL,NULL,'M') WHERE id = 279 ;
UPDATE piloto SET informacion =('Nicklas',NULL,'Nielsen',NULL,'06-02-1997',NULL,NULL,NULL,'M') WHERE id = 280 ;
UPDATE piloto SET informacion =('Larry',NULL,'Ten','Voorde','02-10-1996',NULL,NULL,NULL,'M') WHERE id = 281 ;
UPDATE piloto SET informacion =('Garret',NULL,'Grist',NULL,'09-04-1995',NULL,NULL,NULL,'M') WHERE id = 282 ;
UPDATE piloto SET informacion =('Anthony',NULL,'Wells',NULL,'13-09-1964',NULL,NULL,NULL,'M') WHERE id = 283 ;
UPDATE piloto SET informacion =('Andrew',NULL,'Watson',NULL,'21-01-1995',NULL,NULL,NULL,'M') WHERE id = 284 ;
UPDATE piloto SET informacion =('Richard',NULL,'Heistand',NULL,'14-07-1983',NULL,NULL,NULL,'M') WHERE id = 285 ;
UPDATE piloto SET informacion =('Maxwell',NULL,'Root',NULL,'15-02-1999',NULL,NULL,NULL,'M') WHERE id = 286 ;
UPDATE piloto SET informacion =('Francesco',NULL,'Piovanetti',NULL,'01-01-1975',NULL,NULL,NULL,'M') WHERE id = 287 ;
UPDATE piloto SET informacion =('Vutthikorn',NULL,'Inthraphuvasak',NULL,'14-11-1974',NULL,NULL,NULL,'M') WHERE id = 288 ;
UPDATE piloto SET informacion =('Lucas',NULL,'Légeret',NULL,'20-05-2001',NULL,NULL,NULL,'M') WHERE id = 289 ;
UPDATE piloto SET informacion =('Michele',NULL,'Beretta',NULL,'22-10-1994',NULL,NULL,NULL,'M') WHERE id = 290 ;
UPDATE piloto SET informacion =('Maxwell',NULL,'Van','Splunteren','29-01-1996',NULL,NULL,NULL,'M') WHERE id = 291 ;
UPDATE piloto SET informacion =('Bonamy',NULL,'Grimes',NULL,'05-09-1971',NULL,NULL,NULL,'M') WHERE id = 292 ;
UPDATE piloto SET informacion =('Charlie',NULL,'Hollings',NULL,'23-06-1982',NULL,NULL,NULL,'M') WHERE id = 293 ;
UPDATE piloto SET informacion =('Julien',NULL,'Piguet',NULL,'22-01-1983',NULL,NULL,NULL,'M') WHERE id = 294 ;
UPDATE piloto SET informacion =('Andrea',NULL,'Laskaratos',NULL,'09-06-1986',NULL,NULL,NULL,'M') WHERE id = 295 ;
UPDATE piloto SET informacion =('Charles',NULL,'Milesi',NULL,'04-03-2001',NULL,NULL,NULL,'M') WHERE id = 296 ;
UPDATE piloto SET informacion =('Tom',NULL,'Blomqvist',NULL,'30-11-1993',NULL,NULL,NULL,'M') WHERE id = 297 ;
UPDATE piloto SET informacion =('Marcos',NULL,'Gomes',NULL,'26-07-1984',NULL,NULL,NULL,'M') WHERE id = 298 ;
UPDATE piloto SET informacion =('Dominique',NULL,'Bastien',NULL,'25-11-1945',NULL,NULL,NULL,'M') WHERE id = 299 ;
UPDATE piloto SET informacion =('Adrien',NULL,'De Leener',NULL,'10-06-1989',NULL,NULL,NULL,'M') WHERE id = 300 ;
UPDATE piloto SET informacion =('Rino',NULL,'Mastronardi',NULL,'14-11-1969',NULL,NULL,NULL,'M') WHERE id = 301 ;
UPDATE piloto SET informacion =('Bruno',NULL,'Spengler',NULL,'23-08-1983',NULL,NULL,NULL,'M') WHERE id = 302 ;
UPDATE piloto SET informacion =('Kenta',NULL,'Yamashita',NULL,'03-08-1995',NULL,NULL,NULL,'M') WHERE id = 303 ;
UPDATE piloto SET informacion =('Christoph',NULL,'Ulrich',NULL,'26-03-1972',NULL,NULL,NULL,'M') WHERE id = 304 ;
UPDATE piloto SET informacion =('Steffen',NULL,'Görig',NULL,'17-03-1969',NULL,NULL,NULL,'M') WHERE id = 305 ;
UPDATE piloto SET informacion =('Alexander',NULL,'West',NULL,'07-11-1965',NULL,NULL,NULL,'M') WHERE id = 306 ;
UPDATE piloto SET informacion =('Adrien',NULL,'Tambay',NULL,'25-02-1991',NULL,NULL,NULL,'M') WHERE id = 307 ;
UPDATE piloto SET informacion =('Christophe',NULL,'d''Ansermbourg',NULL,'8-1-1963',NULL,NULL,NULL,'M') WHERE id = 308 ;
UPDATE piloto SET idiomas =Array['Ingles'] WHERE id = 1 ;
UPDATE piloto SET idiomas =Array['Frances','Ingles'] WHERE id = 2 ;
UPDATE piloto SET idiomas =Array['Frances','Ingles'] WHERE id = 3 ;
UPDATE piloto SET idiomas =Array['Frances','Ingles'] WHERE id = 4 ;
UPDATE piloto SET idiomas =Array['Portugues','Ingles'] WHERE id = 5 ;
UPDATE piloto SET idiomas =Array['Frances','Ingles'] WHERE id = 6 ;
UPDATE piloto SET idiomas =Array['Frances','Ingles'] WHERE id = 7 ;
UPDATE piloto SET idiomas =Array['Frances','Ingles'] WHERE id = 8 ;
UPDATE piloto SET idiomas =Array['Frances','Ingles'] WHERE id = 9 ;
UPDATE piloto SET idiomas =Array['Frances','Ingles'] WHERE id = 10 ;
UPDATE piloto SET idiomas =Array['Ingles'] WHERE id = 11 ;
UPDATE piloto SET idiomas =Array['Ingles'] WHERE id = 12 ;
UPDATE piloto SET idiomas =Array['Ingles'] WHERE id = 13 ;
UPDATE piloto SET idiomas =Array['Frances','Ingles'] WHERE id = 14 ;
UPDATE piloto SET idiomas =Array['Frances','Ingles'] WHERE id = 15 ;
UPDATE piloto SET idiomas =Array['Ingles'] WHERE id = 16 ;
UPDATE piloto SET idiomas =Array['Italiano','Ingles'] WHERE id = 17 ;
UPDATE piloto SET idiomas =Array['Danés','Ingles'] WHERE id = 18 ;
UPDATE piloto SET idiomas =Array['Ingles'] WHERE id = 19 ;
UPDATE piloto SET idiomas =Array['Español','Ingles'] WHERE id = 20 ;
UPDATE piloto SET idiomas =Array['Aleman','Ingles'] WHERE id = 21 ;
UPDATE piloto SET idiomas =Array['Frances','Ingles'] WHERE id = 22 ;
UPDATE piloto SET idiomas =Array['Aleman','Ingles'] WHERE id = 23 ;
UPDATE piloto SET idiomas =Array['Aleman','Ingles'] WHERE id = 24 ;
UPDATE piloto SET idiomas =Array['Frances','Ingles'] WHERE id = 25 ;
UPDATE piloto SET idiomas =Array['Frances','Ingles'] WHERE id = 26 ;
UPDATE piloto SET idiomas =Array['Frances','Ingles'] WHERE id = 27 ;
UPDATE piloto SET idiomas =Array['Aleman','Frances','Ingles'] WHERE id = 28 ;
UPDATE piloto SET idiomas =Array['Aleman','Ingles'] WHERE id = 29 ;
UPDATE piloto SET idiomas =Array['Frances','Ingles'] WHERE id = 30 ;
UPDATE piloto SET idiomas =Array['Aleman','Ingles'] WHERE id = 31 ;
UPDATE piloto SET idiomas =Array['Danés','Ingles'] WHERE id = 32 ;
UPDATE piloto SET idiomas =Array['Ingles'] WHERE id = 33 ;
UPDATE piloto SET idiomas =Array['Ingles'] WHERE id = 34 ;
UPDATE piloto SET idiomas =Array['Ingles'] WHERE id = 35 ;
UPDATE piloto SET idiomas =Array['Ingles'] WHERE id = 36 ;
UPDATE piloto SET idiomas =Array['Italiano','Ingles'] WHERE id = 37 ;
UPDATE piloto SET idiomas =Array['Frances','Ingles'] WHERE id = 38 ;
UPDATE piloto SET idiomas =Array['Aleman','Ingles'] WHERE id = 39 ;
UPDATE piloto SET idiomas =Array['Ingles'] WHERE id = 40 ;
UPDATE piloto SET idiomas =Array['Italiano','Ingles'] WHERE id = 41 ;
UPDATE piloto SET idiomas =Array['Frances','Ingles'] WHERE id = 42 ;
UPDATE piloto SET idiomas =Array['Ingles'] WHERE id = 43 ;
UPDATE piloto SET idiomas =Array['Frances','Ingles'] WHERE id = 44 ;
UPDATE piloto SET idiomas =Array['Ingles'] WHERE id = 45 ;
UPDATE piloto SET idiomas =Array['Frances','Ingles'] WHERE id = 46 ;
UPDATE piloto SET idiomas =Array['Neerlandes','Ingles'] WHERE id = 47 ;
UPDATE piloto SET idiomas =Array['Ingles'] WHERE id = 48 ;
UPDATE piloto SET idiomas =Array['Ingles'] WHERE id = 49 ;
UPDATE piloto SET idiomas =Array['Ingles'] WHERE id = 50 ;
UPDATE piloto SET idiomas =Array['Ingles'] WHERE id = 51 ;
UPDATE piloto SET idiomas =Array['Frances','Ingles'] WHERE id = 52 ;
UPDATE piloto SET idiomas =Array['Frances','Ingles'] WHERE id = 53 ;
UPDATE piloto SET idiomas =Array['Frances','Ingles'] WHERE id = 54 ;
UPDATE piloto SET idiomas =Array['Ingles'] WHERE id = 55 ;
UPDATE piloto SET idiomas =Array['Ingles'] WHERE id = 56 ;
UPDATE piloto SET idiomas =Array['Aleman','Ingles'] WHERE id = 57 ;
UPDATE piloto SET idiomas =Array['Frances','Ingles'] WHERE id = 58 ;
UPDATE piloto SET idiomas =Array['Aleman','Ingles'] WHERE id = 59 ;
UPDATE piloto SET idiomas =Array['Frances','Ingles'] WHERE id = 60 ;
UPDATE piloto SET idiomas =Array['Frances','Ingles'] WHERE id = 61 ;
UPDATE piloto SET idiomas =Array['Aleman','Ingles'] WHERE id = 62 ;
UPDATE piloto SET idiomas =Array['Frances','Ingles'] WHERE id = 63 ;
UPDATE piloto SET idiomas =Array['Aleman','Ingles'] WHERE id = 64 ;
UPDATE piloto SET idiomas =Array['Italiano','Ingles'] WHERE id = 65 ;
UPDATE piloto SET idiomas =Array['Frances','Ingles'] WHERE id =66  ;
UPDATE piloto SET idiomas =Array['Ingles'] WHERE id = 67 ;
UPDATE piloto SET idiomas =Array['Ingles'] WHERE id = 68 ;
UPDATE piloto SET idiomas =Array['Frances','Ingles'] WHERE id = 69 ;
UPDATE piloto SET idiomas =Array['Danes','Ingles'] WHERE id = 70 ;
UPDATE piloto SET idiomas =Array['Español','Ingles'] WHERE id = 71 ;
UPDATE piloto SET idiomas =Array['Portugues','Ingles'] WHERE id = 72 ;
UPDATE piloto SET idiomas =Array['Aleman','Ingles'] WHERE id = 73 ;
UPDATE piloto SET idiomas =Array['Fines','Sueco','Ingles'] WHERE id = 74 ;
UPDATE piloto SET idiomas =Array['Español','Ingles'] WHERE id = 75 ;
UPDATE piloto SET idiomas =Array['Aleman','Ingles'] WHERE id = 76 ;
UPDATE piloto SET idiomas =Array['Frances','Ingles'] WHERE id = 77 ;
UPDATE piloto SET idiomas =Array['Italiano','Ingles'] WHERE id = 78 ;
UPDATE piloto SET idiomas =Array['Ingles'] WHERE id = 79 ;
UPDATE piloto SET idiomas =Array['Frances','Ingles'] WHERE id = 80 ;
UPDATE piloto SET idiomas =Array['Eslovaco','Ingles'] WHERE id = 81 ;
UPDATE piloto SET idiomas =Array['Portugues','Ingles'] WHERE id = 82 ;
UPDATE piloto SET idiomas =Array['Ingles'] WHERE id = 83 ;
UPDATE piloto SET idiomas =Array['Sueco','Ingles'] WHERE id = 84 ;
UPDATE piloto SET idiomas =Array['Aleman','Ingles'] WHERE id = 85 ;
UPDATE piloto SET idiomas =Array['Neerlandes','Ingles'] WHERE id = 86 ;
UPDATE piloto SET idiomas =Array['Ingles'] WHERE id = 87 ;
UPDATE piloto SET idiomas =Array['Ingles'] WHERE id = 88 ;
UPDATE piloto SET idiomas =Array['Sueco','Ingles'] WHERE id = 89 ;
UPDATE piloto SET idiomas =Array['Ingles'] WHERE id = 90 ;
UPDATE piloto SET idiomas =Array['Frances','Ingles'] WHERE id = 91 ;
UPDATE piloto SET idiomas =Array['Aleman','Ingles'] WHERE id = 92 ;
UPDATE piloto SET idiomas =Array['Frances','Ingles'] WHERE id = 93 ;
UPDATE piloto SET idiomas =Array['Frances','Ingles'] WHERE id = 94 ;
UPDATE piloto SET idiomas =Array['Ingles'] WHERE id = 95 ;
UPDATE piloto SET idiomas =Array['Aleman','Ingles'] WHERE id = 96 ;
UPDATE piloto SET idiomas =Array['Ingles'] WHERE id = 97 ;
UPDATE piloto SET idiomas =Array['Aleman','Frances','Ingles'] WHERE id = 98 ;
UPDATE piloto SET idiomas =Array['Ingles'] WHERE id = 99 ;
UPDATE piloto SET idiomas =Array['Ingles'] WHERE id = 100 ;
UPDATE piloto SET idiomas =Array['Ingles'] WHERE id = 101 ;
UPDATE piloto SET idiomas =Array['Frances','Ingles'] WHERE id = 102 ;
UPDATE piloto SET idiomas =Array['Japones','Ingles'] WHERE id = 103 ;
UPDATE piloto SET idiomas =Array['Aleman','Ingles'] WHERE id = 104 ;
UPDATE piloto SET idiomas =Array['Ruso','Ingles'] WHERE id = 105 ;
UPDATE piloto SET idiomas =Array['Aleman','Ingles'] WHERE id = 106 ;
UPDATE piloto SET idiomas =Array['Ingles'] WHERE id = 107 ;
UPDATE piloto SET idiomas =Array['Irlandes','Ingles'] WHERE id = 108 ;
UPDATE piloto SET idiomas =Array['Danes','Ingles'] WHERE id = 109 ;
UPDATE piloto SET idiomas =Array['Italiano','Ingles'] WHERE id = 110 ;
UPDATE piloto SET idiomas =Array['Ingles'] WHERE id = 111 ;
UPDATE piloto SET idiomas =Array['Ingles'] WHERE id = 112 ;
UPDATE piloto SET idiomas =Array['Japones','Ingles'] WHERE id = 113 ;
UPDATE piloto SET idiomas =Array['Portugues','Ingles'] WHERE id = 114 ;
UPDATE piloto SET idiomas =Array['Chino','Ingles'] WHERE id = 115 ;
UPDATE piloto SET idiomas =Array['Frances','Ingles'] WHERE id = 116 ;
UPDATE piloto SET idiomas =Array['Ingles'] WHERE id = 117 ;
UPDATE piloto SET idiomas =Array['Ingles'] WHERE id = 118 ;
UPDATE piloto SET idiomas =Array['Ingles'] WHERE id = 119 ;
UPDATE piloto SET idiomas =Array['Ingles'] WHERE id = 120 ;
UPDATE piloto SET idiomas =Array['Frances','Ingles'] WHERE id = 121 ;
UPDATE piloto SET idiomas =Array['Ingles','Africano'] WHERE id = 122 ;
UPDATE piloto SET idiomas =Array['Frances','Ingles'] WHERE id = 123 ;
UPDATE piloto SET idiomas =Array['Aleman','Ingles'] WHERE id = 124 ;
UPDATE piloto SET idiomas =Array['Aleman','Ingles'] WHERE id = 125 ;
UPDATE piloto SET idiomas =Array['Portugues','Ingles'] WHERE id = 126 ;
UPDATE piloto SET idiomas =Array['Español','Ingles'] WHERE id = 127 ;
UPDATE piloto SET idiomas =Array['Danés','Ingles'] WHERE id = 128 ;
UPDATE piloto SET idiomas =Array['Frances','Ingles'] WHERE id = 131 ;
UPDATE piloto SET idiomas =Array['Aleman','Ingles'] WHERE id = 132 ;
UPDATE piloto SET idiomas =Array['Aleman','Ingles'] WHERE id = 133 ;
UPDATE piloto SET idiomas =Array['Ingles'] WHERE id = 134 ;
UPDATE piloto SET idiomas =Array['Ingles'] WHERE id = 135 ;
UPDATE piloto SET idiomas =Array['Portugues','Ingles'] WHERE id = 136 ;
UPDATE piloto SET idiomas =Array['Frances','Ingles'] WHERE id = 137 ;
UPDATE piloto SET idiomas =Array['Frances','Ingles'] WHERE id = 138 ;
UPDATE piloto SET idiomas =Array['Ingles'] WHERE id = 139 ;
UPDATE piloto SET idiomas =Array['Ingles'] WHERE id = 140 ;
UPDATE piloto SET idiomas =Array['Ingles'] WHERE id = 141 ;
UPDATE piloto SET idiomas =Array['Italiano','Ingles'] WHERE id = 142 ;
UPDATE piloto SET idiomas =Array['Ingles'] WHERE id = 143 ;
UPDATE piloto SET idiomas =Array['Danés','Ingles'] WHERE id = 144 ;
UPDATE piloto SET idiomas =Array['Ingles'] WHERE id = 145 ;
UPDATE piloto SET idiomas =Array['Ingles'] WHERE id = 146 ;
UPDATE piloto SET idiomas =Array['Frances','Ingles'] WHERE id = 147 ;
UPDATE piloto SET idiomas =Array['Ruso','Ingles'] WHERE id = 148 ;
UPDATE piloto SET idiomas =Array['Frances','Ingles'] WHERE id = 149 ;
UPDATE piloto SET idiomas =Array['Ingles'] WHERE id = 150 ;
UPDATE piloto SET idiomas =Array['Ingles'] WHERE id = 151 ;
UPDATE piloto SET idiomas =Array['Danes','Ingles'] WHERE id = 152 ;
UPDATE piloto SET idiomas =Array['Frances','Ingles'] WHERE id = 153 ;
UPDATE piloto SET idiomas =Array['Aleman','Frances','Ingles'] WHERE id = 154 ;
UPDATE piloto SET idiomas =Array['Ingles'] WHERE id = 155 ;
UPDATE piloto SET idiomas =Array['Italiano','Ingles'] WHERE id = 156 ;
UPDATE piloto SET idiomas =Array['Portugues','Ingles'] WHERE id = 157 ;
UPDATE piloto SET idiomas =Array['Italiano','Ingles'] WHERE id = 158 ;
UPDATE piloto SET idiomas =Array['Danes','Ingles'] WHERE id = 159 ;
UPDATE piloto SET idiomas =Array['Aleman','Ingles'] WHERE id = 160 ;
UPDATE piloto SET idiomas =Array['Ingles'] WHERE id = 161 ;
UPDATE piloto SET idiomas =Array['Aleman','Ingles'] WHERE id = 162 ;
UPDATE piloto SET idiomas =Array['Ingles'] WHERE id = 163 ;
UPDATE piloto SET idiomas =Array['Chino','Ingles'] WHERE id = 164 ;
UPDATE piloto SET idiomas =Array['Ingles'] WHERE id = 165 ;
UPDATE piloto SET idiomas =Array['Ruso','Ingles'] WHERE id = 166 ;
UPDATE piloto SET idiomas =Array['Ingles'] WHERE id = 167 ;
UPDATE piloto SET idiomas =Array['Frances','Ingles'] WHERE id = 168 ;
UPDATE piloto SET idiomas =Array['Español','Ingles'] WHERE id = 169 ;
UPDATE piloto SET idiomas =Array['Ingles'] WHERE id = 170 ;
UPDATE piloto SET idiomas =Array['Frances','Ingles'] WHERE id = 171 ;
UPDATE piloto SET idiomas =Array['Italiano','Ingles'] WHERE id = 172 ;
UPDATE piloto SET idiomas =Array['Ingles'] WHERE id = 173 ;
UPDATE piloto SET idiomas =Array['Ingles'] WHERE id = 174 ;
UPDATE piloto SET idiomas =Array['Neerlandes','Ingles'] WHERE id = 175 ;
UPDATE piloto SET idiomas =Array['Ingles'] WHERE id = 176 ;
UPDATE piloto SET idiomas =Array['Ingles'] WHERE id = 177 ;
UPDATE piloto SET idiomas =Array['Aleman','Ingles'] WHERE id = 178 ;
UPDATE piloto SET idiomas =Array['Danes','Ingles'] WHERE id = 179 ;
UPDATE piloto SET idiomas =Array['Español','Ingles'] WHERE id = 180 ;
UPDATE piloto SET idiomas =Array['Portugues','Ingles'] WHERE id = 181 ;
UPDATE piloto SET idiomas =Array['Frances','Ingles'] WHERE id = 182 ;
UPDATE piloto SET idiomas =Array['Ingles'] WHERE id = 183 ;
UPDATE piloto SET idiomas =Array['Español','Ingles'] WHERE id = 184 ;
UPDATE piloto SET idiomas =Array['Frances','Ingles'] WHERE id = 185 ;
UPDATE piloto SET idiomas =Array['Portugues','Ingles'] WHERE id = 186 ;
UPDATE piloto SET idiomas =Array['Frances','Ingles'] WHERE id = 187 ;
UPDATE piloto SET idiomas =Array['Ingles'] WHERE id = 188 ;
UPDATE piloto SET idiomas =Array['Frances','Ingles'] WHERE id = 189 ;
UPDATE piloto SET idiomas =Array['Frances','Ingles'] WHERE id = 190 ;
UPDATE piloto SET idiomas =Array['Italiano','Ingles'] WHERE id = 191 ;
UPDATE piloto SET idiomas =Array['Italiano','Ingles'] WHERE id = 192 ;
UPDATE piloto SET idiomas =Array['Ingles'] WHERE id = 193 ;
UPDATE piloto SET idiomas =Array['Portugues','Ingles'] WHERE id = 194 ;
UPDATE piloto SET idiomas =Array['Neerlandes','Ingles'] WHERE id = 195 ;
UPDATE piloto SET idiomas =Array['Ingles'] WHERE id = 196 ;
UPDATE piloto SET idiomas =Array['Turco','Ingles'] WHERE id = 197 ;
UPDATE piloto SET idiomas =Array['Ingles'] WHERE id = 198 ;
UPDATE piloto SET idiomas =Array['Aleman','Ingles'] WHERE id = 199 ;
UPDATE piloto SET idiomas =Array['Ingles'] WHERE id = 200 ;
UPDATE piloto SET idiomas =Array['Ingles'] WHERE id = 201 ;
UPDATE piloto SET idiomas =Array['Español','Ingles'] WHERE id = 202 ;
UPDATE piloto SET idiomas =Array['Ruso','Ingles'] WHERE id = 203 ;
UPDATE piloto SET idiomas =Array['Español','Ingles'] WHERE id = 204 ;
UPDATE piloto SET idiomas =Array['Italiano','Ingles'] WHERE id = 205 ;
UPDATE piloto SET idiomas =Array['Sueco','Ingles'] WHERE id = 206 ;
UPDATE piloto SET idiomas =Array['Ingles'] WHERE id = 207 ;
UPDATE piloto SET idiomas =Array['Ingles'] WHERE id = 208 ;
UPDATE piloto SET idiomas =Array['Ingles'] WHERE id = 209 ;
UPDATE piloto SET idiomas =Array['Ingles'] WHERE id = 210 ;
UPDATE piloto SET idiomas =Array['Español','Ingles','Frances','Italiano','Ruso'] WHERE id = 211 ;
UPDATE piloto SET idiomas =Array['Frances','Ingles'] WHERE id = 212 ;
UPDATE piloto SET idiomas =Array['Ingles'] WHERE id = 213 ;
UPDATE piloto SET idiomas =Array['Frances','Ingles'] WHERE id = 214 ;
UPDATE piloto SET idiomas =Array['Frances','Ingles'] WHERE id = 215 ;
UPDATE piloto SET idiomas =Array['Ingles'] WHERE id = 216 ;
UPDATE piloto SET idiomas =Array['Aleman','Ingles'] WHERE id = 217 ;
UPDATE piloto SET idiomas =Array['Portugues','Ingles'] WHERE id = 218 ;
UPDATE piloto SET idiomas =Array['Ingles'] WHERE id = 218 ;
UPDATE piloto SET idiomas =Array['Noruego','Ingles'] WHERE id = 220 ;
UPDATE piloto SET idiomas =Array['Ingles'] WHERE id = 221 ;
UPDATE piloto SET idiomas =Array['Frances','Ingles'] WHERE id = 222 ;
UPDATE piloto SET idiomas =Array['Frances','Ingles'] WHERE id = 223 ;
UPDATE piloto SET idiomas =Array['Japones','Ingles'] WHERE id = 224 ;
UPDATE piloto SET idiomas =Array['Ingles','Italiano'] WHERE id = 225 ;
UPDATE piloto SET idiomas =Array['Irlandes','Ingles'] WHERE id = 226 ;
UPDATE piloto SET idiomas =Array['Neerlandes','Ingles'] WHERE id = 227 ;
UPDATE piloto SET idiomas =Array['Aleman','Ingles'] WHERE id = 228 ;
UPDATE piloto SET idiomas =Array['Frances','Ingles'] WHERE id = 229 ;
UPDATE piloto SET idiomas =Array['Español','Ingles'] WHERE id = 230 ;
UPDATE piloto SET idiomas =Array['Ruso','Ingles'] WHERE id = 231 ;
UPDATE piloto SET idiomas =Array['Frances','Ingles'] WHERE id = 232 ;
UPDATE piloto SET idiomas =Array['Italiano','Ingles'] WHERE id = 233 ;
UPDATE piloto SET idiomas =Array['Neerlandes','Ingles'] WHERE id = 234 ;
UPDATE piloto SET idiomas =Array['Ruso','Ingles'] WHERE id = 235 ;
UPDATE piloto SET idiomas =Array['Español','Ingles'] WHERE id = 236 ;
UPDATE piloto SET idiomas =Array['Aleman','Frances','Ingles'] WHERE id = 237 ;
UPDATE piloto SET idiomas =Array['Neerlandes','Ingles'] WHERE id = 238 ;
UPDATE piloto SET idiomas =Array['Frances','Ingles'] WHERE id = 239 ;
UPDATE piloto SET idiomas =Array['Aleman','Ingles'] WHERE id = 240 ;
UPDATE piloto SET idiomas =Array['Ingles'] WHERE id = 241 ;
UPDATE piloto SET idiomas =Array['Danes','Ingles'] WHERE id = 242 ;
UPDATE piloto SET idiomas =Array['Danes','Ingles'] WHERE id = 243 ;
UPDATE piloto SET idiomas =Array['Irlandes','Ingles'] WHERE id = 244 ;
UPDATE piloto SET idiomas =Array['Neerlandes','Ingles'] WHERE id = 245 ;
UPDATE piloto SET idiomas =Array['Frances','Ingles'] WHERE id = 246 ;
UPDATE piloto SET idiomas =Array['Noruego','Ingles'] WHERE id = 247 ;
UPDATE piloto SET idiomas =Array['Fines','Sueco','Ingles'] WHERE id = 248 ;
UPDATE piloto SET idiomas =Array['Portugues','Ingles'] WHERE id = 249 ;
UPDATE piloto SET idiomas =Array['Ingles'] WHERE id = 250 ;
UPDATE piloto SET idiomas =Array['Japones','Ingles'] WHERE id = 251 ;
UPDATE piloto SET idiomas =Array['Japones','Ingles'] WHERE id = 252 ;
UPDATE piloto SET idiomas =Array['Italiano','Ingles'] WHERE id = 253 ;
UPDATE piloto SET idiomas =Array['Italiano','Ingles'] WHERE id = 254 ;
UPDATE piloto SET idiomas =Array['Frances','Ingles'] WHERE id = 255 ;
UPDATE piloto SET idiomas =Array['Aleman','Ingles'] WHERE id = 256 ;
UPDATE piloto SET idiomas =Array['Italiano','Ingles'] WHERE id = 257 ;
UPDATE piloto SET idiomas =Array['Danes','Ingles'] WHERE id = 258 ;
UPDATE piloto SET idiomas =Array['Frances','Ingles'] WHERE id = 259 ;
UPDATE piloto SET idiomas =Array['Polaco','Ingles'] WHERE id = 260 ;
UPDATE piloto SET idiomas =Array['Italiano','Ingles'] WHERE id = 261 ;
UPDATE piloto SET idiomas =Array['Italiano','Ingles'] WHERE id = 262 ;
UPDATE piloto SET idiomas =Array['Italiano','Ingles'] WHERE id = 263 ;
UPDATE piloto SET idiomas =Array['Frances','Ingles'] WHERE id = 264 ;
UPDATE piloto SET idiomas =Array['Hindi','Ingles'] WHERE id = 265 ;
UPDATE piloto SET idiomas =Array['Ingles'] WHERE id = 266 ;
UPDATE piloto SET idiomas =Array['Sueco','Ingles'] WHERE id = 267 ;
UPDATE piloto SET idiomas =Array['Ruso','Ingles,'] WHERE id = 268 ;
UPDATE piloto SET idiomas =Array['Japones','Ingles'] WHERE id = 269 ;
UPDATE piloto SET idiomas =Array['Portugues','Ingles'] WHERE id = 270 ;
UPDATE piloto SET idiomas =Array['Aleman','Ingles'] WHERE id = 271 ;
UPDATE piloto SET idiomas =Array['Aleman','Ingles'] WHERE id = 272 ;
UPDATE piloto SET idiomas =Array['Aleman','Ingles'] WHERE id = 273 ;
UPDATE piloto SET idiomas =Array['Español','Ingles'] WHERE id = 274 ;
UPDATE piloto SET idiomas =Array['Aleman','Ingles'] WHERE id = 275 ;
UPDATE piloto SET idiomas =Array['Neerlandes','Ingles'] WHERE id = 276 ;
UPDATE piloto SET idiomas =Array['Ingles'] WHERE id = 277 ;
UPDATE piloto SET idiomas =Array['Japones','Ingles'] WHERE id = 278 ;
UPDATE piloto SET idiomas =Array['Italiano','Ingles'] WHERE id = 279 ;
UPDATE piloto SET idiomas =Array['Danes','Ingles'] WHERE id = 280 ;
UPDATE piloto SET idiomas =Array['Neerlandes','Ingles'] WHERE id = 281 ;
UPDATE piloto SET idiomas =Array['Frances','Ingles'] WHERE id = 282 ;
UPDATE piloto SET idiomas =Array['Ingles'] WHERE id = 283 ;
UPDATE piloto SET idiomas =Array['Irlandes','Ingles'] WHERE id = 284 ;
UPDATE piloto SET idiomas =Array['Ingles'] WHERE id = 285 ;
UPDATE piloto SET idiomas =Array['Ingles'] WHERE id = 286 ;
UPDATE piloto SET idiomas =Array['Ingles'] WHERE id = 287 ;
UPDATE piloto SET idiomas =Array['Tailandes','Ingles'] WHERE id = 288 ;
UPDATE piloto SET idiomas =Array['Aleman','Ingles'] WHERE id = 289 ;
UPDATE piloto SET idiomas =Array['Italiano','Ingles'] WHERE id = 290 ;
UPDATE piloto SET idiomas =Array['Neerlandes','Ingles'] WHERE id = 291 ;
UPDATE piloto SET idiomas =Array['Ingles'] WHERE id = 292 ;
UPDATE piloto SET idiomas =Array['Ingles'] WHERE id = 293 ;
UPDATE piloto SET idiomas =Array['Frances','Ingles'] WHERE id = 294 ;
UPDATE piloto SET idiomas =Array['Ingles'] WHERE id = 295 ;
UPDATE piloto SET idiomas =Array['Frances','Ingles'] WHERE id = 296 ;
UPDATE piloto SET idiomas =Array['Ingles'] WHERE id = 297 ;
UPDATE piloto SET idiomas =Array['Portugues','Ingles'] WHERE id = 298 ;
UPDATE piloto SET idiomas =Array['Ingles'] WHERE id = 299 ;
UPDATE piloto SET idiomas =Array['Aleman','Frances','Ingles'] WHERE id = 300 ;
UPDATE piloto SET idiomas =Array['Italiano','Ingles'] WHERE id = 301 ;
UPDATE piloto SET idiomas =Array['Frances','Ingles'] WHERE id = 302 ;
UPDATE piloto SET idiomas =Array['Japones','Ingles'] WHERE id = 303 ;
UPDATE piloto SET idiomas =Array['Aleman','Ingles'] WHERE id = 304 ;
UPDATE piloto SET idiomas =Array['Aleman','Ingles'] WHERE id = 305 ;
UPDATE piloto SET idiomas =Array['Fines','Sueco','Ingles'] WHERE id = 306 ;
UPDATE piloto SET idiomas =Array['Frances','Ingles'] WHERE id = 307 ;
UPDATE piloto SET idiomas =Array['Aleman','Frances','Ingles'] WHERE id = 308 ;


--Vehiculo
INSERT INTO vehiculo(id,numero,categoria,tipo,id_modelo,id_equipo) VALUES (1,8,'LM-P1','Hibrido',1,1);
INSERT INTO vehiculo(id,numero,categoria,tipo,id_modelo,id_equipo) VALUES (2,7,'LM-P1','Hibrido',1,2);
INSERT INTO vehiculo(id,numero,categoria,tipo,id_modelo,id_equipo) VALUES (3,11,'LM-P1','Normal',2,3);
INSERT INTO vehiculo(id,numero,categoria,tipo,id_modelo,id_equipo) VALUES (4,1,'LM-P1','Normal',3,4);
INSERT INTO vehiculo(id,numero,categoria,tipo,id_modelo,id_equipo) VALUES (5,3,'LM-P1','Normal',3,5);
INSERT INTO vehiculo(id,numero,categoria,tipo,id_modelo,id_equipo) VALUES (6,36,'LM-P2','Normal',4,6);
INSERT INTO vehiculo(id,numero,categoria,tipo,id_modelo,id_equipo) VALUES (7,38,'LM-P2','Normal',5,7);
INSERT INTO vehiculo(id,numero,categoria,tipo,id_modelo,id_equipo) VALUES (8,28,'LM-P2','Normal',5,8);
INSERT INTO vehiculo(id,numero,categoria,tipo,id_modelo,id_equipo) VALUES (9,22,'LM-P2','Normal',6,9);
INSERT INTO vehiculo(id,numero,categoria,tipo,id_modelo,id_equipo) VALUES (10,48,'LM-P2','Normal',5,10);
INSERT INTO vehiculo(id,numero,categoria,tipo,id_modelo,id_equipo) VALUES (11,26,'LM-P2','Normal',7,11);
INSERT INTO vehiculo(id,numero,categoria,tipo,id_modelo,id_equipo) VALUES (12,30,'LM-P2','Normal',5,12);
INSERT INTO vehiculo(id,numero,categoria,tipo,id_modelo,id_equipo) VALUES (13,23,'LM-P2','Normal',6,13);
INSERT INTO vehiculo(id,numero,categoria,tipo,id_modelo,id_equipo) VALUES (14,39,'LM-P2','Normal',5,14);
INSERT INTO vehiculo(id,numero,categoria,tipo,id_modelo,id_equipo) VALUES (15,25,'LM-P2','Normal',5,15);
INSERT INTO vehiculo(id,numero,categoria,tipo,id_modelo,id_equipo) VALUES (16,20,'LM-P2','Normal',5,16);
INSERT INTO vehiculo(id,numero,categoria,tipo,id_modelo,id_equipo) VALUES (17,50,'LM-P2','Normal',6,17);
INSERT INTO vehiculo(id,numero,categoria,tipo,id_modelo,id_equipo) VALUES (18,47,'LM-P2','Normal',8,18);
INSERT INTO vehiculo(id,numero,categoria,tipo,id_modelo,id_equipo) VALUES (19,32,'LM-P2','Normal',6,19);
INSERT INTO vehiculo(id,numero,categoria,tipo,id_modelo,id_equipo) VALUES (20,51,'LM-GTE PRO','Normal',9,20);
INSERT INTO vehiculo(id,numero,categoria,tipo,id_modelo,id_equipo) VALUES (21,91,'LM-GTE PRO','Normal',10,21);
INSERT INTO vehiculo(id,numero,categoria,tipo,id_modelo,id_equipo) VALUES (22,93,'LM-GTE PRO','Normal',10,22);
INSERT INTO vehiculo(id,numero,categoria,tipo,id_modelo,id_equipo) VALUES (23,67,'LM-GTE PRO','Normal',11,23);
INSERT INTO vehiculo(id,numero,categoria,tipo,id_modelo,id_equipo) VALUES (24,69,'LM-GTE PRO','Normal',11,24);
INSERT INTO vehiculo(id,numero,categoria,tipo,id_modelo,id_equipo) VALUES (25,66,'LM-GTE PRO','Normal',11,25);
INSERT INTO vehiculo(id,numero,categoria,tipo,id_modelo,id_equipo) VALUES (26,29,'LM-P2','Normal',8,26);
INSERT INTO vehiculo(id,numero,categoria,tipo,id_modelo,id_equipo) VALUES (27,94,'LM-GTE PRO','Normal',10,27);
INSERT INTO vehiculo(id,numero,categoria,tipo,id_modelo,id_equipo) VALUES (28,63,'LM-GTE PRO','Normal',12,28);
INSERT INTO vehiculo(id,numero,categoria,tipo,id_modelo,id_equipo) VALUES (29,92,'LM-GTE PRO','Normal',10,29);
INSERT INTO vehiculo(id,numero,categoria,tipo,id_modelo,id_equipo) VALUES (30,82,'LM-GTE PRO','Normal',13,30);
INSERT INTO vehiculo(id,numero,categoria,tipo,id_modelo,id_equipo) VALUES (31,56,'LM-GTE AM','Normal',10,31);
INSERT INTO vehiculo(id,numero,categoria,tipo,id_modelo,id_equipo) VALUES (32,84,'LM-GTE AM','Normal',14,32);
INSERT INTO vehiculo(id,numero,categoria,tipo,id_modelo,id_equipo) VALUES (33,62,'LM-GTE AM','Normal',14,33);
INSERT INTO vehiculo(id,numero,categoria,tipo,id_modelo,id_equipo) VALUES (34,77,'LM-GTE AM','Normal',10,34);
INSERT INTO vehiculo(id,numero,categoria,tipo,id_modelo,id_equipo) VALUES (35,57,'LM-GTE AM','Normal',14,35);
INSERT INTO vehiculo(id,numero,categoria,tipo,id_modelo,id_equipo) VALUES (36,78,'LM-GTE AM','Normal',10,36);
INSERT INTO vehiculo(id,numero,categoria,tipo,id_modelo,id_equipo) VALUES (37,61,'LM-GTE AM','Normal',14,37);
INSERT INTO vehiculo(id,numero,categoria,tipo,id_modelo,id_equipo) VALUES (38,86,'LM-GTE AM','Normal',10,38);
INSERT INTO vehiculo(id,numero,categoria,tipo,id_modelo,id_equipo) VALUES (39,83,'LM-GTE AM','Normal',14,39);
INSERT INTO vehiculo(id,numero,categoria,tipo,id_modelo,id_equipo) VALUES (40,89,'LM-GTE PRO','Normal',14,40);
INSERT INTO vehiculo(id,numero,categoria,tipo,id_modelo,id_equipo) VALUES (41,70,'LM-GTE AM','Normal',14,41);
INSERT INTO vehiculo(id,numero,categoria,tipo,id_modelo,id_equipo) VALUES (42,90,'LM-GTE AM','Normal',15,42);
INSERT INTO vehiculo(id,numero,categoria,tipo,id_modelo,id_equipo) VALUES (43,54,'LM-GTE AM','Normal',14,43);
INSERT INTO vehiculo(id,numero,categoria,tipo,id_modelo,id_equipo) VALUES (44,97,'LM-GTE PRO','Normal',15,44);
INSERT INTO vehiculo(id,numero,categoria,tipo,id_modelo,id_equipo) VALUES (45,34,'LM-P2','Normal',6,45);
INSERT INTO vehiculo(id,numero,categoria,tipo,id_modelo,id_equipo) VALUES (46,60,'LM-GTE AM','Normal',14,46);
INSERT INTO vehiculo(id,numero,categoria,tipo,id_modelo,id_equipo) VALUES (47,81,'LM-GTE PRO','Normal',13,47);
INSERT INTO vehiculo(id,numero,categoria,tipo,id_modelo,id_equipo) VALUES (48,43,'LM-P2','Normal',5,48);
INSERT INTO vehiculo(id,numero,categoria,tipo,id_modelo,id_equipo) VALUES (49,31,'LM-P2','Normal',5,49);
INSERT INTO vehiculo(id,numero,categoria,tipo,id_modelo,id_equipo) VALUES (50,37,'LM-P2','Normal',5,50);
INSERT INTO vehiculo(id,numero,categoria,tipo,id_modelo,id_equipo) VALUES (51,17,'LM-P1','Normal',2,51);
INSERT INTO vehiculo(id,numero,categoria,tipo,id_modelo,id_equipo) VALUES (52,4,'LM-P1','Normal',16,52);
INSERT INTO vehiculo(id,numero,categoria,tipo,id_modelo,id_equipo) VALUES (53,49,'LM-P2','Normal',6,53);
INSERT INTO vehiculo(id,numero,categoria,tipo,id_modelo,id_equipo) VALUES (54,71,'LM-GTE PRO','Normal',9,54);
INSERT INTO vehiculo(id,numero,categoria,tipo,id_modelo,id_equipo) VALUES (55,95,'LM-GTE PRO','Normal',15,55);
INSERT INTO vehiculo(id,numero,categoria,tipo,id_modelo,id_equipo) VALUES (56,98,'LM-GTE AM','Normal',15,56);
INSERT INTO vehiculo(id,numero,categoria,tipo,id_modelo,id_equipo) VALUES (57,64,'LM-GTE PRO','Normal',12,57);
INSERT INTO vehiculo(id,numero,categoria,tipo,id_modelo,id_equipo) VALUES (58,88,'LM-GTE AM','Normal',10,58);
INSERT INTO vehiculo(id,numero,categoria,tipo,id_modelo,id_equipo) VALUES (59,10,'LM-P1','Normal',2,59);
INSERT INTO vehiculo(id,numero,categoria,tipo,id_modelo,id_equipo) VALUES (60,68,'LM-GTE PRO','Normal',11,60);
INSERT INTO vehiculo(id,numero,categoria,tipo,id_modelo,id_equipo) VALUES (61,85,'LM-GTE AM','Normal',11,61);
INSERT INTO vehiculo(id,numero,categoria,tipo,id_modelo,id_equipo) VALUES (62,99,'LM-GTE AM','Normal',10,62);
INSERT INTO vehiculo(id,numero,categoria,tipo,id_modelo,id_equipo) VALUES (63,38,'LM-P2','Normal',5,63);
INSERT INTO vehiculo(id,numero,categoria,tipo,id_modelo,id_equipo) VALUES (64,31,'LM-P2','Normal',5,64);
INSERT INTO vehiculo(id,numero,categoria,tipo,id_modelo,id_equipo) VALUES (65,36,'LM-P2','Normal',4,65);
INSERT INTO vehiculo(id,numero,categoria,tipo,id_modelo,id_equipo) VALUES (66,28,'LM-P2','Normal',5,66);
INSERT INTO vehiculo(id,numero,categoria,tipo,id_modelo,id_equipo) VALUES (67,42,'LM-P2','Normal',5,67);
INSERT INTO vehiculo(id,numero,categoria,tipo,id_modelo,id_equipo) VALUES (68,50,'LM-P2','Normal',5,68);
INSERT INTO vehiculo(id,numero,categoria,tipo,id_modelo,id_equipo) VALUES (69,47,'LM-P2','Normal',8,69);
INSERT INTO vehiculo(id,numero,categoria,tipo,id_modelo,id_equipo) VALUES (70,17,'LM-P2','Normal',5,70);
INSERT INTO vehiculo(id,numero,categoria,tipo,id_modelo,id_equipo) VALUES (71,27,'LM-P2','Normal',5,71);
INSERT INTO vehiculo(id,numero,categoria,tipo,id_modelo,id_equipo) VALUES (72,32,'LM-P2','Normal',5,19);
INSERT INTO vehiculo(id,numero,categoria,tipo,id_modelo,id_equipo) VALUES (73,35,'LM-P2','Normal',6,72);
INSERT INTO vehiculo(id,numero,categoria,tipo,id_modelo,id_equipo) VALUES (74,29,'LM-P2','Normal',5,26);
INSERT INTO vehiculo(id,numero,categoria,tipo,id_modelo,id_equipo) VALUES (75,97,'LM-GTE PRO','Normal',17,44);
INSERT INTO vehiculo(id,numero,categoria,tipo,id_modelo,id_equipo) VALUES (76,82,'LM-GTE PRO','Normal',9,73);
INSERT INTO vehiculo(id,numero,categoria,tipo,id_modelo,id_equipo) VALUES (77,83,'LM-GTE AM','Normal',9,74);
INSERT INTO vehiculo(id,numero,categoria,tipo,id_modelo,id_equipo) VALUES (78,24,'LM-P2','Normal',5,75);
INSERT INTO vehiculo(id,numero,categoria,tipo,id_modelo,id_equipo) VALUES (79,66,'LM-GTE AM','Normal',9,76);
INSERT INTO vehiculo(id,numero,categoria,tipo,id_modelo,id_equipo) VALUES (80,91,'LM-GTE PRO','Normal',18,21);
INSERT INTO vehiculo(id,numero,categoria,tipo,id_modelo,id_equipo) VALUES (81,61,'LM-GTE AM','Normal',9,77);
INSERT INTO vehiculo(id,numero,categoria,tipo,id_modelo,id_equipo) VALUES (82,85,'LM-GTE AM','Normal',9,78);
INSERT INTO vehiculo(id,numero,categoria,tipo,id_modelo,id_equipo) VALUES (83,92,'LM-GTE PRO','Normal',18,29);
INSERT INTO vehiculo(id,numero,categoria,tipo,id_modelo,id_equipo) VALUES (84,60,'LM-GTE AM','Normal',9,79);
INSERT INTO vehiculo(id,numero,categoria,tipo,id_modelo,id_equipo) VALUES (85,54,'LM-GTE AM','Normal',9,80);
INSERT INTO vehiculo(id,numero,categoria,tipo,id_modelo,id_equipo) VALUES (86,57,'LM-GTE AM','Normal',10,81);
INSERT INTO vehiculo(id,numero,categoria,tipo,id_modelo,id_equipo) VALUES (87,62,'LM-GTE AM','Normal',9,82);
INSERT INTO vehiculo(id,numero,categoria,tipo,id_modelo,id_equipo) VALUES (88,89,'LM-GTE AM','Normal',10,83);
INSERT INTO vehiculo(id,numero,categoria,tipo,id_modelo,id_equipo) VALUES (89,39,'LM-P2','Normal',5,84);
INSERT INTO vehiculo(id,numero,categoria,tipo,id_modelo,id_equipo) VALUES (90,72,'LM-GTE AM','Normal',9,85);
INSERT INTO vehiculo(id,numero,categoria,tipo,id_modelo,id_equipo) VALUES (92,75,'LM-GTE AM','Normal',9,87);
INSERT INTO vehiculo(id,numero,categoria,tipo,id_modelo,id_equipo) VALUES (93,21,'LM-P2','Normal',5,88);
INSERT INTO vehiculo(id,numero,categoria,tipo,id_modelo,id_equipo) VALUES (94,63,'LM-GTE AM','Normal',9,89);
INSERT INTO vehiculo(id,numero,categoria,tipo,id_modelo,id_equipo) VALUES (95,16,'LM-P2','Normal',5,90);
INSERT INTO vehiculo(id,numero,categoria,tipo,id_modelo,id_equipo) VALUES (96,30,'LM-P2','Normal',5,91);
INSERT INTO vehiculo(id,numero,categoria,tipo,id_modelo,id_equipo) VALUES (97,33,'LM-P2','Normal',5,92);
INSERT INTO vehiculo(id,numero,categoria,tipo,id_modelo,id_equipo) VALUES (98,52,'LM-GTE AM','Normal',9,93);
INSERT INTO vehiculo(id,numero,categoria,tipo,id_modelo,id_equipo) VALUES (99,55,'LM-GTE AM','Normal',9,94);
INSERT INTO vehiculo(id,numero,categoria,tipo,id_modelo,id_equipo) VALUES (100,11,'LM-P2','Normal',6,95);
INSERT INTO vehiculo(id,numero,categoria,tipo,id_modelo,id_equipo) VALUES (101,37,'LM-P2','Normal',5,96);
INSERT INTO vehiculo(id,numero,categoria,tipo,id_modelo,id_equipo) VALUES (102,22,'LM-P2','Normal',5,9);
UPDATE vehiculo SET caracteristicas = Array['Motor Toyota','V6','2400cc'] WHERE id= 1  ;
UPDATE vehiculo SET caracteristicas = Array['Motor Toyota','V6','2400cc'] WHERE id=  2 ;
UPDATE vehiculo SET caracteristicas = Array['Motor AER','V8','0cc'] WHERE id=  3 ;
UPDATE vehiculo SET caracteristicas = Array['Motor Gibson','V8','4500cc'] WHERE id=  4 ;
UPDATE vehiculo SET caracteristicas = Array['Motor Gibson','V8','4500cc'] WHERE id=  5 ;
UPDATE vehiculo SET caracteristicas = Array['Motor Gibson','V8','4200cc'] WHERE id=  6 ;
UPDATE vehiculo SET caracteristicas = Array['Motor Gibson','V8','4200cc'] WHERE id=  7 ;
UPDATE vehiculo SET caracteristicas = Array['Motor Gibson','V8','4200cc'] WHERE id= 8  ;
UPDATE vehiculo SET caracteristicas = Array['Motor Gibson','V8','4200cc'] WHERE id=  9 ;
UPDATE vehiculo SET caracteristicas = Array['Motor Gibson','V8','4200cc'] WHERE id= 10  ;
UPDATE vehiculo SET caracteristicas = Array['Motor Gibson','V8','4200cc'] WHERE id=  11 ;
UPDATE vehiculo SET caracteristicas = Array['Motor Gibson','V8','4200cc'] WHERE id= 12  ;
UPDATE vehiculo SET caracteristicas = Array['Motor Gibson','V8','4200cc'] WHERE id= 13  ;
UPDATE vehiculo SET caracteristicas = Array['Motor Gibson','V8','4200cc'] WHERE id= 14  ;
UPDATE vehiculo SET caracteristicas = Array['Motor Gibson','V8','4200cc'] WHERE id= 15  ;
UPDATE vehiculo SET caracteristicas = Array['Motor Gibson','V8','4200cc'] WHERE id= 16 ;
UPDATE vehiculo SET caracteristicas = Array['Motor Gibson','V8','4200cc'] WHERE id=  17 ;
UPDATE vehiculo SET caracteristicas = Array['Motor Gibson','V8','4200cc'] WHERE id= 18  ;
UPDATE vehiculo SET caracteristicas = Array['Motor Gibson','V8','4200cc'] WHERE id= 19  ;
UPDATE vehiculo SET caracteristicas = Array['Motor Ferrari','V8','3996cc'] WHERE id= 20  ;
UPDATE vehiculo SET caracteristicas = Array['Motor Porsche','F6','3996cc'] WHERE id= 21  ;
UPDATE vehiculo SET caracteristicas = Array['Motor Porsche','F6','3996cc'] WHERE id= 22  ;
UPDATE vehiculo SET caracteristicas = Array['Motor Ford','V6','3496cc'] WHERE id= 23  ;
UPDATE vehiculo SET caracteristicas = Array['Motor Ford','V6','3496cc'] WHERE id=  24 ;
UPDATE vehiculo SET caracteristicas = Array['Motor Ford','V6','3496cc'] WHERE id=  25 ;
UPDATE vehiculo SET caracteristicas = Array['Motor Gibson','V8','4200cc'] WHERE id= 26  ;
UPDATE vehiculo SET caracteristicas = Array['Motor Porsche','F6','3996cc'] WHERE id= 27  ;
UPDATE vehiculo SET caracteristicas = Array['Motor Chevrolet','V8','5493cc'] WHERE id= 28  ;
UPDATE vehiculo SET caracteristicas = Array['Motor Porsche','F6','3996cc'] WHERE id=  29 ;
UPDATE vehiculo SET caracteristicas = Array['Motor BMW','V8','3982cc'] WHERE id= 30  ;
UPDATE vehiculo SET caracteristicas = Array['Motor Porsche','F6','3996cc'] WHERE id= 31  ;
UPDATE vehiculo SET caracteristicas = Array['Motor Ferrari','V8','3996cc'] WHERE id= 32  ;
UPDATE vehiculo SET caracteristicas = Array['Motor Ferrari','V8','3996cc'] WHERE id= 33  ;
UPDATE vehiculo SET caracteristicas = Array['Motor Porsche','F6','3996cc'] WHERE id= 34  ;
UPDATE vehiculo SET caracteristicas = Array['Motor Ferrari','V8','3996cc'] WHERE id= 35  ;
UPDATE vehiculo SET caracteristicas = Array['Motor Porsche','F6','3996cc'] WHERE id= 36  ;
UPDATE vehiculo SET caracteristicas = Array['Motor Ferrari','V8','3996cc'] WHERE id= 37  ;
UPDATE vehiculo SET caracteristicas = Array['Motor Porsche','F6','3996cc'] WHERE id=  38 ;
UPDATE vehiculo SET caracteristicas = Array['Motor Ferrari','V8','3996cc'] WHERE id=  39 ;
UPDATE vehiculo SET caracteristicas = Array['Motor Ferrari','V8','3996cc'] WHERE id=  40 ;
UPDATE vehiculo SET caracteristicas = Array['Motor Ferrari','V8','3996cc'] WHERE id=  41 ;
UPDATE vehiculo SET caracteristicas = Array['Motor Aston Martin','V8','4475cc'] WHERE id= 42  ;
UPDATE vehiculo SET caracteristicas = Array['Motor Ferrari','V8','3996cc'] WHERE id= 43  ;
UPDATE vehiculo SET caracteristicas = Array['Motor Aston Martin','V8','4475cc'] WHERE id= 44  ;
UPDATE vehiculo SET caracteristicas = Array['Motor Gibson','V8','4200cc'] WHERE id= 45  ;
UPDATE vehiculo SET caracteristicas = Array['Motor Ferrari','V8','3996cc'] WHERE id=  46 ;
UPDATE vehiculo SET caracteristicas = Array['Motor BMW','V8','3982cc'] WHERE id= 47  ;
UPDATE vehiculo SET caracteristicas = Array['Motor Gibson','V8','4200cc'] WHERE id= 48  ;
UPDATE vehiculo SET caracteristicas = Array['Motor Gibson','V8','4200cc'] WHERE id= 49  ;
UPDATE vehiculo SET caracteristicas = Array['Motor Gibson','V8','4200cc'] WHERE id= 50  ;
UPDATE vehiculo SET caracteristicas = Array['Motor AER','V8','0cc'] WHERE id=  51 ;
UPDATE vehiculo SET caracteristicas = Array['Motor Gibson','V8','4500cc'] WHERE id= 52  ;
UPDATE vehiculo SET caracteristicas = Array['Motor Gibson','V8','4200cc'] WHERE id=  53 ;
UPDATE vehiculo SET caracteristicas = Array['Motor Ferrari','V8','3996cc'] WHERE id= 54  ;
UPDATE vehiculo SET caracteristicas = Array['Motor Aston Martin','V8','4475cc'] WHERE id=  55 ;
UPDATE vehiculo SET caracteristicas = Array['Motor Aston Martin','V8','4475cc'] WHERE id=  56 ;
UPDATE vehiculo SET caracteristicas = Array['Motor Chevrolet','V8','5493cc'] WHERE id=  57 ;
UPDATE vehiculo SET caracteristicas = Array['Motor Porsche','F6','3996cc'] WHERE id=  58 ;
UPDATE vehiculo SET caracteristicas = Array['Motor Gibson','V8','4500cc'] WHERE id=  59 ;
UPDATE vehiculo SET caracteristicas = Array['Motor Ford','V6','3496cc'] WHERE id=  60 ;
UPDATE vehiculo SET caracteristicas = Array['Motor Ford','V6','3496cc'] WHERE id=  61 ;
UPDATE vehiculo SET caracteristicas = Array['Motor Porsche','F6','3996cc'] WHERE id= 62  ;
UPDATE vehiculo SET caracteristicas = Array['Motor Gibson','V8','4200cc'] WHERE id=  63 ;
UPDATE vehiculo SET caracteristicas = Array['Motor Gibson','V8','4200cc'] WHERE id=  64 ;
UPDATE vehiculo SET caracteristicas = Array['Motor Gibson','V8','4200cc'] WHERE id=  65 ;
UPDATE vehiculo SET caracteristicas = Array['Motor Gibson','V8','4200cc'] WHERE id=  66 ;
UPDATE vehiculo SET caracteristicas = Array['Motor Gibson','V8','4200cc'] WHERE id=  67 ;
UPDATE vehiculo SET caracteristicas = Array['Motor Gibson','V8','4200cc'] WHERE id=  68 ;
UPDATE vehiculo SET caracteristicas = Array['Motor Gibson','V8','4200cc'] WHERE id=  69 ;
UPDATE vehiculo SET caracteristicas = Array['Motor Gibson','V8','4200cc'] WHERE id=  70 ;
UPDATE vehiculo SET caracteristicas = Array['Motor Gibson','V8','4200cc'] WHERE id=  71 ;
UPDATE vehiculo SET caracteristicas = Array['Motor Gibson','V8','4200cc'] WHERE id=  72 ;
UPDATE vehiculo SET caracteristicas = Array['Motor Gibson','V8','4200cc'] WHERE id=  73 ;
UPDATE vehiculo SET caracteristicas = Array['Motor Gibson','V8','4200cc'] WHERE id=  74 ;
UPDATE vehiculo SET caracteristicas = Array['Motor Aston Martin','V8','4475cc'] WHERE id= 75  ;
UPDATE vehiculo SET caracteristicas = Array['Motor Ferrari','V8','3996cc'] WHERE id=  76 ;
UPDATE vehiculo SET caracteristicas = Array['Motor Ferrari','V8','3996cc'] WHERE id=  77 ;
UPDATE vehiculo SET caracteristicas = Array['Motor Gibson','V8','4200cc'] WHERE id=  78 ;
UPDATE vehiculo SET caracteristicas = Array['Motor Ferrari','V8','3996cc'] WHERE id= 79  ;
UPDATE vehiculo SET caracteristicas = Array['Motor Porsche','F6','3996cc'] WHERE id=  80 ;
UPDATE vehiculo SET caracteristicas = Array['Motor Ferrari','V8','3996cc'] WHERE id=  81 ;
UPDATE vehiculo SET caracteristicas = Array['Motor Ferrari','V8','3996cc'] WHERE id=  82 ;
UPDATE vehiculo SET caracteristicas = Array['Motor Porsche','F6','3996cc'] WHERE id=  83 ;
UPDATE vehiculo SET caracteristicas = Array['Motor Ferrari','V8','3996cc'] WHERE id=  84 ;
UPDATE vehiculo SET caracteristicas = Array['Motor Ferrari','V8','3996cc'] WHERE id=  85 ;
UPDATE vehiculo SET caracteristicas = Array['Motor Porsche','F6','3996cc'] WHERE id=  86 ;
UPDATE vehiculo SET caracteristicas = Array['Motor Ferrari','V8','3996cc'] WHERE id=  87 ;
UPDATE vehiculo SET caracteristicas = Array['Motor Porsche','F6','3996cc'] WHERE id=  88 ;
UPDATE vehiculo SET caracteristicas = Array['Motor Gibson','V8','4200cc'] WHERE id=  89 ;
UPDATE vehiculo SET caracteristicas = Array['Motor Ferrari','V8','3996cc'] WHERE id=  90 ;
UPDATE vehiculo SET caracteristicas = Array['Motor Ferrari','V8','3996cc'] WHERE id=  91 ;
UPDATE vehiculo SET caracteristicas = Array['Motor Gibson','V8','4200cc'] WHERE id=  92 ;
UPDATE vehiculo SET caracteristicas = Array['Motor Ferrari','V8','3996cc'] WHERE id= 93  ;
UPDATE vehiculo SET caracteristicas = Array['Motor Gibson','V8','4200cc'] WHERE id=  94 ;
UPDATE vehiculo SET caracteristicas = Array['Motor Gibson','V8','4200cc'] WHERE id=  95 ;
UPDATE vehiculo SET caracteristicas = Array['Motor Gibson','V8','4200cc'] WHERE id=  96 ;
UPDATE vehiculo SET caracteristicas = Array['Motor Ferrari','V8','3996cc'] WHERE id=  97 ;
UPDATE vehiculo SET caracteristicas = Array['Motor Ferrari','V8','3996cc'] WHERE id=  98 ;
UPDATE vehiculo SET caracteristicas = Array['Motor Gibson','V8','4200cc'] WHERE id=  99 ;
UPDATE vehiculo SET caracteristicas = Array['Motor Gibson','V8','4200cc'] WHERE id=  100 ;
UPDATE vehiculo SET caracteristicas = Array['Motor Gibson','V8','4200cc'] WHERE id=  101 ;


--Ranking Ensayo
INSERT INTO ranking(id,posicion,vueltas,fecha,id_equipo,id_vehiculo,id_evento) VALUES (1,2,50,to_date('15-05-2019','DD-MM-YYYY'),1,1,1);
INSERT INTO ranking(id,posicion,vueltas,fecha,id_equipo,id_vehiculo,id_evento) VALUES (2,1,50,to_date('15-05-2019','DD-MM-YYYY'),2,2,1);
INSERT INTO ranking(id,posicion,vueltas,fecha,id_equipo,id_vehiculo,id_evento) VALUES (3,5,50,to_date('15-05-2019','DD-MM-YYYY'),3,3,1);
INSERT INTO ranking(id,posicion,vueltas,fecha,id_equipo,id_vehiculo,id_evento) VALUES (4,6,50,to_date('15-05-2019','DD-MM-YYYY'),4,4,1);
INSERT INTO ranking(id,posicion,vueltas,fecha,id_equipo,id_vehiculo,id_evento) VALUES (5,4,50,to_date('15-05-2019','DD-MM-YYYY'),5,5,1);
INSERT INTO ranking(id,posicion,vueltas,fecha,id_equipo,id_vehiculo,id_evento) VALUES (6,11,50,to_date('15-05-2019','DD-MM-YYYY'),6,6,1);
INSERT INTO ranking(id,posicion,vueltas,fecha,id_equipo,id_vehiculo,id_evento) VALUES (7,15,50,to_date('15-05-2019','DD-MM-YYYY'),7,7,1);
INSERT INTO ranking(id,posicion,vueltas,fecha,id_equipo,id_vehiculo,id_evento) VALUES (8,9,50,to_date('15-05-2019','DD-MM-YYYY'),8,8,1);
INSERT INTO ranking(id,posicion,vueltas,fecha,id_equipo,id_vehiculo,id_evento) VALUES (9,14,50,to_date('15-05-2019','DD-MM-YYYY'),9,9,1);
INSERT INTO ranking(id,posicion,vueltas,fecha,id_equipo,id_vehiculo,id_evento) VALUES (10,12,50,to_date('15-05-2019','DD-MM-YYYY'),10,10,1);
INSERT INTO ranking(id,posicion,vueltas,fecha,id_equipo,id_vehiculo,id_evento) VALUES (11,13,50,to_date('15-05-2019','DD-MM-YYYY'),11,11,1);
INSERT INTO ranking(id,posicion,vueltas,fecha,id_equipo,id_vehiculo,id_evento) VALUES (12,21,50,to_date('15-05-2019','DD-MM-YYYY'),12,12,1);
INSERT INTO ranking(id,posicion,vueltas,fecha,id_equipo,id_vehiculo,id_evento) VALUES (13,19,50,to_date('15-05-2019','DD-MM-YYYY'),13,13,1);
INSERT INTO ranking(id,posicion,vueltas,fecha,id_equipo,id_vehiculo,id_evento) VALUES (14,22,50,to_date('15-05-2019','DD-MM-YYYY'),14,14,1);
INSERT INTO ranking(id,posicion,vueltas,fecha,id_equipo,id_vehiculo,id_evento) VALUES (15,23,50,to_date('15-05-2019','DD-MM-YYYY'),15,15,1);
INSERT INTO ranking(id,posicion,vueltas,fecha,id_equipo,id_vehiculo,id_evento) VALUES (16,18,50,to_date('15-05-2019','DD-MM-YYYY'),16,16,1);
INSERT INTO ranking(id,posicion,vueltas,fecha,id_equipo,id_vehiculo,id_evento) VALUES (17,28,50,to_date('15-05-2019','DD-MM-YYYY'),17,17,1);
INSERT INTO ranking(id,posicion,vueltas,fecha,id_equipo,id_vehiculo,id_evento) VALUES (18,25,50,to_date('15-05-2019','DD-MM-YYYY'),18,18,1);
INSERT INTO ranking(id,posicion,vueltas,fecha,id_equipo,id_vehiculo,id_evento) VALUES (19,17,50,to_date('15-05-2019','DD-MM-YYYY'),19,19,1);
INSERT INTO ranking(id,posicion,vueltas,fecha,id_equipo,id_vehiculo,id_evento) VALUES (20,40,50,to_date('15-05-2019','DD-MM-YYYY'),20,20,1);
INSERT INTO ranking(id,posicion,vueltas,fecha,id_equipo,id_vehiculo,id_evento) VALUES (21,41,50,to_date('15-05-2019','DD-MM-YYYY'),21,21,1);
INSERT INTO ranking(id,posicion,vueltas,fecha,id_equipo,id_vehiculo,id_evento) VALUES (22,32,50,to_date('15-05-2019','DD-MM-YYYY'),22,22,1);
INSERT INTO ranking(id,posicion,vueltas,fecha,id_equipo,id_vehiculo,id_evento) VALUES (23,30,50,to_date('15-05-2019','DD-MM-YYYY'),23,23,1);
INSERT INTO ranking(id,posicion,vueltas,fecha,id_equipo,id_vehiculo,id_evento) VALUES (24,38,50,to_date('15-05-2019','DD-MM-YYYY'),24,24,1);
INSERT INTO ranking(id,posicion,vueltas,fecha,id_equipo,id_vehiculo,id_evento) VALUES (25,37,50,to_date('15-05-2019','DD-MM-YYYY'),25,25,1);
INSERT INTO ranking(id,posicion,vueltas,fecha,id_equipo,id_vehiculo,id_evento) VALUES (26,16,50,to_date('15-05-2019','DD-MM-YYYY'),26,26,1);
INSERT INTO ranking(id,posicion,vueltas,fecha,id_equipo,id_vehiculo,id_evento) VALUES (27,43,50,to_date('15-05-2019','DD-MM-YYYY'),27,27,1);
INSERT INTO ranking(id,posicion,vueltas,fecha,id_equipo,id_vehiculo,id_evento) VALUES (28,31,50,to_date('15-05-2019','DD-MM-YYYY'),28,28,1);
INSERT INTO ranking(id,posicion,vueltas,fecha,id_equipo,id_vehiculo,id_evento) VALUES (29,35,50,to_date('15-05-2019','DD-MM-YYYY'),29,29,1);
INSERT INTO ranking(id,posicion,vueltas,fecha,id_equipo,id_vehiculo,id_evento) VALUES (30,33,50,to_date('15-05-2019','DD-MM-YYYY'),30,30,1);
INSERT INTO ranking(id,posicion,vueltas,fecha,id_equipo,id_vehiculo,id_evento) VALUES (31,51,50,to_date('15-05-2019','DD-MM-YYYY'),31,31,1);
INSERT INTO ranking(id,posicion,vueltas,fecha,id_equipo,id_vehiculo,id_evento) VALUES (32,49,50,to_date('15-05-2019','DD-MM-YYYY'),32,32,1);
INSERT INTO ranking(id,posicion,vueltas,fecha,id_equipo,id_vehiculo,id_evento) VALUES (33,58,50,to_date('15-05-2019','DD-MM-YYYY'),33,33,1);
INSERT INTO ranking(id,posicion,vueltas,fecha,id_equipo,id_vehiculo,id_evento) VALUES (34,47,50,to_date('15-05-2019','DD-MM-YYYY'),34,34,1);
INSERT INTO ranking(id,posicion,vueltas,fecha,id_equipo,id_vehiculo,id_evento) VALUES (35,53,50,to_date('15-05-2019','DD-MM-YYYY'),35,35,1);
INSERT INTO ranking(id,posicion,vueltas,fecha,id_equipo,id_vehiculo,id_evento) VALUES (36,50,50,to_date('15-05-2019','DD-MM-YYYY'),36,36,1);
INSERT INTO ranking(id,posicion,vueltas,fecha,id_equipo,id_vehiculo,id_evento) VALUES (37,61,50,to_date('15-05-2019','DD-MM-YYYY'),37,37,1);
INSERT INTO ranking(id,posicion,vueltas,fecha,id_equipo,id_vehiculo,id_evento) VALUES (38,48,50,to_date('15-05-2019','DD-MM-YYYY'),38,38,1);
INSERT INTO ranking(id,posicion,vueltas,fecha,id_equipo,id_vehiculo,id_evento) VALUES (39,60,50,to_date('15-05-2019','DD-MM-YYYY'),39,39,1);
INSERT INTO ranking(id,posicion,vueltas,fecha,id_equipo,id_vehiculo,id_evento) VALUES (40,46,50,to_date('15-05-2019','DD-MM-YYYY'),40,40,1);
INSERT INTO ranking(id,posicion,vueltas,fecha,id_equipo,id_vehiculo,id_evento) VALUES (41,59,50,to_date('15-05-2019','DD-MM-YYYY'),41,41,1);
INSERT INTO ranking(id,posicion,vueltas,fecha,id_equipo,id_vehiculo,id_evento) VALUES (42,57,50,to_date('15-05-2019','DD-MM-YYYY'),42,42,1);
INSERT INTO ranking(id,posicion,vueltas,fecha,id_equipo,id_vehiculo,id_evento) VALUES (43,52,50,to_date('15-05-2019','DD-MM-YYYY'),43,43,1);
INSERT INTO ranking(id,posicion,vueltas,fecha,id_equipo,id_vehiculo,id_evento) VALUES (44,42,50,to_date('15-05-2019','DD-MM-YYYY'),44,44,1);
INSERT INTO ranking(id,posicion,vueltas,fecha,id_equipo,id_vehiculo,id_evento) VALUES (45,26,50,to_date('15-05-2019','DD-MM-YYYY'),45,45,1);
INSERT INTO ranking(id,posicion,vueltas,fecha,id_equipo,id_vehiculo,id_evento) VALUES (46,55,50,to_date('15-05-2019','DD-MM-YYYY'),46,46,1);
INSERT INTO ranking(id,posicion,vueltas,fecha,id_equipo,id_vehiculo,id_evento) VALUES (47,44,50,to_date('15-05-2019','DD-MM-YYYY'),47,47,1);
INSERT INTO ranking(id,posicion,vueltas,fecha,id_equipo,id_vehiculo,id_evento) VALUES (48,24,50,to_date('15-05-2019','DD-MM-YYYY'),48,48,1);
INSERT INTO ranking(id,posicion,vueltas,fecha,id_equipo,id_vehiculo,id_evento) VALUES (49,10,50,to_date('15-05-2019','DD-MM-YYYY'),49,49,1);
INSERT INTO ranking(id,posicion,vueltas,fecha,id_equipo,id_vehiculo,id_evento) VALUES (50,20,50,to_date('15-05-2019','DD-MM-YYYY'),50,50,1);
INSERT INTO ranking(id,posicion,vueltas,fecha,id_equipo,id_vehiculo,id_evento) VALUES (51,3,50,to_date('15-05-2019','DD-MM-YYYY'),51,51,1);
INSERT INTO ranking(id,posicion,vueltas,fecha,id_equipo,id_vehiculo,id_evento) VALUES (52,8,50,to_date('15-05-2019','DD-MM-YYYY'),52,52,1);
INSERT INTO ranking(id,posicion,vueltas,fecha,id_equipo,id_vehiculo,id_evento) VALUES (53,27,50,to_date('15-05-2019','DD-MM-YYYY'),53,53,1);
INSERT INTO ranking(id,posicion,vueltas,fecha,id_equipo,id_vehiculo,id_evento) VALUES (54,36,50,to_date('15-05-2019','DD-MM-YYYY'),54,54,1);
INSERT INTO ranking(id,posicion,vueltas,fecha,id_equipo,id_vehiculo,id_evento) VALUES (55,29,50,to_date('15-05-2019','DD-MM-YYYY'),55,55,1);
INSERT INTO ranking(id,posicion,vueltas,fecha,id_equipo,id_vehiculo,id_evento) VALUES (56,56,50,to_date('15-05-2019','DD-MM-YYYY'),56,56,1);
INSERT INTO ranking(id,posicion,vueltas,fecha,id_equipo,id_vehiculo,id_evento) VALUES (57,39,50,to_date('15-05-2019','DD-MM-YYYY'),57,57,1);
INSERT INTO ranking(id,posicion,vueltas,fecha,id_equipo,id_vehiculo,id_evento) VALUES (58,45,50,to_date('15-05-2019','DD-MM-YYYY'),58,58,1);
INSERT INTO ranking(id,posicion,vueltas,fecha,id_equipo,id_vehiculo,id_evento) VALUES (59,7,50,to_date('15-05-2019','DD-MM-YYYY'),59,59,1);
INSERT INTO ranking(id,posicion,vueltas,fecha,id_equipo,id_vehiculo,id_evento) VALUES (60,34,50,to_date('15-05-2019','DD-MM-YYYY'),60,60,1);
INSERT INTO ranking(id,posicion,vueltas,fecha,id_equipo,id_vehiculo,id_evento) VALUES (61,54,50,to_date('15-05-2019','DD-MM-YYYY'),61,61,1);
INSERT INTO ranking(id,posicion,vueltas,fecha,id_equipo,id_vehiculo,id_evento) VALUES (62,62,50,to_date('15-05-2019','DD-MM-YYYY'),62,62,1);
INSERT INTO ranking(id,posicion,vueltas,fecha,id_equipo,id_vehiculo,id_evento) VALUES (125,3,50,to_date('19-07-2020','DD-MM-YYYY'),1,1,3);
INSERT INTO ranking(id,posicion,vueltas,fecha,id_equipo,id_vehiculo,id_evento) VALUES (126,2,50,to_date('19-07-2020','DD-MM-YYYY'),4,4,3);
INSERT INTO ranking(id,posicion,vueltas,fecha,id_equipo,id_vehiculo,id_evento) VALUES (127,1,50,to_date('19-07-2020','DD-MM-YYYY'),2,2,3);
INSERT INTO ranking(id,posicion,vueltas,fecha,id_equipo,id_vehiculo,id_evento) VALUES (128,4,50,to_date('19-07-2020','DD-MM-YYYY'),5,5,3);
INSERT INTO ranking(id,posicion,vueltas,fecha,id_equipo,id_vehiculo,id_evento) VALUES (129,6,50,to_date('19-07-2020','DD-MM-YYYY'),9,102,3);
INSERT INTO ranking(id,posicion,vueltas,fecha,id_equipo,id_vehiculo,id_evento) VALUES (130,12,50,to_date('19-07-2020','DD-MM-YYYY'),63,63,3);
INSERT INTO ranking(id,posicion,vueltas,fecha,id_equipo,id_vehiculo,id_evento) VALUES (131,14,50,to_date('19-07-2020','DD-MM-YYYY'),64,64,3);
INSERT INTO ranking(id,posicion,vueltas,fecha,id_equipo,id_vehiculo,id_evento) VALUES (132,15,50,to_date('19-07-2020','DD-MM-YYYY'),65,65,3);
INSERT INTO ranking(id,posicion,vueltas,fecha,id_equipo,id_vehiculo,id_evento) VALUES (133,7,50,to_date('19-07-2020','DD-MM-YYYY'),11,11,3);
INSERT INTO ranking(id,posicion,vueltas,fecha,id_equipo,id_vehiculo,id_evento) VALUES (134,58,50,to_date('19-07-2020','DD-MM-YYYY'),66,66,3);
INSERT INTO ranking(id,posicion,vueltas,fecha,id_equipo,id_vehiculo,id_evento) VALUES (135,20,50,to_date('19-07-2020','DD-MM-YYYY'),15,15,3);
INSERT INTO ranking(id,posicion,vueltas,fecha,id_equipo,id_vehiculo,id_evento) VALUES (136,17,50,to_date('19-07-2020','DD-MM-YYYY'),67,67,3);
INSERT INTO ranking(id,posicion,vueltas,fecha,id_equipo,id_vehiculo,id_evento) VALUES (137,25,50,to_date('19-07-2020','DD-MM-YYYY'),68,68,3);
INSERT INTO ranking(id,posicion,vueltas,fecha,id_equipo,id_vehiculo,id_evento) VALUES (138,22,50,to_date('19-07-2020','DD-MM-YYYY'),69,69,3);
INSERT INTO ranking(id,posicion,vueltas,fecha,id_equipo,id_vehiculo,id_evento) VALUES (139,59,50,to_date('19-07-2020','DD-MM-YYYY'),70,70,3);
INSERT INTO ranking(id,posicion,vueltas,fecha,id_equipo,id_vehiculo,id_evento) VALUES (140,16,50,to_date('19-07-2020','DD-MM-YYYY'),71,71,3);
INSERT INTO ranking(id,posicion,vueltas,fecha,id_equipo,id_vehiculo,id_evento) VALUES (141,10,50,to_date('19-07-2020','DD-MM-YYYY'),19,72,3);
INSERT INTO ranking(id,posicion,vueltas,fecha,id_equipo,id_vehiculo,id_evento) VALUES (142,23,50,to_date('19-07-2020','DD-MM-YYYY'),72,73,3);
INSERT INTO ranking(id,posicion,vueltas,fecha,id_equipo,id_vehiculo,id_evento) VALUES (143,8,50,to_date('19-07-2020','DD-MM-YYYY'),26,74,3);
INSERT INTO ranking(id,posicion,vueltas,fecha,id_equipo,id_vehiculo,id_evento) VALUES (144,31,50,to_date('19-07-2020','DD-MM-YYYY'),44,75,3);
INSERT INTO ranking(id,posicion,vueltas,fecha,id_equipo,id_vehiculo,id_evento) VALUES (145,29,50,to_date('19-07-2020','DD-MM-YYYY'),20,20,3);
INSERT INTO ranking(id,posicion,vueltas,fecha,id_equipo,id_vehiculo,id_evento) VALUES (146,30,50,to_date('19-07-2020','DD-MM-YYYY'),55,55,3);
INSERT INTO ranking(id,posicion,vueltas,fecha,id_equipo,id_vehiculo,id_evento) VALUES (147,35,50,to_date('19-07-2020','DD-MM-YYYY'),73,76,3);
INSERT INTO ranking(id,posicion,vueltas,fecha,id_equipo,id_vehiculo,id_evento) VALUES (148,40,50,to_date('19-07-2020','DD-MM-YYYY'),42,42,3);
INSERT INTO ranking(id,posicion,vueltas,fecha,id_equipo,id_vehiculo,id_evento) VALUES (149,37,50,to_date('19-07-2020','DD-MM-YYYY'),34,34,3);
INSERT INTO ranking(id,posicion,vueltas,fecha,id_equipo,id_vehiculo,id_evento) VALUES (150,42,50,to_date('19-07-2020','DD-MM-YYYY'),74,77,3);
INSERT INTO ranking(id,posicion,vueltas,fecha,id_equipo,id_vehiculo,id_evento) VALUES (151,38,50,to_date('19-07-2020','DD-MM-YYYY'),31,31,3);
INSERT INTO ranking(id,posicion,vueltas,fecha,id_equipo,id_vehiculo,id_evento) VALUES (152,24,50,to_date('19-07-2020','DD-MM-YYYY'),75,78,3);
INSERT INTO ranking(id,posicion,vueltas,fecha,id_equipo,id_vehiculo,id_evento) VALUES (153,41,50,to_date('19-07-2020','DD-MM-YYYY'),38,38,3);
INSERT INTO ranking(id,posicion,vueltas,fecha,id_equipo,id_vehiculo,id_evento) VALUES (154,51,50,to_date('19-07-2020','DD-MM-YYYY'),76,79,3);
INSERT INTO ranking(id,posicion,vueltas,fecha,id_equipo,id_vehiculo,id_evento) VALUES (155,28,50,to_date('19-07-2020','DD-MM-YYYY'),21,80,3);
INSERT INTO ranking(id,posicion,vueltas,fecha,id_equipo,id_vehiculo,id_evento) VALUES (156,36,50,to_date('19-07-2020','DD-MM-YYYY'),77,81,3);
INSERT INTO ranking(id,posicion,vueltas,fecha,id_equipo,id_vehiculo,id_evento) VALUES (157,39,50,to_date('19-07-2020','DD-MM-YYYY'),56,56,3);
INSERT INTO ranking(id,posicion,vueltas,fecha,id_equipo,id_vehiculo,id_evento) VALUES (158,53,50,to_date('19-07-2020','DD-MM-YYYY'),78,82,3);
INSERT INTO ranking(id,posicion,vueltas,fecha,id_equipo,id_vehiculo,id_evento) VALUES (159,33,50,to_date('19-07-2020','DD-MM-YYYY'),29,83,3);
INSERT INTO ranking(id,posicion,vueltas,fecha,id_equipo,id_vehiculo,id_evento) VALUES (160,43,50,to_date('19-07-2020','DD-MM-YYYY'),62,62,3);
INSERT INTO ranking(id,posicion,vueltas,fecha,id_equipo,id_vehiculo,id_evento) VALUES (161,54,50,to_date('19-07-2020','DD-MM-YYYY'),79,84,3);
INSERT INTO ranking(id,posicion,vueltas,fecha,id_equipo,id_vehiculo,id_evento) VALUES (162,52,50,to_date('19-07-2020','DD-MM-YYYY'),36,36,3);
INSERT INTO ranking(id,posicion,vueltas,fecha,id_equipo,id_vehiculo,id_evento) VALUES (163,45,50,to_date('19-07-2020','DD-MM-YYYY'),80,85,3);
INSERT INTO ranking(id,posicion,vueltas,fecha,id_equipo,id_vehiculo,id_evento) VALUES (164,44,50,to_date('19-07-2020','DD-MM-YYYY'),81,86,3);
INSERT INTO ranking(id,posicion,vueltas,fecha,id_equipo,id_vehiculo,id_evento) VALUES (165,55,50,to_date('19-07-2020','DD-MM-YYYY'),82,87,3);
INSERT INTO ranking(id,posicion,vueltas,fecha,id_equipo,id_vehiculo,id_evento) VALUES (166,26,50,to_date('19-07-2020','DD-MM-YYYY'),45,45,3);
INSERT INTO ranking(id,posicion,vueltas,fecha,id_equipo,id_vehiculo,id_evento) VALUES (167,56,50,to_date('19-07-2020','DD-MM-YYYY'),83,88,3);
INSERT INTO ranking(id,posicion,vueltas,fecha,id_equipo,id_vehiculo,id_evento) VALUES (168,18,50,to_date('19-07-2020','DD-MM-YYYY'),84,89,3);
INSERT INTO ranking(id,posicion,vueltas,fecha,id_equipo,id_vehiculo,id_evento) VALUES (169,35,50,to_date('19-07-2020','DD-MM-YYYY'),54,54,3);
INSERT INTO ranking(id,posicion,vueltas,fecha,id_equipo,id_vehiculo,id_evento) VALUES (170,48,50,to_date('19-07-2020','DD-MM-YYYY'),85,90,3);
INSERT INTO ranking(id,posicion,vueltas,fecha,id_equipo,id_vehiculo,id_evento) VALUES (171,46,50,to_date('19-07-2020','DD-MM-YYYY'),58,58,3);
INSERT INTO ranking(id,posicion,vueltas,fecha,id_equipo,id_vehiculo,id_evento) VALUES (172,50,50,to_date('19-07-2020','DD-MM-YYYY'),87,92,3);
INSERT INTO ranking(id,posicion,vueltas,fecha,id_equipo,id_vehiculo,id_evento) VALUES (173,21,50,to_date('19-07-2020','DD-MM-YYYY'),88,93,3);
INSERT INTO ranking(id,posicion,vueltas,fecha,id_equipo,id_vehiculo,id_evento) VALUES (174,34,50,to_date('19-07-2020','DD-MM-YYYY'),89,94,3);
INSERT INTO ranking(id,posicion,vueltas,fecha,id_equipo,id_vehiculo,id_evento) VALUES (175,47,50,to_date('19-07-2020','DD-MM-YYYY'),41,41,3);
INSERT INTO ranking(id,posicion,vueltas,fecha,id_equipo,id_vehiculo,id_evento) VALUES (176,13,50,to_date('19-07-2020','DD-MM-YYYY'),90,95,3);
INSERT INTO ranking(id,posicion,vueltas,fecha,id_equipo,id_vehiculo,id_evento) VALUES (177,19,50,to_date('19-07-2020','DD-MM-YYYY'),91,96,3);
INSERT INTO ranking(id,posicion,vueltas,fecha,id_equipo,id_vehiculo,id_evento) VALUES (178,5,50,to_date('19-07-2020','DD-MM-YYYY'),52,52,3);
INSERT INTO ranking(id,posicion,vueltas,fecha,id_equipo,id_vehiculo,id_evento) VALUES (179,9,50,to_date('19-07-2020','DD-MM-YYYY'),92,97,3);
INSERT INTO ranking(id,posicion,vueltas,fecha,id_equipo,id_vehiculo,id_evento) VALUES (180,57,50,to_date('19-07-2020','DD-MM-YYYY'),93,98,3);
INSERT INTO ranking(id,posicion,vueltas,fecha,id_equipo,id_vehiculo,id_evento) VALUES (181,49,50,to_date('19-07-2020','DD-MM-YYYY'),94,99,3);
INSERT INTO ranking(id,posicion,vueltas,fecha,id_equipo,id_vehiculo,id_evento) VALUES (182,27,50,to_date('19-07-2020','DD-MM-YYYY'),95,100,3);
INSERT INTO ranking(id,posicion,vueltas,fecha,id_equipo,id_vehiculo,id_evento) VALUES (183,11,50,to_date('19-07-2020','DD-MM-YYYY'),96,101,3);


--Ranking Carrera
INSERT INTO ranking(id,posicion,kilometraje,vueltas,fecha,id_equipo,id_vehiculo,id_evento) VALUES (63,1,5245.638,385,to_date('15-06-2019','DD-MM-YYYY'),1,1,2);
INSERT INTO ranking(id,posicion,kilometraje,vueltas,fecha,id_equipo,id_vehiculo,id_evento) VALUES (64,2,5244.338,385,to_date('15-06-2019','DD-MM-YYYY'),2,2,2);
INSERT INTO ranking(id,posicion,kilometraje,vueltas,fecha,id_equipo,id_vehiculo,id_evento) VALUES (65,3,5161.39,379,to_date('15-06-2019','DD-MM-YYYY'),3,3,2);
INSERT INTO ranking(id,posicion,kilometraje,vueltas,fecha,id_equipo,id_vehiculo,id_evento) VALUES (66,4,5116.739,376,to_date('15-06-2019','DD-MM-YYYY'),4,4,2);
INSERT INTO ranking(id,posicion,kilometraje,vueltas,fecha,id_equipo,id_vehiculo,id_evento) VALUES (67,5,5036.754,370,to_date('15-06-2019','DD-MM-YYYY'),5,5,2);
INSERT INTO ranking(id,posicion,kilometraje,vueltas,fecha,id_equipo,id_vehiculo,id_evento) VALUES (68,6,5005.652,368,to_date('15-06-2019','DD-MM-YYYY'),6,6,2);
INSERT INTO ranking(id,posicion,kilometraje,vueltas,fecha,id_equipo,id_vehiculo,id_evento) VALUES (69,7,4996.584,367,to_date('15-06-2019','DD-MM-YYYY'),7,7,2);
INSERT INTO ranking(id,posicion,kilometraje,vueltas,fecha,id_equipo,id_vehiculo,id_evento) VALUES (70,8,4984.77,366,to_date('15-06-2019','DD-MM-YYYY'),8,8,2);
INSERT INTO ranking(id,posicion,kilometraje,vueltas,fecha,id_equipo,id_vehiculo,id_evento) VALUES (71,9,4970.38,365,to_date('15-06-2019','DD-MM-YYYY'),9,9,2);
INSERT INTO ranking(id,posicion,kilometraje,vueltas,fecha,id_equipo,id_vehiculo,id_evento) VALUES (72,10,4957.831,364,to_date('15-06-2019','DD-MM-YYYY'),10,10,2);
INSERT INTO ranking(id,posicion,kilometraje,vueltas,fecha,id_equipo,id_vehiculo,id_evento) VALUES (73,11,4956.406,364,to_date('15-06-2019','DD-MM-YYYY'),11,11,2);
INSERT INTO ranking(id,posicion,kilometraje,vueltas,fecha,id_equipo,id_vehiculo,id_evento) VALUES (74,12,4944.589,363,to_date('15-06-2019','DD-MM-YYYY'),12,12,2);
INSERT INTO ranking(id,posicion,kilometraje,vueltas,fecha,id_equipo,id_vehiculo,id_evento) VALUES (75,13,4931.516,362,to_date('15-06-2019','DD-MM-YYYY'),13,13,2);
INSERT INTO ranking(id,posicion,kilometraje,vueltas,fecha,id_equipo,id_vehiculo,id_evento) VALUES (76,14,4931.463,362,to_date('15-06-2019','DD-MM-YYYY'),14,14,2);
INSERT INTO ranking(id,posicion,kilometraje,vueltas,fecha,id_equipo,id_vehiculo,id_evento) VALUES (77,15,4852.561,357,to_date('15-06-2019','DD-MM-YYYY'),15,15,2);
INSERT INTO ranking(id,posicion,kilometraje,vueltas,fecha,id_equipo,id_vehiculo,id_evento) VALUES (78,16,4840.79,356,to_date('15-06-2019','DD-MM-YYYY'),16,16,2);
INSERT INTO ranking(id,posicion,kilometraje,vueltas,fecha,id_equipo,id_vehiculo,id_evento) VALUES (79,17,4832.496,355,to_date('15-06-2019','DD-MM-YYYY'),17,17,2);
INSERT INTO ranking(id,posicion,kilometraje,vueltas,fecha,id_equipo,id_vehiculo,id_evento) VALUES (80,18,4787.769,352,to_date('15-06-2019','DD-MM-YYYY'),18,18,2);
INSERT INTO ranking(id,posicion,kilometraje,vueltas,fecha,id_equipo,id_vehiculo,id_evento) VALUES (81,19,4740.558,348,to_date('15-06-2019','DD-MM-YYYY'),19,19,2);
INSERT INTO ranking(id,posicion,kilometraje,vueltas,fecha,id_equipo,id_vehiculo,id_evento) VALUES (82,20,4658.503,342,to_date('15-06-2019','DD-MM-YYYY'),20,20,2);
INSERT INTO ranking(id,posicion,kilometraje,vueltas,fecha,id_equipo,id_vehiculo,id_evento) VALUES (83,21,4655.853,342,to_date('15-06-2019','DD-MM-YYYY'),21,21,2);
INSERT INTO ranking(id,posicion,kilometraje,vueltas,fecha,id_equipo,id_vehiculo,id_evento) VALUES (84,22,4654.886,342,to_date('15-06-2019','DD-MM-YYYY'),22,22,2);
INSERT INTO ranking(id,posicion,kilometraje,vueltas,fecha,id_equipo,id_vehiculo,id_evento) VALUES (85,23,4647.58,342,to_date('15-06-2019','DD-MM-YYYY'),23,23,2);
INSERT INTO ranking(id,posicion,kilometraje,vueltas,fecha,id_equipo,id_vehiculo,id_evento) VALUES (86,24,4639.353,341,to_date('15-06-2019','DD-MM-YYYY'),24,24,2);
INSERT INTO ranking(id,posicion,kilometraje,vueltas,fecha,id_equipo,id_vehiculo,id_evento) VALUES (87,25,4630.096,340,to_date('15-06-2019','DD-MM-YYYY'),25,25,2);
INSERT INTO ranking(id,posicion,kilometraje,vueltas,fecha,id_equipo,id_vehiculo,id_evento) VALUES (88,26,4623.822,340,to_date('15-06-2019','DD-MM-YYYY'),26,26,2);
INSERT INTO ranking(id,posicion,kilometraje,vueltas,fecha,id_equipo,id_vehiculo,id_evento) VALUES (89,27,4617.367,339,to_date('15-06-2019','DD-MM-YYYY'),27,27,2);
INSERT INTO ranking(id,posicion,kilometraje,vueltas,fecha,id_equipo,id_vehiculo,id_evento) VALUES (90,28,4585.702,337,to_date('15-06-2019','DD-MM-YYYY'),28,28,2);
INSERT INTO ranking(id,posicion,kilometraje,vueltas,fecha,id_equipo,id_vehiculo,id_evento) VALUES (91,29,4579.504,337,to_date('15-06-2019','DD-MM-YYYY'),29,29,2);
INSERT INTO ranking(id,posicion,kilometraje,vueltas,fecha,id_equipo,id_vehiculo,id_evento) VALUES (92,30,4563.296,335,to_date('15-06-2019','DD-MM-YYYY'),30,30,2);
INSERT INTO ranking(id,posicion,kilometraje,vueltas,fecha,id_equipo,id_vehiculo,id_evento) VALUES (93,31,4541.358,334,to_date('15-06-2019','DD-MM-YYYY'),31,31,2);
INSERT INTO ranking(id,posicion,kilometraje,vueltas,fecha,id_equipo,id_vehiculo,id_evento) VALUES (94,32,4539.041,334,to_date('15-06-2019','DD-MM-YYYY'),32,32,2);
INSERT INTO ranking(id,posicion,kilometraje,vueltas,fecha,id_equipo,id_vehiculo,id_evento) VALUES (95,33,4527.742,333,to_date('15-06-2019','DD-MM-YYYY'),33,33,2);
INSERT INTO ranking(id,posicion,kilometraje,vueltas,fecha,id_equipo,id_vehiculo,id_evento) VALUES (96,34,4523.213,332,to_date('15-06-2019','DD-MM-YYYY'),34,34,2);
INSERT INTO ranking(id,posicion,kilometraje,vueltas,fecha,id_equipo,id_vehiculo,id_evento) VALUES (97,35,4516.876,332,to_date('15-06-2019','DD-MM-YYYY'),35,35,2);
INSERT INTO ranking(id,posicion,kilometraje,vueltas,fecha,id_equipo,id_vehiculo,id_evento) VALUES (98,36,4514.351,332,to_date('15-06-2019','DD-MM-YYYY'),36,36,2);
INSERT INTO ranking(id,posicion,kilometraje,vueltas,fecha,id_equipo,id_vehiculo,id_evento) VALUES (99,37,4504.571,331,to_date('15-06-2019','DD-MM-YYYY'),37,37,2);
INSERT INTO ranking(id,posicion,kilometraje,vueltas,fecha,id_equipo,id_vehiculo,id_evento) VALUES (100,38,4501.144,331,to_date('15-06-2019','DD-MM-YYYY'),38,38,2);
INSERT INTO ranking(id,posicion,kilometraje,vueltas,fecha,id_equipo,id_vehiculo,id_evento) VALUES (101,39,4483.824,330,to_date('15-06-2019','DD-MM-YYYY'),39,39,2);
INSERT INTO ranking(id,posicion,kilometraje,vueltas,fecha,id_equipo,id_vehiculo,id_evento) VALUES (102,40,4474.486,329,to_date('15-06-2019','DD-MM-YYYY'),40,40,2);
INSERT INTO ranking(id,posicion,kilometraje,vueltas,fecha,id_equipo,id_vehiculo,id_evento) VALUES (103,41,4457.396,328,to_date('15-06-2019','DD-MM-YYYY'),41,41,2);
INSERT INTO ranking(id,posicion,kilometraje,vueltas,fecha,id_equipo,id_vehiculo,id_evento) VALUES (104,42,4447.668,327,to_date('15-06-2019','DD-MM-YYYY'),42,42,2);
INSERT INTO ranking(id,posicion,kilometraje,vueltas,fecha,id_equipo,id_vehiculo,id_evento) VALUES (105,43,4440.366,327,to_date('15-06-2019','DD-MM-YYYY'),43,43,2);
INSERT INTO ranking(id,posicion,kilometraje,vueltas,fecha,id_equipo,id_vehiculo,id_evento) VALUES (106,44,4426.282,325,to_date('15-06-2019','DD-MM-YYYY'),44,44,2);
INSERT INTO ranking(id,posicion,kilometraje,vueltas,fecha,id_equipo,id_vehiculo,id_evento) VALUES (107,45,4421.678,325,to_date('15-06-2019','DD-MM-YYYY'),45,45,2);
INSERT INTO ranking(id,posicion,kilometraje,vueltas,fecha,id_equipo,id_vehiculo,id_evento) VALUES (108,46,4402.313,324,to_date('15-06-2019','DD-MM-YYYY'),46,46,2);
INSERT INTO ranking(id,posicion,kilometraje,vueltas,fecha,id_equipo,id_vehiculo,id_evento) VALUES (109,47,4209.131,309,to_date('15-06-2019','DD-MM-YYYY'),47,47,2);
INSERT INTO ranking(id,posicion,kilometraje,vueltas,fecha,id_equipo,id_vehiculo,id_evento) VALUES (110,48,0,295,to_date('15-06-2019','DD-MM-YYYY'),48,48,2);
INSERT INTO ranking(id,posicion,kilometraje,vueltas,fecha,id_equipo,id_vehiculo,id_evento) VALUES (111,49,0,245,to_date('15-06-2019','DD-MM-YYYY'),49,49,2);
INSERT INTO ranking(id,posicion,kilometraje,vueltas,fecha,id_equipo,id_vehiculo,id_evento) VALUES (112,50,0,199,to_date('15-06-2019','DD-MM-YYYY'),50,50,2);
INSERT INTO ranking(id,posicion,kilometraje,vueltas,fecha,id_equipo,id_vehiculo,id_evento) VALUES (113,51,0,163,to_date('15-06-2019','DD-MM-YYYY'),51,51,2);
INSERT INTO ranking(id,posicion,kilometraje,vueltas,fecha,id_equipo,id_vehiculo,id_evento) VALUES (114,52,0,163,to_date('15-06-2019','DD-MM-YYYY'),52,52,2);
INSERT INTO ranking(id,posicion,kilometraje,vueltas,fecha,id_equipo,id_vehiculo,id_evento) VALUES (115,53,0,160,to_date('15-06-2019','DD-MM-YYYY'),53,53,2);
INSERT INTO ranking(id,posicion,kilometraje,vueltas,fecha,id_equipo,id_vehiculo,id_evento) VALUES (116,54,0,140,to_date('15-06-2019','DD-MM-YYYY'),54,54,2);
INSERT INTO ranking(id,posicion,kilometraje,vueltas,fecha,id_equipo,id_vehiculo,id_evento) VALUES (117,55,0,132,to_date('15-06-2019','DD-MM-YYYY'),55,55,2);
INSERT INTO ranking(id,posicion,kilometraje,vueltas,fecha,id_equipo,id_vehiculo,id_evento) VALUES (118,56,0,87,to_date('15-06-2019','DD-MM-YYYY'),56,56,2);
INSERT INTO ranking(id,posicion,kilometraje,vueltas,fecha,id_equipo,id_vehiculo,id_evento) VALUES (119,57,0,82,to_date('15-06-2019','DD-MM-YYYY'),57,57,2);
INSERT INTO ranking(id,posicion,kilometraje,vueltas,fecha,id_equipo,id_vehiculo,id_evento) VALUES (120,58,0,79,to_date('15-06-2019','DD-MM-YYYY'),58,58,2);
INSERT INTO ranking(id,posicion,kilometraje,vueltas,fecha,id_equipo,id_vehiculo,id_evento) VALUES (121,59,0,76,to_date('15-06-2019','DD-MM-YYYY'),59,59,2);
INSERT INTO ranking(id,posicion,kilometraje,vueltas,fecha,id_equipo,id_vehiculo,id_evento) VALUES (122,60,0,342,to_date('15-06-2019','DD-MM-YYYY'),60,60,2);
INSERT INTO ranking(id,posicion,kilometraje,vueltas,fecha,id_equipo,id_vehiculo,id_evento) VALUES (123,61,0,334,to_date('15-06-2019','DD-MM-YYYY'),61,61,2);
INSERT INTO ranking(id,posicion,kilometraje,vueltas,fecha,id_equipo,id_vehiculo,id_evento) VALUES (124,62,0,0,to_date('15-06-2019','DD-MM-YYYY'),62,62,2);
INSERT INTO ranking(id,posicion,kilometraje,vueltas,fecha,id_equipo,id_vehiculo,id_evento) VALUES (184,1,5266.843,387,to_date('19-09-2020','DD-MM-YYYY'),1,1,4);
INSERT INTO ranking(id,posicion,kilometraje,vueltas,fecha,id_equipo,id_vehiculo,id_evento) VALUES (185,2,5193.981,382,to_date('19-09-2020','DD-MM-YYYY'),4,4,4);
INSERT INTO ranking(id,posicion,kilometraje,vueltas,fecha,id_equipo,id_vehiculo,id_evento) VALUES (186,3,5179.602,381,to_date('19-09-2020','DD-MM-YYYY'),2,2,4);
INSERT INTO ranking(id,posicion,kilometraje,vueltas,fecha,id_equipo,id_vehiculo,id_evento) VALUES (187,4,5175.454,381,to_date('19-09-2020','DD-MM-YYYY'),5,5,4);
INSERT INTO ranking(id,posicion,kilometraje,vueltas,fecha,id_equipo,id_vehiculo,id_evento) VALUES (188,5,5032.674,370,to_date('19-09-2020','DD-MM-YYYY'),9,102,4);
INSERT INTO ranking(id,posicion,kilometraje,vueltas,fecha,id_equipo,id_vehiculo,id_evento) VALUES (189,6,5030.766,370,to_date('19-09-2020','DD-MM-YYYY'),63,63,4);
INSERT INTO ranking(id,posicion,kilometraje,vueltas,fecha,id_equipo,id_vehiculo,id_evento) VALUES (190,7,5007.562,368,to_date('19-09-2020','DD-MM-YYYY'),64,64,4);
INSERT INTO ranking(id,posicion,kilometraje,vueltas,fecha,id_equipo,id_vehiculo,id_evento) VALUES (191,8,4989.563,367,to_date('19-09-2020','DD-MM-YYYY'),65,65,4);
INSERT INTO ranking(id,posicion,kilometraje,vueltas,fecha,id_equipo,id_vehiculo,id_evento) VALUES (192,9,4986.248,367,to_date('19-09-2020','DD-MM-YYYY'),11,11,4);
INSERT INTO ranking(id,posicion,kilometraje,vueltas,fecha,id_equipo,id_vehiculo,id_evento) VALUES (193,10,4976.885,366,to_date('19-09-2020','DD-MM-YYYY'),66,66,4);
INSERT INTO ranking(id,posicion,kilometraje,vueltas,fecha,id_equipo,id_vehiculo,id_evento) VALUES (194,11,4955.524,365,to_date('19-09-2020','DD-MM-YYYY'),15,15,4);
INSERT INTO ranking(id,posicion,kilometraje,vueltas,fecha,id_equipo,id_vehiculo,id_evento) VALUES (195,12,4953.682,365,to_date('19-09-2020','DD-MM-YYYY'),67,67,4);
INSERT INTO ranking(id,posicion,kilometraje,vueltas,fecha,id_equipo,id_vehiculo,id_evento) VALUES (196,13,4951.005,364,to_date('19-09-2020','DD-MM-YYYY'),68,68,4);
INSERT INTO ranking(id,posicion,kilometraje,vueltas,fecha,id_equipo,id_vehiculo,id_evento) VALUES (197,14,4933.996,363,to_date('19-09-2020','DD-MM-YYYY'),69,69,4);
INSERT INTO ranking(id,posicion,kilometraje,vueltas,fecha,id_equipo,id_vehiculo,id_evento) VALUES (198,15,4931.049,363,to_date('19-09-2020','DD-MM-YYYY'),70,70,4);
INSERT INTO ranking(id,posicion,kilometraje,vueltas,fecha,id_equipo,id_vehiculo,id_evento) VALUES (199,16,4906.085,361,to_date('19-09-2020','DD-MM-YYYY'),71,71,4);
INSERT INTO ranking(id,posicion,kilometraje,vueltas,fecha,id_equipo,id_vehiculo,id_evento) VALUES (200,17,4883.024,359,to_date('19-09-2020','DD-MM-YYYY'),19,72,4);
INSERT INTO ranking(id,posicion,kilometraje,vueltas,fecha,id_equipo,id_vehiculo,id_evento) VALUES (201,18,4776.253,351,to_date('19-09-2020','DD-MM-YYYY'),72,73,4);
INSERT INTO ranking(id,posicion,kilometraje,vueltas,fecha,id_equipo,id_vehiculo,id_evento) VALUES (202,19,4748.142,349,to_date('19-09-2020','DD-MM-YYYY'),26,74,4);
INSERT INTO ranking(id,posicion,kilometraje,vueltas,fecha,id_equipo,id_vehiculo,id_evento) VALUES (203,20,4704.173,346,to_date('19-09-2020','DD-MM-YYYY'),44,75,4);
INSERT INTO ranking(id,posicion,kilometraje,vueltas,fecha,id_equipo,id_vehiculo,id_evento) VALUES (204,21,4699.118,346,to_date('19-09-2020','DD-MM-YYYY'),20,20,4);
INSERT INTO ranking(id,posicion,kilometraje,vueltas,fecha,id_equipo,id_vehiculo,id_evento) VALUES (205,22,4663.384,343,to_date('19-09-2020','DD-MM-YYYY'),55,55,4);
INSERT INTO ranking(id,posicion,kilometraje,vueltas,fecha,id_equipo,id_vehiculo,id_evento) VALUES (206,23,4610.272,339,to_date('19-09-2020','DD-MM-YYYY'),73,76,4);
INSERT INTO ranking(id,posicion,kilometraje,vueltas,fecha,id_equipo,id_vehiculo,id_evento) VALUES (207,24,4605.303,339,to_date('19-09-2020','DD-MM-YYYY'),42,42,4);
INSERT INTO ranking(id,posicion,kilometraje,vueltas,fecha,id_equipo,id_vehiculo,id_evento) VALUES (208,25,4602.661,339,to_date('19-09-2020','DD-MM-YYYY'),34,34,4);
INSERT INTO ranking(id,posicion,kilometraje,vueltas,fecha,id_equipo,id_vehiculo,id_evento) VALUES (209,26,4602.499,339,to_date('19-09-2020','DD-MM-YYYY'),74,77,4);
INSERT INTO ranking(id,posicion,kilometraje,vueltas,fecha,id_equipo,id_vehiculo,id_evento) VALUES (210,27,4602.057,339,to_date('19-09-2020','DD-MM-YYYY'),31,31,4);
INSERT INTO ranking(id,posicion,kilometraje,vueltas,fecha,id_equipo,id_vehiculo,id_evento) VALUES (211,28,4599.56,338,to_date('19-09-2020','DD-MM-YYYY'),75,78,4);
INSERT INTO ranking(id,posicion,kilometraje,vueltas,fecha,id_equipo,id_vehiculo,id_evento) VALUES (212,29,4575.108,337,to_date('19-09-2020','DD-MM-YYYY'),38,38,4);
INSERT INTO ranking(id,posicion,kilometraje,vueltas,fecha,id_equipo,id_vehiculo,id_evento) VALUES (213,30,4556.985,335,to_date('19-09-2020','DD-MM-YYYY'),76,79,4);
INSERT INTO ranking(id,posicion,kilometraje,vueltas,fecha,id_equipo,id_vehiculo,id_evento) VALUES (214,31,4556.659,335,to_date('19-09-2020','DD-MM-YYYY'),21,80,4);
INSERT INTO ranking(id,posicion,kilometraje,vueltas,fecha,id_equipo,id_vehiculo,id_evento) VALUES (215,32,4548.058,335,to_date('19-09-2020','DD-MM-YYYY'),77,81,4);
INSERT INTO ranking(id,posicion,kilometraje,vueltas,fecha,id_equipo,id_vehiculo,id_evento) VALUES (216,33,4524.29,333,to_date('19-09-2020','DD-MM-YYYY'),56,56,4);
INSERT INTO ranking(id,posicion,kilometraje,vueltas,fecha,id_equipo,id_vehiculo,id_evento) VALUES (217,34,4517.101,332,to_date('19-09-2020','DD-MM-YYYY'),78,82,4);
INSERT INTO ranking(id,posicion,kilometraje,vueltas,fecha,id_equipo,id_vehiculo,id_evento) VALUES (218,35,4503.327,331,to_date('19-09-2020','DD-MM-YYYY'),29,83,4);
INSERT INTO ranking(id,posicion,kilometraje,vueltas,fecha,id_equipo,id_vehiculo,id_evento) VALUES (219,36,4498.975,331,to_date('19-09-2020','DD-MM-YYYY'),62,62,4);
INSERT INTO ranking(id,posicion,kilometraje,vueltas,fecha,id_equipo,id_vehiculo,id_evento) VALUES (220,37,4494.04,331,to_date('19-09-2020','DD-MM-YYYY'),79,84,4);
INSERT INTO ranking(id,posicion,kilometraje,vueltas,fecha,id_equipo,id_vehiculo,id_evento) VALUES (221,38,4489.86,330,to_date('19-09-2020','DD-MM-YYYY'),36,36,4);
INSERT INTO ranking(id,posicion,kilometraje,vueltas,fecha,id_equipo,id_vehiculo,id_evento) VALUES (222,39,4486.161,330,to_date('19-09-2020','DD-MM-YYYY'),80,85,4);
INSERT INTO ranking(id,posicion,kilometraje,vueltas,fecha,id_equipo,id_vehiculo,id_evento) VALUES (223,40,4429.069,326,to_date('19-09-2020','DD-MM-YYYY'),81,86,4);
INSERT INTO ranking(id,posicion,kilometraje,vueltas,fecha,id_equipo,id_vehiculo,id_evento) VALUES (224,41,4417.895,325,to_date('19-09-2020','DD-MM-YYYY'),82,87,4);
INSERT INTO ranking(id,posicion,kilometraje,vueltas,fecha,id_equipo,id_vehiculo,id_evento) VALUES (225,42,4293.998,316,to_date('19-09-2020','DD-MM-YYYY'),45,45,4);
INSERT INTO ranking(id,posicion,kilometraje,vueltas,fecha,id_equipo,id_vehiculo,id_evento) VALUES (226,43,4256.751,313,to_date('19-09-2020','DD-MM-YYYY'),83,88,4);
INSERT INTO ranking(id,posicion,kilometraje,vueltas,fecha,id_equipo,id_vehiculo,id_evento) VALUES (227,44,0,357,to_date('19-09-2020','DD-MM-YYYY'),84,89,4);
INSERT INTO ranking(id,posicion,kilometraje,vueltas,fecha,id_equipo,id_vehiculo,id_evento) VALUES (228,45,0,340,to_date('19-09-2020','DD-MM-YYYY'),54,54,4);
INSERT INTO ranking(id,posicion,kilometraje,vueltas,fecha,id_equipo,id_vehiculo,id_evento) VALUES (229,46,0,273,to_date('19-09-2020','DD-MM-YYYY'),85,90,4);
INSERT INTO ranking(id,posicion,kilometraje,vueltas,fecha,id_equipo,id_vehiculo,id_evento) VALUES (230,47,0,238,to_date('19-09-2020','DD-MM-YYYY'),58,58,4);
INSERT INTO ranking(id,posicion,kilometraje,vueltas,fecha,id_equipo,id_vehiculo,id_evento) VALUES (231,48,0,211,to_date('19-09-2020','DD-MM-YYYY'),87,92,4);
INSERT INTO ranking(id,posicion,kilometraje,vueltas,fecha,id_equipo,id_vehiculo,id_evento) VALUES (232,49,0,192,to_date('19-09-2020','DD-MM-YYYY'),88,93,4);
INSERT INTO ranking(id,posicion,kilometraje,vueltas,fecha,id_equipo,id_vehiculo,id_evento) VALUES (233,50,0,185,to_date('19-09-2020','DD-MM-YYYY'),89,94,4);
INSERT INTO ranking(id,posicion,kilometraje,vueltas,fecha,id_equipo,id_vehiculo,id_evento) VALUES (234,51,0,172,to_date('19-09-2020','DD-MM-YYYY'),41,41,4);
INSERT INTO ranking(id,posicion,kilometraje,vueltas,fecha,id_equipo,id_vehiculo,id_evento) VALUES (235,52,0,105,to_date('19-09-2020','DD-MM-YYYY'),90,95,4);
INSERT INTO ranking(id,posicion,kilometraje,vueltas,fecha,id_equipo,id_vehiculo,id_evento) VALUES (236,53,0,100,to_date('19-09-2020','DD-MM-YYYY'),91,96,4);
INSERT INTO ranking(id,posicion,kilometraje,vueltas,fecha,id_equipo,id_vehiculo,id_evento) VALUES (237,54,0,97,to_date('19-09-2020','DD-MM-YYYY'),52,52,4);
INSERT INTO ranking(id,posicion,kilometraje,vueltas,fecha,id_equipo,id_vehiculo,id_evento) VALUES (238,55,0,88,to_date('19-09-2020','DD-MM-YYYY'),92,97,4);
INSERT INTO ranking(id,posicion,kilometraje,vueltas,fecha,id_equipo,id_vehiculo,id_evento) VALUES (239,56,0,80,to_date('19-09-2020','DD-MM-YYYY'),93,98,4);
INSERT INTO ranking(id,posicion,kilometraje,vueltas,fecha,id_equipo,id_vehiculo,id_evento) VALUES (240,57,0,78,to_date('19-09-2020','DD-MM-YYYY'),94,99,4);
INSERT INTO ranking(id,posicion,kilometraje,vueltas,fecha,id_equipo,id_vehiculo,id_evento) VALUES (241,58,0,26,to_date('19-09-2020','DD-MM-YYYY'),95,100,4);
INSERT INTO ranking(id,posicion,kilometraje,vueltas,fecha,id_equipo,id_vehiculo,id_evento) VALUES (242,59,0,141,to_date('19-09-2020','DD-MM-YYYY'),96,101,4);
UPDATE ranking set desempeno =('3:18.397',3.74508396605,13.625,218.557) WHERE id= 63 ;
UPDATE ranking set desempeno =('3.17.297',3.74601232138,13.622,218.514) WHERE id= 64 ;
UPDATE ranking set desempeno =('3:19.785',3.80621397831,13.618,215.058) WHERE id= 65 ;
UPDATE ranking set desempeno =('3:20.605',3.83942873879,13.608,213.197) WHERE id= 66 ;
UPDATE ranking set desempeno =('3:18.720',3.90039989356,13.613,209.865) WHERE id= 67 ;
UPDATE ranking set desempeno =('3:27.694',3.92463454621,13.602,208.569) WHERE id= 68 ;
UPDATE ranking set desempeno =('3:29.077',3.93175712957,13.615,208.191) WHERE id= 69 ;
UPDATE ranking set desempeno =('3:27.611',3.94107546898,13.620,207.699) WHERE id= 70 ;
UPDATE ranking set desempeno =('3:29.892',3.95248547707,13.617,207.1) WHERE id= 71 ;
UPDATE ranking set desempeno =('3:29.883',3.96248979957,13.620,206.576) WHERE id= 72 ;
UPDATE ranking set desempeno =('3:27.713',3.96362904199,13.617,206.517) WHERE id= 73 ;
UPDATE ranking set desempeno =('3:28.984',3.93332760023,13.759,206.025) WHERE id= 74 ;
UPDATE ranking set desempeno =('3:30.800',3.98363399115,13.623,205.48) WHERE id= 75 ;
UPDATE ranking set desempeno =('3:29.175',3.98367680453,13.623,205.478) WHERE id= 76 ;
UPDATE ranking set desempeno =('3:28.457',4.04845086244,13.593,202.19) WHERE id= 77 ;
UPDATE ranking set desempeno =('3:29.896',4.05829518849,13.598,201.7) WHERE id= 78 ;
UPDATE ranking set desempeno =('3:33.860',4.06526042970,13.613,201.354) WHERE id= 79 ;
UPDATE ranking set desempeno =('3:31.596',4.10323780565,13.602,199.49) WHERE id= 80 ;
UPDATE ranking set desempeno =('3:30.721',4.14410176302,13.622,197.523) WHERE id= 81 ;
UPDATE ranking set desempeno =('3:50.125',4.21709608548,13.621,194.104) WHERE id= 82 ;
UPDATE ranking set desempeno =('3:49.831',4.21949635556,13.614,193.994) WHERE id= 83 ;
UPDATE ranking set desempeno =('3:50.279',4.22037290827,13.611,193.954) WHERE id= 84 ;
UPDATE ranking set desempeno =('3:50.328',4.22700733834,13.589,193.649) WHERE id= 85 ;
UPDATE ranking set desempeno =('3:50.865',4.23450312263,13.605,193.306) WHERE id= 86 ;
UPDATE ranking set desempeno =('3:51.247',4.24296920960,13.618,192.921) WHERE id= 87 ;
UPDATE ranking set desempeno =('3:29.023',4.24872643573,13.599,192.659) WHERE id= 88 ;
UPDATE ranking set desempeno =('3:50.819',4.20548305571,13.780,192.39) WHERE id= 89 ;
UPDATE ranking set desempeno =('3:49.958',4.28404522699,13.607,191.071) WHERE id= 90 ;
UPDATE ranking set desempeno =('3:49.937',4.28984334668,13.589,190.813) WHERE id= 91 ;
UPDATE ranking set desempeno =('3:50.702',4.30508009244,13.622,190.137) WHERE id= 92 ;
UPDATE ranking set desempeno =('3:54.101',4.32587670153,13.597,189.223) WHERE id= 93 ;
UPDATE ranking set desempeno =('3:53.813',4.32808488963,13.590,189.127) WHERE id= 94 ;
UPDATE ranking set desempeno =('3:53.835',4.33888564443,13.597,188.656) WHERE id= 95 ;
UPDATE ranking set desempeno =('3:52.945',4.34323008125,13.624,188.467) WHERE id= 96 ;
UPDATE ranking set desempeno =('3:53.684',4.34932346283,13.605,188.203) WHERE id= 97 ;
UPDATE ranking set desempeno =('3:53.716',4.35175615842,13.597,188.098) WHERE id= 98 ;
UPDATE ranking set desempeno =('3:53.746',4.36120437784,13.609,187.69) WHERE id= 99 ;
UPDATE ranking set desempeno =('3:52.834',4.36452483313,13.599,187.548) WHERE id= 100 ;
UPDATE ranking set desempeno =('3:55.261',4.38138400738,13.587,186.826) WHERE id= 101 ;
UPDATE ranking set desempeno =('3:51.741',4.39052770877,13.600,186.437) WHERE id= 102 ;
UPDATE ranking set desempeno =('3:54.578',4.40736133058,13.590,185.725) WHERE id= 103 ;
UPDATE ranking set desempeno =('3:54.604',4.41700117129,13.601,185.32) WHERE id= 104 ;
UPDATE ranking set desempeno =('3:53.394',4.42426474878,13.579,185.015) WHERE id= 105 ;
UPDATE ranking set desempeno =('3:51.423',4.43834233009,13.619,184.428) WHERE id= 106 ;
UPDATE ranking set desempeno =('3:32.730',4.44296368155,13.605,184.237) WHERE id= 107 ;
UPDATE ranking set desempeno =('3:53.472',4.46250749674,13.587,183.43) WHERE id= 108 ;
UPDATE ranking set desempeno =('3:51.118',4.66731844780,13.622,175.83) WHERE id= 109 ;
UPDATE ranking set desempeno =('3:28.980',0,0,0) WHERE id= 110 ;
UPDATE ranking set desempeno =('3:28.213',0,0,0) WHERE id= 111 ;
UPDATE ranking set desempeno =('3:29.952',0,0,0) WHERE id= 112 ;
UPDATE ranking set desempeno =('3:20.273',0,0,0) WHERE id= 113 ;
UPDATE ranking set desempeno =('3:24.333',0,0,0) WHERE id= 114 ;
UPDATE ranking set desempeno =('3:32.513',0,0,0) WHERE id= 115 ;
UPDATE ranking set desempeno =('3:50.862',0,0,0) WHERE id= 116 ;
UPDATE ranking set desempeno =('3:50.139',0,0,0) WHERE id= 117 ;
UPDATE ranking set desempeno =('3:55.026',0,0,0) WHERE id= 118 ;
UPDATE ranking set desempeno =('3:50.484',0,0,0) WHERE id= 119 ;
UPDATE ranking set desempeno =('3:52.567',0,0,0) WHERE id= 120 ;
UPDATE ranking set desempeno =('3:22.565',0,0,0) WHERE id= 121 ;
UPDATE ranking set desempeno =('3:50.492',0,0,0) WHERE id= 122 ;
UPDATE ranking set desempeno =('3:53.774',0,0,0) WHERE id= 123 ;
UPDATE ranking set desempeno =('0',0,0,0) WHERE id= 124 ;
UPDATE ranking set desempeno =('3:19.762',3.72809538845,13.609,219.452) WHERE id= 184 ;
UPDATE ranking set desempeno =('3:19.264',3.78039370956,13.597,216.416) WHERE id= 185 ;
UPDATE ranking set desempeno =('3:19.357',3.79088839258,13.595,215.817) WHERE id= 186 ;
UPDATE ranking set desempeno =('3:21.854',3.79392669706,13.584,215.644) WHERE id= 187 ;
UPDATE ranking set desempeno =('3:29.709',3.90156268815,13.602,209.695) WHERE id= 188 ;
UPDATE ranking set desempeno =('3:30.452',3.90304241939,13.597,209.615) WHERE id= 189 ;
UPDATE ranking set desempeno =('3:29.689',3.92112830555,13.608,208.648) WHERE id= 190 ;
UPDATE ranking set desempeno =('3:29.750',3.93527310909,13.596,207.898) WHERE id= 191 ;
UPDATE ranking set desempeno =('3:28.821',3.93788939098,13.587,207.76) WHERE id= 192 ;
UPDATE ranking set desempeno =('3:25.599',3.94529773141,13.598,207.37) WHERE id= 193 ;
UPDATE ranking set desempeno =('3:31.567',3.96230410750,13.577,206.48) WHERE id= 194 ;
UPDATE ranking set desempeno =('3:29.424',3.96377746896,13.572,206.403) WHERE id= 195 ;
UPDATE ranking set desempeno =('3:32.231',3.96592067671,13.602,206.292) WHERE id= 196 ;
UPDATE ranking set desempeno =('3:32.261',3.97959242367,13.592,205.583) WHERE id= 197 ;
UPDATE ranking set desempeno =('3:29.609',3.98197079364,13.584,205.46) WHERE id= 198 ;
UPDATE ranking set desempeno =('3:29.500',4.00223255406,13.590,204.42) WHERE id= 199 ;
UPDATE ranking set desempeno =('3:27.508',4.02113385066,13.602,203.459) WHERE id= 200 ;
UPDATE ranking set desempeno =('3:32.415',4.11102449975,13.608,199.011) WHERE id= 201 ;
UPDATE ranking set desempeno =('3:28.989',4.13536349587,13.605,197.839) WHERE id= 202 ;
UPDATE ranking set desempeno =('3:50.321',4.17401594287,13.596,196.007) WHERE id= 203 ;
UPDATE ranking set desempeno =('3:51.002',4.17850607284,13.581,195.797) WHERE id= 204 ;
UPDATE ranking set desempeno =('3:51.277',4.21052461045,13.596,194.308) WHERE id= 205 ;
UPDATE ranking set desempeno =('3:51.408',4.25903137602,13.600,192.095) WHERE id= 206 ;
UPDATE ranking set desempeno =('3:53.055',4.26362675811,13.585,191.888) WHERE id= 207 ;
UPDATE ranking set desempeno =('3:53.747',4.26607414711,13.577,191.778) WHERE id= 208 ;
UPDATE ranking set desempeno =('3:54.303',4.26622430553,13.577,191.771) WHERE id= 209 ;
UPDATE ranking set desempeno =('3:53.434',4.26663405082,13.575,191.752) WHERE id= 210 ;
UPDATE ranking set desempeno =('3:30.858',4.26895031264,13.608,191.648) WHERE id= 211 ;
UPDATE ranking set desempeno =('3:53.928',4.29176603044,13.576,190.63) WHERE id= 212 ;
UPDATE ranking set desempeno =('3:55.302',4.30883426213,13.603,189.874) WHERE id= 213 ;
UPDATE ranking set desempeno =('3:52.695',4.30914253184,13.602,189.861) WHERE id= 214 ;
UPDATE ranking set desempeno =('3:53.847',4.31729171000,13.576,189.502) WHERE id= 215 ;
UPDATE ranking set desempeno =('3:52.449',4.33997226084,13.586,188.512) WHERE id= 216 ;
UPDATE ranking set desempeno =('3:55.910',4.34687935913,13.606,188.213) WHERE id= 217 ;
UPDATE ranking set desempeno =('3:52.136',4.36017484407,13.605,187.639) WHERE id= 218 ;
UPDATE ranking set desempeno =('3:54.210',4.36439257831,13.592,187.457) WHERE id= 219 ;
UPDATE ranking set desempeno =('3:55.180',4.3691,13.557,187.457) WHERE id= 220 ;
UPDATE ranking set desempeno =('3:56.086',4.37325286312,13.606,187.078) WHERE id= 221 ;
UPDATE ranking set desempeno =('3:54.199',4.37685876633,13.594,186.923) WHERE id= 222 ;
UPDATE ranking set desempeno =('3:54.315',4.43327776108,13.586,184.545) WHERE id= 223 ;
UPDATE ranking set desempeno =('3:57.558',5.14045716342,13.594,184.079) WHERE id= 224 ;
UPDATE ranking set desempeno =('3:34.600',4.57272991278,13.589,178.917) WHERE id= 225 ;
UPDATE ranking set desempeno =('3:56.621',5.33505483407,13.600,177.365) WHERE id= 226 ;
UPDATE ranking set desempeno =('3:30.423',0,0,0) WHERE id= 227 ;
UPDATE ranking set desempeno =('3:52.059',0,0,0) WHERE id= 228 ;
UPDATE ranking set desempeno =('3:53.878',0,0,0) WHERE id= 229 ;
UPDATE ranking set desempeno =('3:55.339',0,0,0) WHERE id= 230 ;
UPDATE ranking set desempeno =('3:54.734',0,0,0) WHERE id= 231 ;
UPDATE ranking set desempeno =('3:31.584',0,0,0) WHERE id= 232 ;
UPDATE ranking set desempeno =('3:52.056',0,0,0) WHERE id= 233 ;
UPDATE ranking set desempeno =('3:53.677',0,0,0) WHERE id= 234 ;
UPDATE ranking set desempeno =('3:30.570',0,0,0) WHERE id= 235 ;
UPDATE ranking set desempeno =('3:31.429',0,0,0) WHERE id= 236 ;
UPDATE ranking set desempeno =('3:27.680',0,0,0) WHERE id= 237 ;
UPDATE ranking set desempeno =('0',0,0,0) WHERE id= 238 ;
UPDATE ranking set desempeno =('4:02.204',0,0,0) WHERE id= 239 ;
UPDATE ranking set desempeno =('3:55.891',0,0,0) WHERE id= 240 ;
UPDATE ranking set desempeno =('3:35.008',0,0,0) WHERE id= 241 ;
UPDATE ranking set desempeno =('3:30.490',0,0,0) WHERE id= 242 ;


--Ranking por hora    
INSERT INTO ranking_por_hora(id_ranking,posicion,hora) VALUES (64,1,1);
INSERT INTO ranking_por_hora(id_ranking,posicion,hora) VALUES (63,2,1);
INSERT INTO ranking_por_hora(id_ranking,posicion,hora) VALUES (67,3,1);
INSERT INTO ranking_por_hora(id_ranking,posicion,hora) VALUES (65,4,1);
INSERT INTO ranking_por_hora(id_ranking,posicion,hora) VALUES (113,5,1);
INSERT INTO ranking_por_hora(id_ranking,posicion,hora) VALUES (121,6,1);
INSERT INTO ranking_por_hora(id_ranking,posicion,hora) VALUES (68,7,1);
INSERT INTO ranking_por_hora(id_ranking,posicion,hora) VALUES (70,8,1);
INSERT INTO ranking_por_hora(id_ranking,posicion,hora) VALUES (73,9,1);
INSERT INTO ranking_por_hora(id_ranking,posicion,hora) VALUES (114,10,1);
INSERT INTO ranking_por_hora(id_ranking,posicion,hora) VALUES (72,11,1);
INSERT INTO ranking_por_hora(id_ranking,posicion,hora) VALUES (111,12,1);
INSERT INTO ranking_por_hora(id_ranking,posicion,hora) VALUES (69,13,1);
INSERT INTO ranking_por_hora(id_ranking,posicion,hora) VALUES (112,14,1);
INSERT INTO ranking_por_hora(id_ranking,posicion,hora) VALUES (81,15,1);
INSERT INTO ranking_por_hora(id_ranking,posicion,hora) VALUES (77,16,1);
INSERT INTO ranking_por_hora(id_ranking,posicion,hora) VALUES (71,17,1);
INSERT INTO ranking_por_hora(id_ranking,posicion,hora) VALUES (78,18,1);
INSERT INTO ranking_por_hora(id_ranking,posicion,hora) VALUES (110,19,1);
INSERT INTO ranking_por_hora(id_ranking,posicion,hora) VALUES (76,20,1);
INSERT INTO ranking_por_hora(id_ranking,posicion,hora) VALUES (75,21,1);
INSERT INTO ranking_por_hora(id_ranking,posicion,hora) VALUES (80,22,1);
INSERT INTO ranking_por_hora(id_ranking,posicion,hora) VALUES (88,23,1);
INSERT INTO ranking_por_hora(id_ranking,posicion,hora) VALUES (107,24,1);
INSERT INTO ranking_por_hora(id_ranking,posicion,hora) VALUES (66,25,1);
INSERT INTO ranking_por_hora(id_ranking,posicion,hora) VALUES (79,26,1);
INSERT INTO ranking_por_hora(id_ranking,posicion,hora) VALUES (115,27,1);
INSERT INTO ranking_por_hora(id_ranking,posicion,hora) VALUES (90,28,1);
INSERT INTO ranking_por_hora(id_ranking,posicion,hora) VALUES (91,29,1);
INSERT INTO ranking_por_hora(id_ranking,posicion,hora) VALUES (84,30,1);
INSERT INTO ranking_por_hora(id_ranking,posicion,hora) VALUES (119,31,1);
INSERT INTO ranking_por_hora(id_ranking,posicion,hora) VALUES (83,32,1);
INSERT INTO ranking_por_hora(id_ranking,posicion,hora) VALUES (122,33,1);
INSERT INTO ranking_por_hora(id_ranking,posicion,hora) VALUES (82,34,1);
INSERT INTO ranking_por_hora(id_ranking,posicion,hora) VALUES (85,35,1);
INSERT INTO ranking_por_hora(id_ranking,posicion,hora) VALUES (116,36,1);
INSERT INTO ranking_por_hora(id_ranking,posicion,hora) VALUES (117,37,1);
INSERT INTO ranking_por_hora(id_ranking,posicion,hora) VALUES (87,38,1);
INSERT INTO ranking_por_hora(id_ranking,posicion,hora) VALUES (86,39,1);
INSERT INTO ranking_por_hora(id_ranking,posicion,hora) VALUES (89,40,1);
INSERT INTO ranking_por_hora(id_ranking,posicion,hora) VALUES (109,41,1);
INSERT INTO ranking_por_hora(id_ranking,posicion,hora) VALUES (92,42,1);
INSERT INTO ranking_por_hora(id_ranking,posicion,hora) VALUES (102,43,1);
INSERT INTO ranking_por_hora(id_ranking,posicion,hora) VALUES (106,44,1);
INSERT INTO ranking_por_hora(id_ranking,posicion,hora) VALUES (105,45,1);
INSERT INTO ranking_por_hora(id_ranking,posicion,hora) VALUES (96,46,1);
INSERT INTO ranking_por_hora(id_ranking,posicion,hora) VALUES (100,47,1);
INSERT INTO ranking_por_hora(id_ranking,posicion,hora) VALUES (123,48,1);
INSERT INTO ranking_por_hora(id_ranking,posicion,hora) VALUES (95,49,1);
INSERT INTO ranking_por_hora(id_ranking,posicion,hora) VALUES (93,50,1);
INSERT INTO ranking_por_hora(id_ranking,posicion,hora) VALUES (94,51,1);
INSERT INTO ranking_por_hora(id_ranking,posicion,hora) VALUES (104,52,1);
INSERT INTO ranking_por_hora(id_ranking,posicion,hora) VALUES (118,53,1);
INSERT INTO ranking_por_hora(id_ranking,posicion,hora) VALUES (98,54,1);
INSERT INTO ranking_por_hora(id_ranking,posicion,hora) VALUES (97,55,1);
INSERT INTO ranking_por_hora(id_ranking,posicion,hora) VALUES (74,56,1);
INSERT INTO ranking_por_hora(id_ranking,posicion,hora) VALUES (101,57,1);
INSERT INTO ranking_por_hora(id_ranking,posicion,hora) VALUES (99,58,1);
INSERT INTO ranking_por_hora(id_ranking,posicion,hora) VALUES (103,59,1);
INSERT INTO ranking_por_hora(id_ranking,posicion,hora) VALUES (108,60,1);
INSERT INTO ranking_por_hora(id_ranking,posicion,hora) VALUES (120,61,1);
INSERT INTO ranking_por_hora(id_ranking,posicion,hora) VALUES (64,1,2);
INSERT INTO ranking_por_hora(id_ranking,posicion,hora) VALUES (63,2,2);
INSERT INTO ranking_por_hora(id_ranking,posicion,hora) VALUES (67,3,2);
INSERT INTO ranking_por_hora(id_ranking,posicion,hora) VALUES (65,4,2);
INSERT INTO ranking_por_hora(id_ranking,posicion,hora) VALUES (113,5,2);
INSERT INTO ranking_por_hora(id_ranking,posicion,hora) VALUES (66,6,2);
INSERT INTO ranking_por_hora(id_ranking,posicion,hora) VALUES (68,7,2);
INSERT INTO ranking_por_hora(id_ranking,posicion,hora) VALUES (73,8,2);
INSERT INTO ranking_por_hora(id_ranking,posicion,hora) VALUES (114,9,2);
INSERT INTO ranking_por_hora(id_ranking,posicion,hora) VALUES (88,10,2);
INSERT INTO ranking_por_hora(id_ranking,posicion,hora) VALUES (111,11,2);
INSERT INTO ranking_por_hora(id_ranking,posicion,hora) VALUES (69,12,2);
INSERT INTO ranking_por_hora(id_ranking,posicion,hora) VALUES (112,13,2);
INSERT INTO ranking_por_hora(id_ranking,posicion,hora) VALUES (71,14,2);
INSERT INTO ranking_por_hora(id_ranking,posicion,hora) VALUES (78,15,2);
INSERT INTO ranking_por_hora(id_ranking,posicion,hora) VALUES (77,16,2);
INSERT INTO ranking_por_hora(id_ranking,posicion,hora) VALUES (72,17,2);
INSERT INTO ranking_por_hora(id_ranking,posicion,hora) VALUES (81,18,2);
INSERT INTO ranking_por_hora(id_ranking,posicion,hora) VALUES (75,19,2);
INSERT INTO ranking_por_hora(id_ranking,posicion,hora) VALUES (70,20,2);
INSERT INTO ranking_por_hora(id_ranking,posicion,hora) VALUES (110,21,2);
INSERT INTO ranking_por_hora(id_ranking,posicion,hora) VALUES (80,22,2);
INSERT INTO ranking_por_hora(id_ranking,posicion,hora) VALUES (76,23,2);
INSERT INTO ranking_por_hora(id_ranking,posicion,hora) VALUES (107,24,2);
INSERT INTO ranking_por_hora(id_ranking,posicion,hora) VALUES (79,25,2);
INSERT INTO ranking_por_hora(id_ranking,posicion,hora) VALUES (74,26,2);
INSERT INTO ranking_por_hora(id_ranking,posicion,hora) VALUES (115,27,2);
INSERT INTO ranking_por_hora(id_ranking,posicion,hora) VALUES (90,28,2);
INSERT INTO ranking_por_hora(id_ranking,posicion,hora) VALUES (84,29,2);
INSERT INTO ranking_por_hora(id_ranking,posicion,hora) VALUES (91,30,2);
INSERT INTO ranking_por_hora(id_ranking,posicion,hora) VALUES (85,31,2);
INSERT INTO ranking_por_hora(id_ranking,posicion,hora) VALUES (83,32,2);
INSERT INTO ranking_por_hora(id_ranking,posicion,hora) VALUES (122,33,2);
INSERT INTO ranking_por_hora(id_ranking,posicion,hora) VALUES (82,34,2);
INSERT INTO ranking_por_hora(id_ranking,posicion,hora) VALUES (116,35,2);
INSERT INTO ranking_por_hora(id_ranking,posicion,hora) VALUES (86,36,2);
INSERT INTO ranking_por_hora(id_ranking,posicion,hora) VALUES (119,37,2);
INSERT INTO ranking_por_hora(id_ranking,posicion,hora) VALUES (87,38,2);
INSERT INTO ranking_por_hora(id_ranking,posicion,hora) VALUES (109,39,2);
INSERT INTO ranking_por_hora(id_ranking,posicion,hora) VALUES (117,40,2);
INSERT INTO ranking_por_hora(id_ranking,posicion,hora) VALUES (92,41,2);
INSERT INTO ranking_por_hora(id_ranking,posicion,hora) VALUES (102,42,2);
INSERT INTO ranking_por_hora(id_ranking,posicion,hora) VALUES (89,43,2);
INSERT INTO ranking_por_hora(id_ranking,posicion,hora) VALUES (106,44,2);
INSERT INTO ranking_por_hora(id_ranking,posicion,hora) VALUES (96,45,2);
INSERT INTO ranking_por_hora(id_ranking,posicion,hora) VALUES (105,46,2);
INSERT INTO ranking_por_hora(id_ranking,posicion,hora) VALUES (123,47,2);
INSERT INTO ranking_por_hora(id_ranking,posicion,hora) VALUES (104,48,2);
INSERT INTO ranking_por_hora(id_ranking,posicion,hora) VALUES (94,49,2);
INSERT INTO ranking_por_hora(id_ranking,posicion,hora) VALUES (95,50,2);
INSERT INTO ranking_por_hora(id_ranking,posicion,hora) VALUES (93,51,2);
INSERT INTO ranking_por_hora(id_ranking,posicion,hora) VALUES (100,52,2);
INSERT INTO ranking_por_hora(id_ranking,posicion,hora) VALUES (98,53,2);
INSERT INTO ranking_por_hora(id_ranking,posicion,hora) VALUES (101,54,2);
INSERT INTO ranking_por_hora(id_ranking,posicion,hora) VALUES (99,55,2);
INSERT INTO ranking_por_hora(id_ranking,posicion,hora) VALUES (97,56,2);
INSERT INTO ranking_por_hora(id_ranking,posicion,hora) VALUES (108,57,2);
INSERT INTO ranking_por_hora(id_ranking,posicion,hora) VALUES (103,58,2);
INSERT INTO ranking_por_hora(id_ranking,posicion,hora) VALUES (121,59,2);
INSERT INTO ranking_por_hora(id_ranking,posicion,hora) VALUES (120,60,2);
INSERT INTO ranking_por_hora(id_ranking,posicion,hora) VALUES (118,61,2);
INSERT INTO ranking_por_hora(id_ranking,posicion,hora) VALUES (64,1,3);
INSERT INTO ranking_por_hora(id_ranking,posicion,hora) VALUES (63,2,3);
INSERT INTO ranking_por_hora(id_ranking,posicion,hora) VALUES (67,3,3);
INSERT INTO ranking_por_hora(id_ranking,posicion,hora) VALUES (65,4,3);
INSERT INTO ranking_por_hora(id_ranking,posicion,hora) VALUES (113,5,3);
INSERT INTO ranking_por_hora(id_ranking,posicion,hora) VALUES (73,6,3);
INSERT INTO ranking_por_hora(id_ranking,posicion,hora) VALUES (68,7,3);
INSERT INTO ranking_por_hora(id_ranking,posicion,hora) VALUES (112,8,3);
INSERT INTO ranking_por_hora(id_ranking,posicion,hora) VALUES (111,9,3);
INSERT INTO ranking_por_hora(id_ranking,posicion,hora) VALUES (69,10,3);
INSERT INTO ranking_por_hora(id_ranking,posicion,hora) VALUES (71,11,3);
INSERT INTO ranking_por_hora(id_ranking,posicion,hora) VALUES (66,12,3);
INSERT INTO ranking_por_hora(id_ranking,posicion,hora) VALUES (114,13,3);
INSERT INTO ranking_por_hora(id_ranking,posicion,hora) VALUES (72,14,3);
INSERT INTO ranking_por_hora(id_ranking,posicion,hora) VALUES (75,15,3);
INSERT INTO ranking_por_hora(id_ranking,posicion,hora) VALUES (78,16,3);
INSERT INTO ranking_por_hora(id_ranking,posicion,hora) VALUES (81,17,3);
INSERT INTO ranking_por_hora(id_ranking,posicion,hora) VALUES (110,18,3);
INSERT INTO ranking_por_hora(id_ranking,posicion,hora) VALUES (76,19,3);
INSERT INTO ranking_por_hora(id_ranking,posicion,hora) VALUES (70,20,3);
INSERT INTO ranking_por_hora(id_ranking,posicion,hora) VALUES (77,21,3);
INSERT INTO ranking_por_hora(id_ranking,posicion,hora) VALUES (88,22,3);
INSERT INTO ranking_por_hora(id_ranking,posicion,hora) VALUES (80,23,3);
INSERT INTO ranking_por_hora(id_ranking,posicion,hora) VALUES (107,24,3);
INSERT INTO ranking_por_hora(id_ranking,posicion,hora) VALUES (79,25,3);
INSERT INTO ranking_por_hora(id_ranking,posicion,hora) VALUES (74,26,3);
INSERT INTO ranking_por_hora(id_ranking,posicion,hora) VALUES (115,27,3);
INSERT INTO ranking_por_hora(id_ranking,posicion,hora) VALUES (90,28,3);
INSERT INTO ranking_por_hora(id_ranking,posicion,hora) VALUES (85,29,3);
INSERT INTO ranking_por_hora(id_ranking,posicion,hora) VALUES (82,30,3);
INSERT INTO ranking_por_hora(id_ranking,posicion,hora) VALUES (84,31,3);
INSERT INTO ranking_por_hora(id_ranking,posicion,hora) VALUES (122,32,3);
INSERT INTO ranking_por_hora(id_ranking,posicion,hora) VALUES (116,33,3);
INSERT INTO ranking_por_hora(id_ranking,posicion,hora) VALUES (83,34,3);
INSERT INTO ranking_por_hora(id_ranking,posicion,hora) VALUES (119,35,3);
INSERT INTO ranking_por_hora(id_ranking,posicion,hora) VALUES (91,36,3);
INSERT INTO ranking_por_hora(id_ranking,posicion,hora) VALUES (86,37,3);
INSERT INTO ranking_por_hora(id_ranking,posicion,hora) VALUES (87,38,3);
INSERT INTO ranking_por_hora(id_ranking,posicion,hora) VALUES (117,39,3);
INSERT INTO ranking_por_hora(id_ranking,posicion,hora) VALUES (92,40,3);
INSERT INTO ranking_por_hora(id_ranking,posicion,hora) VALUES (102,41,3);
INSERT INTO ranking_por_hora(id_ranking,posicion,hora) VALUES (89,42,3);
INSERT INTO ranking_por_hora(id_ranking,posicion,hora) VALUES (106,43,3);
INSERT INTO ranking_por_hora(id_ranking,posicion,hora) VALUES (109,44,3);
INSERT INTO ranking_por_hora(id_ranking,posicion,hora) VALUES (96,45,3);
INSERT INTO ranking_por_hora(id_ranking,posicion,hora) VALUES (123,46,3);
INSERT INTO ranking_por_hora(id_ranking,posicion,hora) VALUES (94,47,3);
INSERT INTO ranking_por_hora(id_ranking,posicion,hora) VALUES (95,48,3);
INSERT INTO ranking_por_hora(id_ranking,posicion,hora) VALUES (121,49,3);
INSERT INTO ranking_por_hora(id_ranking,posicion,hora) VALUES (93,50,3);
INSERT INTO ranking_por_hora(id_ranking,posicion,hora) VALUES (104,51,3);
INSERT INTO ranking_por_hora(id_ranking,posicion,hora) VALUES (105,52,3);
INSERT INTO ranking_por_hora(id_ranking,posicion,hora) VALUES (98,53,3);
INSERT INTO ranking_por_hora(id_ranking,posicion,hora) VALUES (100,54,3);
INSERT INTO ranking_por_hora(id_ranking,posicion,hora) VALUES (99,55,3);
INSERT INTO ranking_por_hora(id_ranking,posicion,hora) VALUES (97,56,3);
INSERT INTO ranking_por_hora(id_ranking,posicion,hora) VALUES (101,57,3);
INSERT INTO ranking_por_hora(id_ranking,posicion,hora) VALUES (108,58,3);
INSERT INTO ranking_por_hora(id_ranking,posicion,hora) VALUES (103,59,3);
INSERT INTO ranking_por_hora(id_ranking,posicion,hora) VALUES (120,60,3);
INSERT INTO ranking_por_hora(id_ranking,posicion,hora) VALUES (118,61,3);
INSERT INTO ranking_por_hora(id_ranking,posicion,hora) VALUES (64,1,4);
INSERT INTO ranking_por_hora(id_ranking,posicion,hora) VALUES (67,2,4);
INSERT INTO ranking_por_hora(id_ranking,posicion,hora) VALUES (65,3,4);
INSERT INTO ranking_por_hora(id_ranking,posicion,hora) VALUES (113,4,4);
INSERT INTO ranking_por_hora(id_ranking,posicion,hora) VALUES (66,5,4);
INSERT INTO ranking_por_hora(id_ranking,posicion,hora) VALUES (73,6,4);
INSERT INTO ranking_por_hora(id_ranking,posicion,hora) VALUES (68,7,4);
INSERT INTO ranking_por_hora(id_ranking,posicion,hora) VALUES (69,8,4);
INSERT INTO ranking_por_hora(id_ranking,posicion,hora) VALUES (111,9,4);
INSERT INTO ranking_por_hora(id_ranking,posicion,hora) VALUES (112,10,4);
INSERT INTO ranking_por_hora(id_ranking,posicion,hora) VALUES (114,11,4);
INSERT INTO ranking_por_hora(id_ranking,posicion,hora) VALUES (71,12,4);
INSERT INTO ranking_por_hora(id_ranking,posicion,hora) VALUES (70,13,4);
INSERT INTO ranking_por_hora(id_ranking,posicion,hora) VALUES (72,14,4);
INSERT INTO ranking_por_hora(id_ranking,posicion,hora) VALUES (76,15,4);
INSERT INTO ranking_por_hora(id_ranking,posicion,hora) VALUES (75,16,4);
INSERT INTO ranking_por_hora(id_ranking,posicion,hora) VALUES (81,17,4);
INSERT INTO ranking_por_hora(id_ranking,posicion,hora) VALUES (78,18,4);
INSERT INTO ranking_por_hora(id_ranking,posicion,hora) VALUES (110,19,4);
INSERT INTO ranking_por_hora(id_ranking,posicion,hora) VALUES (77,20,4);
INSERT INTO ranking_por_hora(id_ranking,posicion,hora) VALUES (80,21,4);
INSERT INTO ranking_por_hora(id_ranking,posicion,hora) VALUES (88,22,4);
INSERT INTO ranking_por_hora(id_ranking,posicion,hora) VALUES (107,23,4);
INSERT INTO ranking_por_hora(id_ranking,posicion,hora) VALUES (79,24,4);
INSERT INTO ranking_por_hora(id_ranking,posicion,hora) VALUES (74,25,4);
INSERT INTO ranking_por_hora(id_ranking,posicion,hora) VALUES (115,26,4);
INSERT INTO ranking_por_hora(id_ranking,posicion,hora) VALUES (121,27,4);
INSERT INTO ranking_por_hora(id_ranking,posicion,hora) VALUES (90,28,4);
INSERT INTO ranking_por_hora(id_ranking,posicion,hora) VALUES (84,29,4);
INSERT INTO ranking_por_hora(id_ranking,posicion,hora) VALUES (82,30,4);
INSERT INTO ranking_por_hora(id_ranking,posicion,hora) VALUES (91,31,4);
INSERT INTO ranking_por_hora(id_ranking,posicion,hora) VALUES (122,32,4);
INSERT INTO ranking_por_hora(id_ranking,posicion,hora) VALUES (116,33,4);
INSERT INTO ranking_por_hora(id_ranking,posicion,hora) VALUES (86,34,4);
INSERT INTO ranking_por_hora(id_ranking,posicion,hora) VALUES (119,35,4);
INSERT INTO ranking_por_hora(id_ranking,posicion,hora) VALUES (83,36,4);
INSERT INTO ranking_por_hora(id_ranking,posicion,hora) VALUES (87,37,4);
INSERT INTO ranking_por_hora(id_ranking,posicion,hora) VALUES (85,38,4);
INSERT INTO ranking_por_hora(id_ranking,posicion,hora) VALUES (92,39,4);
INSERT INTO ranking_por_hora(id_ranking,posicion,hora) VALUES (89,40,4);
INSERT INTO ranking_por_hora(id_ranking,posicion,hora) VALUES (102,41,4);
INSERT INTO ranking_por_hora(id_ranking,posicion,hora) VALUES (117,42,4);
INSERT INTO ranking_por_hora(id_ranking,posicion,hora) VALUES (106,43,4);
INSERT INTO ranking_por_hora(id_ranking,posicion,hora) VALUES (109,44,4);
INSERT INTO ranking_por_hora(id_ranking,posicion,hora) VALUES (96,45,4);
INSERT INTO ranking_por_hora(id_ranking,posicion,hora) VALUES (123,46,4);
INSERT INTO ranking_por_hora(id_ranking,posicion,hora) VALUES (94,47,4);
INSERT INTO ranking_por_hora(id_ranking,posicion,hora) VALUES (95,48,4);
INSERT INTO ranking_por_hora(id_ranking,posicion,hora) VALUES (104,49,4);
INSERT INTO ranking_por_hora(id_ranking,posicion,hora) VALUES (93,50,4);
INSERT INTO ranking_por_hora(id_ranking,posicion,hora) VALUES (99,51,4);
INSERT INTO ranking_por_hora(id_ranking,posicion,hora) VALUES (105,52,4);
INSERT INTO ranking_por_hora(id_ranking,posicion,hora) VALUES (100,53,4);
INSERT INTO ranking_por_hora(id_ranking,posicion,hora) VALUES (98,54,4);
INSERT INTO ranking_por_hora(id_ranking,posicion,hora) VALUES (97,55,4);
INSERT INTO ranking_por_hora(id_ranking,posicion,hora) VALUES (108,56,4);
INSERT INTO ranking_por_hora(id_ranking,posicion,hora) VALUES (101,57,4);
INSERT INTO ranking_por_hora(id_ranking,posicion,hora) VALUES (103,58,4);
INSERT INTO ranking_por_hora(id_ranking,posicion,hora) VALUES (120,59,4);
INSERT INTO ranking_por_hora(id_ranking,posicion,hora) VALUES (118,60,4);
INSERT INTO ranking_por_hora(id_ranking,posicion,hora) VALUES (64,1,5);
INSERT INTO ranking_por_hora(id_ranking,posicion,hora) VALUES (63,2,5);
INSERT INTO ranking_por_hora(id_ranking,posicion,hora) VALUES (65,3,5);
INSERT INTO ranking_por_hora(id_ranking,posicion,hora) VALUES (113,4,5);
INSERT INTO ranking_por_hora(id_ranking,posicion,hora) VALUES (67,5,5);
INSERT INTO ranking_por_hora(id_ranking,posicion,hora) VALUES (66,6,5);
INSERT INTO ranking_por_hora(id_ranking,posicion,hora) VALUES (114,7,5);
INSERT INTO ranking_por_hora(id_ranking,posicion,hora) VALUES (73,8,5);
INSERT INTO ranking_por_hora(id_ranking,posicion,hora) VALUES (68,9,5);
INSERT INTO ranking_por_hora(id_ranking,posicion,hora) VALUES (69,10,5);
INSERT INTO ranking_por_hora(id_ranking,posicion,hora) VALUES (111,11,5);
INSERT INTO ranking_por_hora(id_ranking,posicion,hora) VALUES (70,12,5);
INSERT INTO ranking_por_hora(id_ranking,posicion,hora) VALUES (71,13,5);
INSERT INTO ranking_por_hora(id_ranking,posicion,hora) VALUES (112,14,5);
INSERT INTO ranking_por_hora(id_ranking,posicion,hora) VALUES (76,15,5);
INSERT INTO ranking_por_hora(id_ranking,posicion,hora) VALUES (72,16,5);
INSERT INTO ranking_por_hora(id_ranking,posicion,hora) VALUES (81,17,5);
INSERT INTO ranking_por_hora(id_ranking,posicion,hora) VALUES (75,18,5);
INSERT INTO ranking_por_hora(id_ranking,posicion,hora) VALUES (110,19,5);
INSERT INTO ranking_por_hora(id_ranking,posicion,hora) VALUES (80,20,5);
INSERT INTO ranking_por_hora(id_ranking,posicion,hora) VALUES (78,21,5);
INSERT INTO ranking_por_hora(id_ranking,posicion,hora) VALUES (107,22,5);
INSERT INTO ranking_por_hora(id_ranking,posicion,hora) VALUES (88,23,5);
INSERT INTO ranking_por_hora(id_ranking,posicion,hora) VALUES (77,24,5);
INSERT INTO ranking_por_hora(id_ranking,posicion,hora) VALUES (74,25,5);
INSERT INTO ranking_por_hora(id_ranking,posicion,hora) VALUES (79,26,5);
INSERT INTO ranking_por_hora(id_ranking,posicion,hora) VALUES (115,27,5);
INSERT INTO ranking_por_hora(id_ranking,posicion,hora) VALUES (91,28,5);
INSERT INTO ranking_por_hora(id_ranking,posicion,hora) VALUES (82,29,5);
INSERT INTO ranking_por_hora(id_ranking,posicion,hora) VALUES (90,30,5);
INSERT INTO ranking_por_hora(id_ranking,posicion,hora) VALUES (84,31,5);
INSERT INTO ranking_por_hora(id_ranking,posicion,hora) VALUES (86,32,5);
INSERT INTO ranking_por_hora(id_ranking,posicion,hora) VALUES (122,33,5);
INSERT INTO ranking_por_hora(id_ranking,posicion,hora) VALUES (116,34,5);
INSERT INTO ranking_por_hora(id_ranking,posicion,hora) VALUES (83,35,5);
INSERT INTO ranking_por_hora(id_ranking,posicion,hora) VALUES (119,36,5);
INSERT INTO ranking_por_hora(id_ranking,posicion,hora) VALUES (87,37,5);
INSERT INTO ranking_por_hora(id_ranking,posicion,hora) VALUES (85,38,5);
INSERT INTO ranking_por_hora(id_ranking,posicion,hora) VALUES (89,39,5);
INSERT INTO ranking_por_hora(id_ranking,posicion,hora) VALUES (109,40,5);
INSERT INTO ranking_por_hora(id_ranking,posicion,hora) VALUES (102,41,5);
INSERT INTO ranking_por_hora(id_ranking,posicion,hora) VALUES (117,42,5);
INSERT INTO ranking_por_hora(id_ranking,posicion,hora) VALUES (106,43,5);
INSERT INTO ranking_por_hora(id_ranking,posicion,hora) VALUES (92,44,5);
INSERT INTO ranking_por_hora(id_ranking,posicion,hora) VALUES (123,45,5);
INSERT INTO ranking_por_hora(id_ranking,posicion,hora) VALUES (96,46,5);
INSERT INTO ranking_por_hora(id_ranking,posicion,hora) VALUES (94,47,5);
INSERT INTO ranking_por_hora(id_ranking,posicion,hora) VALUES (95,48,5);
INSERT INTO ranking_por_hora(id_ranking,posicion,hora) VALUES (104,49,5);
INSERT INTO ranking_por_hora(id_ranking,posicion,hora) VALUES (93,50,5);
INSERT INTO ranking_por_hora(id_ranking,posicion,hora) VALUES (99,51,5);
INSERT INTO ranking_por_hora(id_ranking,posicion,hora) VALUES (100,52,5);
INSERT INTO ranking_por_hora(id_ranking,posicion,hora) VALUES (97,53,5);
INSERT INTO ranking_por_hora(id_ranking,posicion,hora) VALUES (121,54,5);
INSERT INTO ranking_por_hora(id_ranking,posicion,hora) VALUES (98,55,5);
INSERT INTO ranking_por_hora(id_ranking,posicion,hora) VALUES (101,56,5);
INSERT INTO ranking_por_hora(id_ranking,posicion,hora) VALUES (108,57,5);
INSERT INTO ranking_por_hora(id_ranking,posicion,hora) VALUES (103,58,5);
INSERT INTO ranking_por_hora(id_ranking,posicion,hora) VALUES (105,59,5);
INSERT INTO ranking_por_hora(id_ranking,posicion,hora) VALUES (120,60,5);
INSERT INTO ranking_por_hora(id_ranking,posicion,hora) VALUES (118,61,5);
INSERT INTO ranking_por_hora(id_ranking,posicion,hora) VALUES (64,1,6);
INSERT INTO ranking_por_hora(id_ranking,posicion,hora) VALUES (63,2,6);
INSERT INTO ranking_por_hora(id_ranking,posicion,hora) VALUES (67,3,6);
INSERT INTO ranking_por_hora(id_ranking,posicion,hora) VALUES (65,4,6);
INSERT INTO ranking_por_hora(id_ranking,posicion,hora) VALUES (113,5,6);
INSERT INTO ranking_por_hora(id_ranking,posicion,hora) VALUES (66,6,6);
INSERT INTO ranking_por_hora(id_ranking,posicion,hora) VALUES (68,7,6);
INSERT INTO ranking_por_hora(id_ranking,posicion,hora) VALUES (73,8,6);
INSERT INTO ranking_por_hora(id_ranking,posicion,hora) VALUES (111,9,6);
INSERT INTO ranking_por_hora(id_ranking,posicion,hora) VALUES (69,10,6);
INSERT INTO ranking_por_hora(id_ranking,posicion,hora) VALUES (71,11,6);
INSERT INTO ranking_por_hora(id_ranking,posicion,hora) VALUES (112,12,6);
INSERT INTO ranking_por_hora(id_ranking,posicion,hora) VALUES (76,13,6);
INSERT INTO ranking_por_hora(id_ranking,posicion,hora) VALUES (70,14,6);
INSERT INTO ranking_por_hora(id_ranking,posicion,hora) VALUES (72,15,6);
INSERT INTO ranking_por_hora(id_ranking,posicion,hora) VALUES (81,16,6);
INSERT INTO ranking_por_hora(id_ranking,posicion,hora) VALUES (75,17,6);
INSERT INTO ranking_por_hora(id_ranking,posicion,hora) VALUES (88,18,6);
INSERT INTO ranking_por_hora(id_ranking,posicion,hora) VALUES (80,19,6);
INSERT INTO ranking_por_hora(id_ranking,posicion,hora) VALUES (77,20,6);
INSERT INTO ranking_por_hora(id_ranking,posicion,hora) VALUES (74,21,6);
INSERT INTO ranking_por_hora(id_ranking,posicion,hora) VALUES (107,22,6);
INSERT INTO ranking_por_hora(id_ranking,posicion,hora) VALUES (79,23,6);
INSERT INTO ranking_por_hora(id_ranking,posicion,hora) VALUES (110,24,6);
INSERT INTO ranking_por_hora(id_ranking,posicion,hora) VALUES (115,25,6);
INSERT INTO ranking_por_hora(id_ranking,posicion,hora) VALUES (78,26,6);
INSERT INTO ranking_por_hora(id_ranking,posicion,hora) VALUES (91,27,6);
INSERT INTO ranking_por_hora(id_ranking,posicion,hora) VALUES (82,28,6);
INSERT INTO ranking_por_hora(id_ranking,posicion,hora) VALUES (90,29,6);
INSERT INTO ranking_por_hora(id_ranking,posicion,hora) VALUES (84,30,6);
INSERT INTO ranking_por_hora(id_ranking,posicion,hora) VALUES (85,31,6);
INSERT INTO ranking_por_hora(id_ranking,posicion,hora) VALUES (83,32,6);
INSERT INTO ranking_por_hora(id_ranking,posicion,hora) VALUES (116,33,6);
INSERT INTO ranking_por_hora(id_ranking,posicion,hora) VALUES (122,34,6);
INSERT INTO ranking_por_hora(id_ranking,posicion,hora) VALUES (86,35,6);
INSERT INTO ranking_por_hora(id_ranking,posicion,hora) VALUES (87,36,6);
INSERT INTO ranking_por_hora(id_ranking,posicion,hora) VALUES (89,37,6);
INSERT INTO ranking_por_hora(id_ranking,posicion,hora) VALUES (92,38,6);
INSERT INTO ranking_por_hora(id_ranking,posicion,hora) VALUES (106,39,6);
INSERT INTO ranking_por_hora(id_ranking,posicion,hora) VALUES (117,40,6);
INSERT INTO ranking_por_hora(id_ranking,posicion,hora) VALUES (109,41,6);
INSERT INTO ranking_por_hora(id_ranking,posicion,hora) VALUES (102,42,6);
INSERT INTO ranking_por_hora(id_ranking,posicion,hora) VALUES (114,43,6);
INSERT INTO ranking_por_hora(id_ranking,posicion,hora) VALUES (123,44,6);
INSERT INTO ranking_por_hora(id_ranking,posicion,hora) VALUES (94,45,6);
INSERT INTO ranking_por_hora(id_ranking,posicion,hora) VALUES (93,46,6);
INSERT INTO ranking_por_hora(id_ranking,posicion,hora) VALUES (104,47,6);
INSERT INTO ranking_por_hora(id_ranking,posicion,hora) VALUES (96,48,6);
INSERT INTO ranking_por_hora(id_ranking,posicion,hora) VALUES (95,49,6);
INSERT INTO ranking_por_hora(id_ranking,posicion,hora) VALUES (99,50,6);
INSERT INTO ranking_por_hora(id_ranking,posicion,hora) VALUES (98,51,6);
INSERT INTO ranking_por_hora(id_ranking,posicion,hora) VALUES (100,52,6);
INSERT INTO ranking_por_hora(id_ranking,posicion,hora) VALUES (97,53,6);
INSERT INTO ranking_por_hora(id_ranking,posicion,hora) VALUES (101,54,6);
INSERT INTO ranking_por_hora(id_ranking,posicion,hora) VALUES (103,55,6);
INSERT INTO ranking_por_hora(id_ranking,posicion,hora) VALUES (105,56,6);
INSERT INTO ranking_por_hora(id_ranking,posicion,hora) VALUES (119,57,6);
INSERT INTO ranking_por_hora(id_ranking,posicion,hora) VALUES (108,58,6);
INSERT INTO ranking_por_hora(id_ranking,posicion,hora) VALUES (120,59,6);
INSERT INTO ranking_por_hora(id_ranking,posicion,hora) VALUES (118,60,6);
INSERT INTO ranking_por_hora(id_ranking,posicion,hora) VALUES (121,61,6);
INSERT INTO ranking_por_hora(id_ranking,posicion,hora) VALUES (63,1,7);
INSERT INTO ranking_por_hora(id_ranking,posicion,hora) VALUES (64,2,7);
INSERT INTO ranking_por_hora(id_ranking,posicion,hora) VALUES (113,3,7);
INSERT INTO ranking_por_hora(id_ranking,posicion,hora) VALUES (65,4,7);
INSERT INTO ranking_por_hora(id_ranking,posicion,hora) VALUES (67,5,7);
INSERT INTO ranking_por_hora(id_ranking,posicion,hora) VALUES (66,6,7);
INSERT INTO ranking_por_hora(id_ranking,posicion,hora) VALUES (73,7,7);
INSERT INTO ranking_por_hora(id_ranking,posicion,hora) VALUES (68,8,7);
INSERT INTO ranking_por_hora(id_ranking,posicion,hora) VALUES (111,9,7);
INSERT INTO ranking_por_hora(id_ranking,posicion,hora) VALUES (69,10,7);
INSERT INTO ranking_por_hora(id_ranking,posicion,hora) VALUES (112,11,7);
INSERT INTO ranking_por_hora(id_ranking,posicion,hora) VALUES (71,12,7);
INSERT INTO ranking_por_hora(id_ranking,posicion,hora) VALUES (70,13,7);
INSERT INTO ranking_por_hora(id_ranking,posicion,hora) VALUES (81,14,7);
INSERT INTO ranking_por_hora(id_ranking,posicion,hora) VALUES (72,15,7);
INSERT INTO ranking_por_hora(id_ranking,posicion,hora) VALUES (75,16,7);
INSERT INTO ranking_por_hora(id_ranking,posicion,hora) VALUES (74,17,7);
INSERT INTO ranking_por_hora(id_ranking,posicion,hora) VALUES (77,18,7);
INSERT INTO ranking_por_hora(id_ranking,posicion,hora) VALUES (80,19,7);
INSERT INTO ranking_por_hora(id_ranking,posicion,hora) VALUES (110,20,7);
INSERT INTO ranking_por_hora(id_ranking,posicion,hora) VALUES (76,21,7);
INSERT INTO ranking_por_hora(id_ranking,posicion,hora) VALUES (79,22,7);
INSERT INTO ranking_por_hora(id_ranking,posicion,hora) VALUES (107,23,7);
INSERT INTO ranking_por_hora(id_ranking,posicion,hora) VALUES (78,24,7);
INSERT INTO ranking_por_hora(id_ranking,posicion,hora) VALUES (115,25,7);
INSERT INTO ranking_por_hora(id_ranking,posicion,hora) VALUES (88,26,7);
INSERT INTO ranking_por_hora(id_ranking,posicion,hora) VALUES (91,27,7);
INSERT INTO ranking_por_hora(id_ranking,posicion,hora) VALUES (90,28,7);
INSERT INTO ranking_por_hora(id_ranking,posicion,hora) VALUES (82,29,7);
INSERT INTO ranking_por_hora(id_ranking,posicion,hora) VALUES (85,30,7);
INSERT INTO ranking_por_hora(id_ranking,posicion,hora) VALUES (86,31,7);
INSERT INTO ranking_por_hora(id_ranking,posicion,hora) VALUES (84,32,7);
INSERT INTO ranking_por_hora(id_ranking,posicion,hora) VALUES (116,33,7);
INSERT INTO ranking_por_hora(id_ranking,posicion,hora) VALUES (122,34,7);
INSERT INTO ranking_por_hora(id_ranking,posicion,hora) VALUES (83,35,7);
INSERT INTO ranking_por_hora(id_ranking,posicion,hora) VALUES (89,36,7);
INSERT INTO ranking_por_hora(id_ranking,posicion,hora) VALUES (92,37,7);
INSERT INTO ranking_por_hora(id_ranking,posicion,hora) VALUES (106,38,7);
INSERT INTO ranking_por_hora(id_ranking,posicion,hora) VALUES (87,39,7);
INSERT INTO ranking_por_hora(id_ranking,posicion,hora) VALUES (117,40,7);
INSERT INTO ranking_por_hora(id_ranking,posicion,hora) VALUES (109,41,7);
INSERT INTO ranking_por_hora(id_ranking,posicion,hora) VALUES (102,42,7);
INSERT INTO ranking_por_hora(id_ranking,posicion,hora) VALUES (123,43,7);
INSERT INTO ranking_por_hora(id_ranking,posicion,hora) VALUES (94,44,7);
INSERT INTO ranking_por_hora(id_ranking,posicion,hora) VALUES (93,45,7);
INSERT INTO ranking_por_hora(id_ranking,posicion,hora) VALUES (104,46,7);
INSERT INTO ranking_por_hora(id_ranking,posicion,hora) VALUES (96,47,7);
INSERT INTO ranking_por_hora(id_ranking,posicion,hora) VALUES (95,48,7);
INSERT INTO ranking_por_hora(id_ranking,posicion,hora) VALUES (99,49,7);
INSERT INTO ranking_por_hora(id_ranking,posicion,hora) VALUES (98,50,7);
INSERT INTO ranking_por_hora(id_ranking,posicion,hora) VALUES (101,51,7);
INSERT INTO ranking_por_hora(id_ranking,posicion,hora) VALUES (97,52,7);
INSERT INTO ranking_por_hora(id_ranking,posicion,hora) VALUES (100,53,7);
INSERT INTO ranking_por_hora(id_ranking,posicion,hora) VALUES (103,54,7);
INSERT INTO ranking_por_hora(id_ranking,posicion,hora) VALUES (105,55,7);
INSERT INTO ranking_por_hora(id_ranking,posicion,hora) VALUES (108,56,7);
INSERT INTO ranking_por_hora(id_ranking,posicion,hora) VALUES (114,57,7);
INSERT INTO ranking_por_hora(id_ranking,posicion,hora) VALUES (118,58,7);
INSERT INTO ranking_por_hora(id_ranking,posicion,hora) VALUES (120,59,7);
INSERT INTO ranking_por_hora(id_ranking,posicion,hora) VALUES (121,60,7);
INSERT INTO ranking_por_hora(id_ranking,posicion,hora) VALUES (63,1,8);
INSERT INTO ranking_por_hora(id_ranking,posicion,hora) VALUES (64,2,8);
INSERT INTO ranking_por_hora(id_ranking,posicion,hora) VALUES (113,3,8);
INSERT INTO ranking_por_hora(id_ranking,posicion,hora) VALUES (65,4,8);
INSERT INTO ranking_por_hora(id_ranking,posicion,hora) VALUES (67,5,8);
INSERT INTO ranking_por_hora(id_ranking,posicion,hora) VALUES (66,6,8);
INSERT INTO ranking_por_hora(id_ranking,posicion,hora) VALUES (73,7,8);
INSERT INTO ranking_por_hora(id_ranking,posicion,hora) VALUES (68,8,8);
INSERT INTO ranking_por_hora(id_ranking,posicion,hora) VALUES (111,9,8);
INSERT INTO ranking_por_hora(id_ranking,posicion,hora) VALUES (69,10,8);
INSERT INTO ranking_por_hora(id_ranking,posicion,hora) VALUES (112,11,8);
INSERT INTO ranking_por_hora(id_ranking,posicion,hora) VALUES (71,12,8);
INSERT INTO ranking_por_hora(id_ranking,posicion,hora) VALUES (70,13,8);
INSERT INTO ranking_por_hora(id_ranking,posicion,hora) VALUES (81,14,8);
INSERT INTO ranking_por_hora(id_ranking,posicion,hora) VALUES (72,15,8);
INSERT INTO ranking_por_hora(id_ranking,posicion,hora) VALUES (75,16,8);
INSERT INTO ranking_por_hora(id_ranking,posicion,hora) VALUES (74,17,8);
INSERT INTO ranking_por_hora(id_ranking,posicion,hora) VALUES (77,18,8);
INSERT INTO ranking_por_hora(id_ranking,posicion,hora) VALUES (80,19,8);
INSERT INTO ranking_por_hora(id_ranking,posicion,hora) VALUES (110,20,8);
INSERT INTO ranking_por_hora(id_ranking,posicion,hora) VALUES (76,21,8);
INSERT INTO ranking_por_hora(id_ranking,posicion,hora) VALUES (79,22,8);
INSERT INTO ranking_por_hora(id_ranking,posicion,hora) VALUES (107,23,8);
INSERT INTO ranking_por_hora(id_ranking,posicion,hora) VALUES (78,24,8);
INSERT INTO ranking_por_hora(id_ranking,posicion,hora) VALUES (115,25,8);
INSERT INTO ranking_por_hora(id_ranking,posicion,hora) VALUES (88,26,8);
INSERT INTO ranking_por_hora(id_ranking,posicion,hora) VALUES (91,27,8);
INSERT INTO ranking_por_hora(id_ranking,posicion,hora) VALUES (90,28,8);
INSERT INTO ranking_por_hora(id_ranking,posicion,hora) VALUES (82,29,8);
INSERT INTO ranking_por_hora(id_ranking,posicion,hora) VALUES (85,30,8);
INSERT INTO ranking_por_hora(id_ranking,posicion,hora) VALUES (86,31,8);
INSERT INTO ranking_por_hora(id_ranking,posicion,hora) VALUES (84,32,8);
INSERT INTO ranking_por_hora(id_ranking,posicion,hora) VALUES (116,33,8);
INSERT INTO ranking_por_hora(id_ranking,posicion,hora) VALUES (122,34,8);
INSERT INTO ranking_por_hora(id_ranking,posicion,hora) VALUES (83,35,8);
INSERT INTO ranking_por_hora(id_ranking,posicion,hora) VALUES (89,36,8);
INSERT INTO ranking_por_hora(id_ranking,posicion,hora) VALUES (92,37,8);
INSERT INTO ranking_por_hora(id_ranking,posicion,hora) VALUES (106,38,8);
INSERT INTO ranking_por_hora(id_ranking,posicion,hora) VALUES (87,39,8);
INSERT INTO ranking_por_hora(id_ranking,posicion,hora) VALUES (117,40,8);
INSERT INTO ranking_por_hora(id_ranking,posicion,hora) VALUES (109,41,8);
INSERT INTO ranking_por_hora(id_ranking,posicion,hora) VALUES (102,42,8);
INSERT INTO ranking_por_hora(id_ranking,posicion,hora) VALUES (123,43,8);
INSERT INTO ranking_por_hora(id_ranking,posicion,hora) VALUES (94,44,8);
INSERT INTO ranking_por_hora(id_ranking,posicion,hora) VALUES (93,45,8);
INSERT INTO ranking_por_hora(id_ranking,posicion,hora) VALUES (104,46,8);
INSERT INTO ranking_por_hora(id_ranking,posicion,hora) VALUES (96,47,8);
INSERT INTO ranking_por_hora(id_ranking,posicion,hora) VALUES (95,48,8);
INSERT INTO ranking_por_hora(id_ranking,posicion,hora) VALUES (99,49,8);
INSERT INTO ranking_por_hora(id_ranking,posicion,hora) VALUES (98,50,8);
INSERT INTO ranking_por_hora(id_ranking,posicion,hora) VALUES (101,51,8);
INSERT INTO ranking_por_hora(id_ranking,posicion,hora) VALUES (97,52,8);
INSERT INTO ranking_por_hora(id_ranking,posicion,hora) VALUES (100,53,8);
INSERT INTO ranking_por_hora(id_ranking,posicion,hora) VALUES (103,54,8);
INSERT INTO ranking_por_hora(id_ranking,posicion,hora) VALUES (105,55,8);
INSERT INTO ranking_por_hora(id_ranking,posicion,hora) VALUES (108,56,8);
INSERT INTO ranking_por_hora(id_ranking,posicion,hora) VALUES (114,57,8);
INSERT INTO ranking_por_hora(id_ranking,posicion,hora) VALUES (118,58,8);
INSERT INTO ranking_por_hora(id_ranking,posicion,hora) VALUES (120,59,8);
INSERT INTO ranking_por_hora(id_ranking,posicion,hora) VALUES (121,60,8);
INSERT INTO ranking_por_hora(id_ranking,posicion,hora) VALUES (64,1,9);
INSERT INTO ranking_por_hora(id_ranking,posicion,hora) VALUES (63,2,9);
INSERT INTO ranking_por_hora(id_ranking,posicion,hora) VALUES (113,3,9);
INSERT INTO ranking_por_hora(id_ranking,posicion,hora) VALUES (65,4,9);
INSERT INTO ranking_por_hora(id_ranking,posicion,hora) VALUES (67,5,9);
INSERT INTO ranking_por_hora(id_ranking,posicion,hora) VALUES (66,6,9);
INSERT INTO ranking_por_hora(id_ranking,posicion,hora) VALUES (73,7,9);
INSERT INTO ranking_por_hora(id_ranking,posicion,hora) VALUES (68,8,9);
INSERT INTO ranking_por_hora(id_ranking,posicion,hora) VALUES (69,9,9);
INSERT INTO ranking_por_hora(id_ranking,posicion,hora) VALUES (111,10,9);
INSERT INTO ranking_por_hora(id_ranking,posicion,hora) VALUES (112,11,9);
INSERT INTO ranking_por_hora(id_ranking,posicion,hora) VALUES (71,12,9);
INSERT INTO ranking_por_hora(id_ranking,posicion,hora) VALUES (70,13,9);
INSERT INTO ranking_por_hora(id_ranking,posicion,hora) VALUES (81,14,9);
INSERT INTO ranking_por_hora(id_ranking,posicion,hora) VALUES (72,15,9);
INSERT INTO ranking_por_hora(id_ranking,posicion,hora) VALUES (75,16,9);
INSERT INTO ranking_por_hora(id_ranking,posicion,hora) VALUES (74,17,9);
INSERT INTO ranking_por_hora(id_ranking,posicion,hora) VALUES (77,18,9);
INSERT INTO ranking_por_hora(id_ranking,posicion,hora) VALUES (80,19,9);
INSERT INTO ranking_por_hora(id_ranking,posicion,hora) VALUES (110,20,9);
INSERT INTO ranking_por_hora(id_ranking,posicion,hora) VALUES (79,21,9);
INSERT INTO ranking_por_hora(id_ranking,posicion,hora) VALUES (76,22,9);
INSERT INTO ranking_por_hora(id_ranking,posicion,hora) VALUES (88,23,9);
INSERT INTO ranking_por_hora(id_ranking,posicion,hora) VALUES (78,24,9);
INSERT INTO ranking_por_hora(id_ranking,posicion,hora) VALUES (115,25,9);
INSERT INTO ranking_por_hora(id_ranking,posicion,hora) VALUES (91,26,9);
INSERT INTO ranking_por_hora(id_ranking,posicion,hora) VALUES (90,27,9);
INSERT INTO ranking_por_hora(id_ranking,posicion,hora) VALUES (82,28,9);
INSERT INTO ranking_por_hora(id_ranking,posicion,hora) VALUES (85,29,9);
INSERT INTO ranking_por_hora(id_ranking,posicion,hora) VALUES (84,30,9);
INSERT INTO ranking_por_hora(id_ranking,posicion,hora) VALUES (116,31,9);
INSERT INTO ranking_por_hora(id_ranking,posicion,hora) VALUES (83,32,9);
INSERT INTO ranking_por_hora(id_ranking,posicion,hora) VALUES (86,33,9);
INSERT INTO ranking_por_hora(id_ranking,posicion,hora) VALUES (122,34,9);
INSERT INTO ranking_por_hora(id_ranking,posicion,hora) VALUES (89,35,9);
INSERT INTO ranking_por_hora(id_ranking,posicion,hora) VALUES (92,36,9);
INSERT INTO ranking_por_hora(id_ranking,posicion,hora) VALUES (107,37,9);
INSERT INTO ranking_por_hora(id_ranking,posicion,hora) VALUES (87,38,9);
INSERT INTO ranking_por_hora(id_ranking,posicion,hora) VALUES (106,39,9);
INSERT INTO ranking_por_hora(id_ranking,posicion,hora) VALUES (117,40,9);
INSERT INTO ranking_por_hora(id_ranking,posicion,hora) VALUES (102,41,9);
INSERT INTO ranking_por_hora(id_ranking,posicion,hora) VALUES (123,42,9);
INSERT INTO ranking_por_hora(id_ranking,posicion,hora) VALUES (94,43,9);
INSERT INTO ranking_por_hora(id_ranking,posicion,hora) VALUES (93,44,9);
INSERT INTO ranking_por_hora(id_ranking,posicion,hora) VALUES (96,45,9);
INSERT INTO ranking_por_hora(id_ranking,posicion,hora) VALUES (109,46,9);
INSERT INTO ranking_por_hora(id_ranking,posicion,hora) VALUES (95,47,9);
INSERT INTO ranking_por_hora(id_ranking,posicion,hora) VALUES (104,48,9);
INSERT INTO ranking_por_hora(id_ranking,posicion,hora) VALUES (99,49,9);
INSERT INTO ranking_por_hora(id_ranking,posicion,hora) VALUES (98,50,9);
INSERT INTO ranking_por_hora(id_ranking,posicion,hora) VALUES (97,51,9);
INSERT INTO ranking_por_hora(id_ranking,posicion,hora) VALUES (100,52,9);
INSERT INTO ranking_por_hora(id_ranking,posicion,hora) VALUES (101,53,9);
INSERT INTO ranking_por_hora(id_ranking,posicion,hora) VALUES (105,54,9);
INSERT INTO ranking_por_hora(id_ranking,posicion,hora) VALUES (103,55,9);
INSERT INTO ranking_por_hora(id_ranking,posicion,hora) VALUES (108,56,9);
INSERT INTO ranking_por_hora(id_ranking,posicion,hora) VALUES (114,57,9);
INSERT INTO ranking_por_hora(id_ranking,posicion,hora) VALUES (118,58,9);
INSERT INTO ranking_por_hora(id_ranking,posicion,hora) VALUES (120,59,9);
INSERT INTO ranking_por_hora(id_ranking,posicion,hora) VALUES (121,60,9);
INSERT INTO ranking_por_hora(id_ranking,posicion,hora) VALUES (64,1,10);
INSERT INTO ranking_por_hora(id_ranking,posicion,hora) VALUES (63,2,10);
INSERT INTO ranking_por_hora(id_ranking,posicion,hora) VALUES (113,3,10);
INSERT INTO ranking_por_hora(id_ranking,posicion,hora) VALUES (65,4,10);
INSERT INTO ranking_por_hora(id_ranking,posicion,hora) VALUES (67,5,10);
INSERT INTO ranking_por_hora(id_ranking,posicion,hora) VALUES (66,6,10);
INSERT INTO ranking_por_hora(id_ranking,posicion,hora) VALUES (73,7,10);
INSERT INTO ranking_por_hora(id_ranking,posicion,hora) VALUES (68,8,10);
INSERT INTO ranking_por_hora(id_ranking,posicion,hora) VALUES (69,9,10);
INSERT INTO ranking_por_hora(id_ranking,posicion,hora) VALUES (111,10,10);
INSERT INTO ranking_por_hora(id_ranking,posicion,hora) VALUES (112,11,10);
INSERT INTO ranking_por_hora(id_ranking,posicion,hora) VALUES (70,12,10);
INSERT INTO ranking_por_hora(id_ranking,posicion,hora) VALUES (81,13,10);
INSERT INTO ranking_por_hora(id_ranking,posicion,hora) VALUES (71,14,10);
INSERT INTO ranking_por_hora(id_ranking,posicion,hora) VALUES (72,15,10);
INSERT INTO ranking_por_hora(id_ranking,posicion,hora) VALUES (74,16,10);
INSERT INTO ranking_por_hora(id_ranking,posicion,hora) VALUES (75,17,10);
INSERT INTO ranking_por_hora(id_ranking,posicion,hora) VALUES (77,18,10);
INSERT INTO ranking_por_hora(id_ranking,posicion,hora) VALUES (80,19,10);
INSERT INTO ranking_por_hora(id_ranking,posicion,hora) VALUES (76,20,10);
INSERT INTO ranking_por_hora(id_ranking,posicion,hora) VALUES (110,21,10);
INSERT INTO ranking_por_hora(id_ranking,posicion,hora) VALUES (79,22,10);
INSERT INTO ranking_por_hora(id_ranking,posicion,hora) VALUES (78,23,10);
INSERT INTO ranking_por_hora(id_ranking,posicion,hora) VALUES (88,24,10);
INSERT INTO ranking_por_hora(id_ranking,posicion,hora) VALUES (115,25,10);
INSERT INTO ranking_por_hora(id_ranking,posicion,hora) VALUES (82,26,10);
INSERT INTO ranking_por_hora(id_ranking,posicion,hora) VALUES (91,27,10);
INSERT INTO ranking_por_hora(id_ranking,posicion,hora) VALUES (90,28,10);
INSERT INTO ranking_por_hora(id_ranking,posicion,hora) VALUES (85,29,10);
INSERT INTO ranking_por_hora(id_ranking,posicion,hora) VALUES (86,30,10);
INSERT INTO ranking_por_hora(id_ranking,posicion,hora) VALUES (84,31,10);
INSERT INTO ranking_por_hora(id_ranking,posicion,hora) VALUES (83,32,10);
INSERT INTO ranking_por_hora(id_ranking,posicion,hora) VALUES (122,33,10);
INSERT INTO ranking_por_hora(id_ranking,posicion,hora) VALUES (107,34,10);
INSERT INTO ranking_por_hora(id_ranking,posicion,hora) VALUES (89,35,10);
INSERT INTO ranking_por_hora(id_ranking,posicion,hora) VALUES (92,36,10);
INSERT INTO ranking_por_hora(id_ranking,posicion,hora) VALUES (87,37,10);
INSERT INTO ranking_por_hora(id_ranking,posicion,hora) VALUES (102,38,10);
INSERT INTO ranking_por_hora(id_ranking,posicion,hora) VALUES (116,39,10);
INSERT INTO ranking_por_hora(id_ranking,posicion,hora) VALUES (123,40,10);
INSERT INTO ranking_por_hora(id_ranking,posicion,hora) VALUES (93,41,10);
INSERT INTO ranking_por_hora(id_ranking,posicion,hora) VALUES (94,42,10);
INSERT INTO ranking_por_hora(id_ranking,posicion,hora) VALUES (96,43,10);
INSERT INTO ranking_por_hora(id_ranking,posicion,hora) VALUES (109,44,10);
INSERT INTO ranking_por_hora(id_ranking,posicion,hora) VALUES (95,45,10);
INSERT INTO ranking_por_hora(id_ranking,posicion,hora) VALUES (104,46,10);
INSERT INTO ranking_por_hora(id_ranking,posicion,hora) VALUES (99,47,10);
INSERT INTO ranking_por_hora(id_ranking,posicion,hora) VALUES (98,48,10);
INSERT INTO ranking_por_hora(id_ranking,posicion,hora) VALUES (97,49,10);
INSERT INTO ranking_por_hora(id_ranking,posicion,hora) VALUES (100,50,10);
INSERT INTO ranking_por_hora(id_ranking,posicion,hora) VALUES (105,51,10);
INSERT INTO ranking_por_hora(id_ranking,posicion,hora) VALUES (101,52,10);
INSERT INTO ranking_por_hora(id_ranking,posicion,hora) VALUES (103,53,10);
INSERT INTO ranking_por_hora(id_ranking,posicion,hora) VALUES (106,54,10);
INSERT INTO ranking_por_hora(id_ranking,posicion,hora) VALUES (108,55,10);
INSERT INTO ranking_por_hora(id_ranking,posicion,hora) VALUES (117,56,10);
INSERT INTO ranking_por_hora(id_ranking,posicion,hora) VALUES (114,57,10);
INSERT INTO ranking_por_hora(id_ranking,posicion,hora) VALUES (118,58,10);
INSERT INTO ranking_por_hora(id_ranking,posicion,hora) VALUES (120,59,10);
INSERT INTO ranking_por_hora(id_ranking,posicion,hora) VALUES (121,60,10);
INSERT INTO ranking_por_hora(id_ranking,posicion,hora) VALUES (63,1,11);
INSERT INTO ranking_por_hora(id_ranking,posicion,hora) VALUES (64,2,11);
INSERT INTO ranking_por_hora(id_ranking,posicion,hora) VALUES (67,3,11);
INSERT INTO ranking_por_hora(id_ranking,posicion,hora) VALUES (65,4,11);
INSERT INTO ranking_por_hora(id_ranking,posicion,hora) VALUES (66,5,11);
INSERT INTO ranking_por_hora(id_ranking,posicion,hora) VALUES (73,6,11);
INSERT INTO ranking_por_hora(id_ranking,posicion,hora) VALUES (68,7,11);
INSERT INTO ranking_por_hora(id_ranking,posicion,hora) VALUES (69,8,11);
INSERT INTO ranking_por_hora(id_ranking,posicion,hora) VALUES (111,9,11);
INSERT INTO ranking_por_hora(id_ranking,posicion,hora) VALUES (70,10,11);
INSERT INTO ranking_por_hora(id_ranking,posicion,hora) VALUES (112,11,11);
INSERT INTO ranking_por_hora(id_ranking,posicion,hora) VALUES (71,12,11);
INSERT INTO ranking_por_hora(id_ranking,posicion,hora) VALUES (81,13,11);
INSERT INTO ranking_por_hora(id_ranking,posicion,hora) VALUES (72,14,11);
INSERT INTO ranking_por_hora(id_ranking,posicion,hora) VALUES (74,15,11);
INSERT INTO ranking_por_hora(id_ranking,posicion,hora) VALUES (75,16,11);
INSERT INTO ranking_por_hora(id_ranking,posicion,hora) VALUES (113,17,11);
INSERT INTO ranking_por_hora(id_ranking,posicion,hora) VALUES (77,18,11);
INSERT INTO ranking_por_hora(id_ranking,posicion,hora) VALUES (76,19,11);
INSERT INTO ranking_por_hora(id_ranking,posicion,hora) VALUES (80,20,11);
INSERT INTO ranking_por_hora(id_ranking,posicion,hora) VALUES (110,21,11);
INSERT INTO ranking_por_hora(id_ranking,posicion,hora) VALUES (79,22,11);
INSERT INTO ranking_por_hora(id_ranking,posicion,hora) VALUES (78,23,11);
INSERT INTO ranking_por_hora(id_ranking,posicion,hora) VALUES (88,24,11);
INSERT INTO ranking_por_hora(id_ranking,posicion,hora) VALUES (91,25,11);
INSERT INTO ranking_por_hora(id_ranking,posicion,hora) VALUES (82,26,11);
INSERT INTO ranking_por_hora(id_ranking,posicion,hora) VALUES (84,27,11);
INSERT INTO ranking_por_hora(id_ranking,posicion,hora) VALUES (83,28,11);
INSERT INTO ranking_por_hora(id_ranking,posicion,hora) VALUES (107,29,11);
INSERT INTO ranking_por_hora(id_ranking,posicion,hora) VALUES (122,30,11);
INSERT INTO ranking_por_hora(id_ranking,posicion,hora) VALUES (86,31,11);
INSERT INTO ranking_por_hora(id_ranking,posicion,hora) VALUES (90,32,11);
INSERT INTO ranking_por_hora(id_ranking,posicion,hora) VALUES (85,33,11);
INSERT INTO ranking_por_hora(id_ranking,posicion,hora) VALUES (89,34,11);
INSERT INTO ranking_por_hora(id_ranking,posicion,hora) VALUES (87,35,11);
INSERT INTO ranking_por_hora(id_ranking,posicion,hora) VALUES (102,36,11);
INSERT INTO ranking_por_hora(id_ranking,posicion,hora) VALUES (115,37,11);
INSERT INTO ranking_por_hora(id_ranking,posicion,hora) VALUES (92,38,11);
INSERT INTO ranking_por_hora(id_ranking,posicion,hora) VALUES (123,39,11);
INSERT INTO ranking_por_hora(id_ranking,posicion,hora) VALUES (96,40,11);
INSERT INTO ranking_por_hora(id_ranking,posicion,hora) VALUES (104,41,11);
INSERT INTO ranking_por_hora(id_ranking,posicion,hora) VALUES (93,42,11);
INSERT INTO ranking_por_hora(id_ranking,posicion,hora) VALUES (95,43,11);
INSERT INTO ranking_por_hora(id_ranking,posicion,hora) VALUES (94,44,11);
INSERT INTO ranking_por_hora(id_ranking,posicion,hora) VALUES (99,45,11);
INSERT INTO ranking_por_hora(id_ranking,posicion,hora) VALUES (97,46,11);
INSERT INTO ranking_por_hora(id_ranking,posicion,hora) VALUES (109,47,11);
INSERT INTO ranking_por_hora(id_ranking,posicion,hora) VALUES (100,48,11);
INSERT INTO ranking_por_hora(id_ranking,posicion,hora) VALUES (98,49,11);
INSERT INTO ranking_por_hora(id_ranking,posicion,hora) VALUES (105,50,11);
INSERT INTO ranking_por_hora(id_ranking,posicion,hora) VALUES (103,51,11);
INSERT INTO ranking_por_hora(id_ranking,posicion,hora) VALUES (101,52,11);
INSERT INTO ranking_por_hora(id_ranking,posicion,hora) VALUES (106,53,11);
INSERT INTO ranking_por_hora(id_ranking,posicion,hora) VALUES (108,54,11);
INSERT INTO ranking_por_hora(id_ranking,posicion,hora) VALUES (116,55,11);
INSERT INTO ranking_por_hora(id_ranking,posicion,hora) VALUES (114,56,11);
INSERT INTO ranking_por_hora(id_ranking,posicion,hora) VALUES (117,57,11);
INSERT INTO ranking_por_hora(id_ranking,posicion,hora) VALUES (118,58,11);
INSERT INTO ranking_por_hora(id_ranking,posicion,hora) VALUES (120,59,11);
INSERT INTO ranking_por_hora(id_ranking,posicion,hora) VALUES (121,60,11);
INSERT INTO ranking_por_hora(id_ranking,posicion,hora) VALUES (64,1,12);
INSERT INTO ranking_por_hora(id_ranking,posicion,hora) VALUES (63,2,12);
INSERT INTO ranking_por_hora(id_ranking,posicion,hora) VALUES (67,3,12);
INSERT INTO ranking_por_hora(id_ranking,posicion,hora) VALUES (65,4,12);
INSERT INTO ranking_por_hora(id_ranking,posicion,hora) VALUES (66,5,12);
INSERT INTO ranking_por_hora(id_ranking,posicion,hora) VALUES (73,6,12);
INSERT INTO ranking_por_hora(id_ranking,posicion,hora) VALUES (68,7,12);
INSERT INTO ranking_por_hora(id_ranking,posicion,hora) VALUES (69,8,12);
INSERT INTO ranking_por_hora(id_ranking,posicion,hora) VALUES (111,9,12);
INSERT INTO ranking_por_hora(id_ranking,posicion,hora) VALUES (70,10,12);
INSERT INTO ranking_por_hora(id_ranking,posicion,hora) VALUES (112,11,12);
INSERT INTO ranking_por_hora(id_ranking,posicion,hora) VALUES (81,12,12);
INSERT INTO ranking_por_hora(id_ranking,posicion,hora) VALUES (71,13,12);
INSERT INTO ranking_por_hora(id_ranking,posicion,hora) VALUES (72,14,12);
INSERT INTO ranking_por_hora(id_ranking,posicion,hora) VALUES (74,15,12);
INSERT INTO ranking_por_hora(id_ranking,posicion,hora) VALUES (75,16,12);
INSERT INTO ranking_por_hora(id_ranking,posicion,hora) VALUES (77,17,12);
INSERT INTO ranking_por_hora(id_ranking,posicion,hora) VALUES (76,18,12);
INSERT INTO ranking_por_hora(id_ranking,posicion,hora) VALUES (80,19,12);
INSERT INTO ranking_por_hora(id_ranking,posicion,hora) VALUES (110,20,12);
INSERT INTO ranking_por_hora(id_ranking,posicion,hora) VALUES (79,21,12);
INSERT INTO ranking_por_hora(id_ranking,posicion,hora) VALUES (78,22,12);
INSERT INTO ranking_por_hora(id_ranking,posicion,hora) VALUES (88,23,12);
INSERT INTO ranking_por_hora(id_ranking,posicion,hora) VALUES (107,24,12);
INSERT INTO ranking_por_hora(id_ranking,posicion,hora) VALUES (91,25,12);
INSERT INTO ranking_por_hora(id_ranking,posicion,hora) VALUES (82,26,12);
INSERT INTO ranking_por_hora(id_ranking,posicion,hora) VALUES (83,27,12);
INSERT INTO ranking_por_hora(id_ranking,posicion,hora) VALUES (84,28,12);
INSERT INTO ranking_por_hora(id_ranking,posicion,hora) VALUES (90,29,12);
INSERT INTO ranking_por_hora(id_ranking,posicion,hora) VALUES (122,30,12);
INSERT INTO ranking_por_hora(id_ranking,posicion,hora) VALUES (86,31,12);
INSERT INTO ranking_por_hora(id_ranking,posicion,hora) VALUES (85,32,12);
INSERT INTO ranking_por_hora(id_ranking,posicion,hora) VALUES (89,33,12);
INSERT INTO ranking_por_hora(id_ranking,posicion,hora) VALUES (87,34,12);
INSERT INTO ranking_por_hora(id_ranking,posicion,hora) VALUES (102,35,12);
INSERT INTO ranking_por_hora(id_ranking,posicion,hora) VALUES (92,36,12);
INSERT INTO ranking_por_hora(id_ranking,posicion,hora) VALUES (123,37,12);
INSERT INTO ranking_por_hora(id_ranking,posicion,hora) VALUES (104,38,12);
INSERT INTO ranking_por_hora(id_ranking,posicion,hora) VALUES (96,39,12);
INSERT INTO ranking_por_hora(id_ranking,posicion,hora) VALUES (94,40,12);
INSERT INTO ranking_por_hora(id_ranking,posicion,hora) VALUES (93,41,12);
INSERT INTO ranking_por_hora(id_ranking,posicion,hora) VALUES (95,42,12);
INSERT INTO ranking_por_hora(id_ranking,posicion,hora) VALUES (99,43,12);
INSERT INTO ranking_por_hora(id_ranking,posicion,hora) VALUES (113,44,12);
INSERT INTO ranking_por_hora(id_ranking,posicion,hora) VALUES (109,45,12);
INSERT INTO ranking_por_hora(id_ranking,posicion,hora) VALUES (97,46,12);
INSERT INTO ranking_por_hora(id_ranking,posicion,hora) VALUES (100,47,12);
INSERT INTO ranking_por_hora(id_ranking,posicion,hora) VALUES (98,48,12);
INSERT INTO ranking_por_hora(id_ranking,posicion,hora) VALUES (105,49,12);
INSERT INTO ranking_por_hora(id_ranking,posicion,hora) VALUES (103,50,12);
INSERT INTO ranking_por_hora(id_ranking,posicion,hora) VALUES (101,51,12);
INSERT INTO ranking_por_hora(id_ranking,posicion,hora) VALUES (106,52,12);
INSERT INTO ranking_por_hora(id_ranking,posicion,hora) VALUES (115,53,12);
INSERT INTO ranking_por_hora(id_ranking,posicion,hora) VALUES (108,54,12);
INSERT INTO ranking_por_hora(id_ranking,posicion,hora) VALUES (114,55,12);
INSERT INTO ranking_por_hora(id_ranking,posicion,hora) VALUES (116,56,12);
INSERT INTO ranking_por_hora(id_ranking,posicion,hora) VALUES (117,57,12);
INSERT INTO ranking_por_hora(id_ranking,posicion,hora) VALUES (118,58,12);
INSERT INTO ranking_por_hora(id_ranking,posicion,hora) VALUES (120,59,12);
INSERT INTO ranking_por_hora(id_ranking,posicion,hora) VALUES (121,60,12);
INSERT INTO ranking_por_hora(id_ranking,posicion,hora) VALUES (64,1,13);
INSERT INTO ranking_por_hora(id_ranking,posicion,hora) VALUES (63,2,13);
INSERT INTO ranking_por_hora(id_ranking,posicion,hora) VALUES (67,3,13);
INSERT INTO ranking_por_hora(id_ranking,posicion,hora) VALUES (65,4,13);
INSERT INTO ranking_por_hora(id_ranking,posicion,hora) VALUES (66,5,13);
INSERT INTO ranking_por_hora(id_ranking,posicion,hora) VALUES (73,6,13);
INSERT INTO ranking_por_hora(id_ranking,posicion,hora) VALUES (68,7,13);
INSERT INTO ranking_por_hora(id_ranking,posicion,hora) VALUES (69,8,13);
INSERT INTO ranking_por_hora(id_ranking,posicion,hora) VALUES (111,9,13);
INSERT INTO ranking_por_hora(id_ranking,posicion,hora) VALUES (70,10,13);
INSERT INTO ranking_por_hora(id_ranking,posicion,hora) VALUES (112,11,13);
INSERT INTO ranking_por_hora(id_ranking,posicion,hora) VALUES (71,12,13);
INSERT INTO ranking_por_hora(id_ranking,posicion,hora) VALUES (72,13,13);
INSERT INTO ranking_por_hora(id_ranking,posicion,hora) VALUES (74,14,13);
INSERT INTO ranking_por_hora(id_ranking,posicion,hora) VALUES (75,15,13);
INSERT INTO ranking_por_hora(id_ranking,posicion,hora) VALUES (76,16,13);
INSERT INTO ranking_por_hora(id_ranking,posicion,hora) VALUES (110,17,13);
INSERT INTO ranking_por_hora(id_ranking,posicion,hora) VALUES (79,18,13);
INSERT INTO ranking_por_hora(id_ranking,posicion,hora) VALUES (80,19,13);
INSERT INTO ranking_por_hora(id_ranking,posicion,hora) VALUES (77,20,13);
INSERT INTO ranking_por_hora(id_ranking,posicion,hora) VALUES (81,21,13);
INSERT INTO ranking_por_hora(id_ranking,posicion,hora) VALUES (78,22,13);
INSERT INTO ranking_por_hora(id_ranking,posicion,hora) VALUES (88,23,13);
INSERT INTO ranking_por_hora(id_ranking,posicion,hora) VALUES (107,24,13);
INSERT INTO ranking_por_hora(id_ranking,posicion,hora) VALUES (82,25,13);
INSERT INTO ranking_por_hora(id_ranking,posicion,hora) VALUES (84,26,13);
INSERT INTO ranking_por_hora(id_ranking,posicion,hora) VALUES (83,27,13);
INSERT INTO ranking_por_hora(id_ranking,posicion,hora) VALUES (90,28,13);
INSERT INTO ranking_por_hora(id_ranking,posicion,hora) VALUES (122,29,13);
INSERT INTO ranking_por_hora(id_ranking,posicion,hora) VALUES (86,30,13);
INSERT INTO ranking_por_hora(id_ranking,posicion,hora) VALUES (85,31,13);
INSERT INTO ranking_por_hora(id_ranking,posicion,hora) VALUES (87,32,13);
INSERT INTO ranking_por_hora(id_ranking,posicion,hora) VALUES (89,33,13);
INSERT INTO ranking_por_hora(id_ranking,posicion,hora) VALUES (102,34,13);
INSERT INTO ranking_por_hora(id_ranking,posicion,hora) VALUES (92,35,13);
INSERT INTO ranking_por_hora(id_ranking,posicion,hora) VALUES (123,36,13);
INSERT INTO ranking_por_hora(id_ranking,posicion,hora) VALUES (91,37,13);
INSERT INTO ranking_por_hora(id_ranking,posicion,hora) VALUES (104,38,13);
INSERT INTO ranking_por_hora(id_ranking,posicion,hora) VALUES (94,39,13);
INSERT INTO ranking_por_hora(id_ranking,posicion,hora) VALUES (93,40,13);
INSERT INTO ranking_por_hora(id_ranking,posicion,hora) VALUES (96,41,13);
INSERT INTO ranking_por_hora(id_ranking,posicion,hora) VALUES (95,42,13);
INSERT INTO ranking_por_hora(id_ranking,posicion,hora) VALUES (99,43,13);
INSERT INTO ranking_por_hora(id_ranking,posicion,hora) VALUES (109,44,13);
INSERT INTO ranking_por_hora(id_ranking,posicion,hora) VALUES (97,45,13);
INSERT INTO ranking_por_hora(id_ranking,posicion,hora) VALUES (100,46,13);
INSERT INTO ranking_por_hora(id_ranking,posicion,hora) VALUES (98,47,13);
INSERT INTO ranking_por_hora(id_ranking,posicion,hora) VALUES (105,48,13);
INSERT INTO ranking_por_hora(id_ranking,posicion,hora) VALUES (101,49,13);
INSERT INTO ranking_por_hora(id_ranking,posicion,hora) VALUES (103,50,13);
INSERT INTO ranking_por_hora(id_ranking,posicion,hora) VALUES (106,51,13);
INSERT INTO ranking_por_hora(id_ranking,posicion,hora) VALUES (108,52,13);
INSERT INTO ranking_por_hora(id_ranking,posicion,hora) VALUES (114,53,13);
INSERT INTO ranking_por_hora(id_ranking,posicion,hora) VALUES (115,54,13);
INSERT INTO ranking_por_hora(id_ranking,posicion,hora) VALUES (64,1,14);
INSERT INTO ranking_por_hora(id_ranking,posicion,hora) VALUES (63,2,14);
INSERT INTO ranking_por_hora(id_ranking,posicion,hora) VALUES (67,3,14);
INSERT INTO ranking_por_hora(id_ranking,posicion,hora) VALUES (65,4,14);
INSERT INTO ranking_por_hora(id_ranking,posicion,hora) VALUES (66,5,14);
INSERT INTO ranking_por_hora(id_ranking,posicion,hora) VALUES (73,6,14);
INSERT INTO ranking_por_hora(id_ranking,posicion,hora) VALUES (68,7,14);
INSERT INTO ranking_por_hora(id_ranking,posicion,hora) VALUES (69,8,14);
INSERT INTO ranking_por_hora(id_ranking,posicion,hora) VALUES (111,9,14);
INSERT INTO ranking_por_hora(id_ranking,posicion,hora) VALUES (70,10,14);
INSERT INTO ranking_por_hora(id_ranking,posicion,hora) VALUES (71,11,14);
INSERT INTO ranking_por_hora(id_ranking,posicion,hora) VALUES (72,12,14);
INSERT INTO ranking_por_hora(id_ranking,posicion,hora) VALUES (74,13,14);
INSERT INTO ranking_por_hora(id_ranking,posicion,hora) VALUES (75,14,14);
INSERT INTO ranking_por_hora(id_ranking,posicion,hora) VALUES (76,15,14);
INSERT INTO ranking_por_hora(id_ranking,posicion,hora) VALUES (110,16,14);
INSERT INTO ranking_por_hora(id_ranking,posicion,hora) VALUES (80,17,14);
INSERT INTO ranking_por_hora(id_ranking,posicion,hora) VALUES (77,18,14);
INSERT INTO ranking_por_hora(id_ranking,posicion,hora) VALUES (79,19,14);
INSERT INTO ranking_por_hora(id_ranking,posicion,hora) VALUES (88,20,14);
INSERT INTO ranking_por_hora(id_ranking,posicion,hora) VALUES (78,21,14);
INSERT INTO ranking_por_hora(id_ranking,posicion,hora) VALUES (81,22,14);
INSERT INTO ranking_por_hora(id_ranking,posicion,hora) VALUES (107,23,14);
INSERT INTO ranking_por_hora(id_ranking,posicion,hora) VALUES (112,24,14);
INSERT INTO ranking_por_hora(id_ranking,posicion,hora) VALUES (82,25,14);
INSERT INTO ranking_por_hora(id_ranking,posicion,hora) VALUES (84,26,14);
INSERT INTO ranking_por_hora(id_ranking,posicion,hora) VALUES (83,27,14);
INSERT INTO ranking_por_hora(id_ranking,posicion,hora) VALUES (90,28,14);
INSERT INTO ranking_por_hora(id_ranking,posicion,hora) VALUES (122,29,14);
INSERT INTO ranking_por_hora(id_ranking,posicion,hora) VALUES (86,30,14);
INSERT INTO ranking_por_hora(id_ranking,posicion,hora) VALUES (85,31,14);
INSERT INTO ranking_por_hora(id_ranking,posicion,hora) VALUES (89,32,14);
INSERT INTO ranking_por_hora(id_ranking,posicion,hora) VALUES (87,33,14);
INSERT INTO ranking_por_hora(id_ranking,posicion,hora) VALUES (102,34,14);
INSERT INTO ranking_por_hora(id_ranking,posicion,hora) VALUES (92,35,14);
INSERT INTO ranking_por_hora(id_ranking,posicion,hora) VALUES (123,36,14);
INSERT INTO ranking_por_hora(id_ranking,posicion,hora) VALUES (91,37,14);
INSERT INTO ranking_por_hora(id_ranking,posicion,hora) VALUES (94,38,14);
INSERT INTO ranking_por_hora(id_ranking,posicion,hora) VALUES (93,39,14);
INSERT INTO ranking_por_hora(id_ranking,posicion,hora) VALUES (109,40,14);
INSERT INTO ranking_por_hora(id_ranking,posicion,hora) VALUES (95,41,14);
INSERT INTO ranking_por_hora(id_ranking,posicion,hora) VALUES (99,42,14);
INSERT INTO ranking_por_hora(id_ranking,posicion,hora) VALUES (104,43,14);
INSERT INTO ranking_por_hora(id_ranking,posicion,hora) VALUES (97,44,14);
INSERT INTO ranking_por_hora(id_ranking,posicion,hora) VALUES (96,45,14);
INSERT INTO ranking_por_hora(id_ranking,posicion,hora) VALUES (100,46,14);
INSERT INTO ranking_por_hora(id_ranking,posicion,hora) VALUES (98,47,14);
INSERT INTO ranking_por_hora(id_ranking,posicion,hora) VALUES (105,48,14);
INSERT INTO ranking_por_hora(id_ranking,posicion,hora) VALUES (101,49,14);
INSERT INTO ranking_por_hora(id_ranking,posicion,hora) VALUES (103,50,14);
INSERT INTO ranking_por_hora(id_ranking,posicion,hora) VALUES (106,51,14);
INSERT INTO ranking_por_hora(id_ranking,posicion,hora) VALUES (108,52,14);
INSERT INTO ranking_por_hora(id_ranking,posicion,hora) VALUES (114,53,14);
INSERT INTO ranking_por_hora(id_ranking,posicion,hora) VALUES (64,1,15);
INSERT INTO ranking_por_hora(id_ranking,posicion,hora) VALUES (63,2,15);
INSERT INTO ranking_por_hora(id_ranking,posicion,hora) VALUES (67,3,15);
INSERT INTO ranking_por_hora(id_ranking,posicion,hora) VALUES (65,4,15);
INSERT INTO ranking_por_hora(id_ranking,posicion,hora) VALUES (66,5,15);
INSERT INTO ranking_por_hora(id_ranking,posicion,hora) VALUES (73,6,15);
INSERT INTO ranking_por_hora(id_ranking,posicion,hora) VALUES (68,7,15);
INSERT INTO ranking_por_hora(id_ranking,posicion,hora) VALUES (69,8,15);
INSERT INTO ranking_por_hora(id_ranking,posicion,hora) VALUES (111,9,15);
INSERT INTO ranking_por_hora(id_ranking,posicion,hora) VALUES (70,10,15);
INSERT INTO ranking_por_hora(id_ranking,posicion,hora) VALUES (71,11,15);
INSERT INTO ranking_por_hora(id_ranking,posicion,hora) VALUES (72,12,15);
INSERT INTO ranking_por_hora(id_ranking,posicion,hora) VALUES (74,13,15);
INSERT INTO ranking_por_hora(id_ranking,posicion,hora) VALUES (75,14,15);
INSERT INTO ranking_por_hora(id_ranking,posicion,hora) VALUES (76,15,15);
INSERT INTO ranking_por_hora(id_ranking,posicion,hora) VALUES (80,16,15);
INSERT INTO ranking_por_hora(id_ranking,posicion,hora) VALUES (88,17,15);
INSERT INTO ranking_por_hora(id_ranking,posicion,hora) VALUES (77,18,15);
INSERT INTO ranking_por_hora(id_ranking,posicion,hora) VALUES (78,19,15);
INSERT INTO ranking_por_hora(id_ranking,posicion,hora) VALUES (79,20,15);
INSERT INTO ranking_por_hora(id_ranking,posicion,hora) VALUES (110,21,15);
INSERT INTO ranking_por_hora(id_ranking,posicion,hora) VALUES (107,22,15);
INSERT INTO ranking_por_hora(id_ranking,posicion,hora) VALUES (81,23,15);
INSERT INTO ranking_por_hora(id_ranking,posicion,hora) VALUES (82,24,15);
INSERT INTO ranking_por_hora(id_ranking,posicion,hora) VALUES (83,25,15);
INSERT INTO ranking_por_hora(id_ranking,posicion,hora) VALUES (90,26,15);
INSERT INTO ranking_por_hora(id_ranking,posicion,hora) VALUES (84,27,15);
INSERT INTO ranking_por_hora(id_ranking,posicion,hora) VALUES (86,28,15);
INSERT INTO ranking_por_hora(id_ranking,posicion,hora) VALUES (122,29,15);
INSERT INTO ranking_por_hora(id_ranking,posicion,hora) VALUES (85,30,15);
INSERT INTO ranking_por_hora(id_ranking,posicion,hora) VALUES (89,31,15);
INSERT INTO ranking_por_hora(id_ranking,posicion,hora) VALUES (87,32,15);
INSERT INTO ranking_por_hora(id_ranking,posicion,hora) VALUES (102,33,15);
INSERT INTO ranking_por_hora(id_ranking,posicion,hora) VALUES (92,34,15);
INSERT INTO ranking_por_hora(id_ranking,posicion,hora) VALUES (123,35,15);
INSERT INTO ranking_por_hora(id_ranking,posicion,hora) VALUES (91,36,15);
INSERT INTO ranking_por_hora(id_ranking,posicion,hora) VALUES (93,37,15);
INSERT INTO ranking_por_hora(id_ranking,posicion,hora) VALUES (109,38,15);
INSERT INTO ranking_por_hora(id_ranking,posicion,hora) VALUES (94,39,15);
INSERT INTO ranking_por_hora(id_ranking,posicion,hora) VALUES (99,40,15);
INSERT INTO ranking_por_hora(id_ranking,posicion,hora) VALUES (104,41,15);
INSERT INTO ranking_por_hora(id_ranking,posicion,hora) VALUES (95,42,15);
INSERT INTO ranking_por_hora(id_ranking,posicion,hora) VALUES (97,43,15);
INSERT INTO ranking_por_hora(id_ranking,posicion,hora) VALUES (96,44,15);
INSERT INTO ranking_por_hora(id_ranking,posicion,hora) VALUES (100,45,15);
INSERT INTO ranking_por_hora(id_ranking,posicion,hora) VALUES (98,46,15);
INSERT INTO ranking_por_hora(id_ranking,posicion,hora) VALUES (105,47,15);
INSERT INTO ranking_por_hora(id_ranking,posicion,hora) VALUES (101,48,15);
INSERT INTO ranking_por_hora(id_ranking,posicion,hora) VALUES (103,49,15);
INSERT INTO ranking_por_hora(id_ranking,posicion,hora) VALUES (108,50,15);
INSERT INTO ranking_por_hora(id_ranking,posicion,hora) VALUES (112,51,15);
INSERT INTO ranking_por_hora(id_ranking,posicion,hora) VALUES (106,52,15);
INSERT INTO ranking_por_hora(id_ranking,posicion,hora) VALUES (64,1,16);
INSERT INTO ranking_por_hora(id_ranking,posicion,hora) VALUES (63,2,16);
INSERT INTO ranking_por_hora(id_ranking,posicion,hora) VALUES (67,3,16);
INSERT INTO ranking_por_hora(id_ranking,posicion,hora) VALUES (65,4,16);
INSERT INTO ranking_por_hora(id_ranking,posicion,hora) VALUES (66,5,16);
INSERT INTO ranking_por_hora(id_ranking,posicion,hora) VALUES (73,6,16);
INSERT INTO ranking_por_hora(id_ranking,posicion,hora) VALUES (68,7,16);
INSERT INTO ranking_por_hora(id_ranking,posicion,hora) VALUES (69,8,16);
INSERT INTO ranking_por_hora(id_ranking,posicion,hora) VALUES (111,9,16);
INSERT INTO ranking_por_hora(id_ranking,posicion,hora) VALUES (70,10,16);
INSERT INTO ranking_por_hora(id_ranking,posicion,hora) VALUES (71,11,16);
INSERT INTO ranking_por_hora(id_ranking,posicion,hora) VALUES (74,12,16);
INSERT INTO ranking_por_hora(id_ranking,posicion,hora) VALUES (72,13,16);
INSERT INTO ranking_por_hora(id_ranking,posicion,hora) VALUES (75,14,16);
INSERT INTO ranking_por_hora(id_ranking,posicion,hora) VALUES (76,15,16);
INSERT INTO ranking_por_hora(id_ranking,posicion,hora) VALUES (80,16,16);
INSERT INTO ranking_por_hora(id_ranking,posicion,hora) VALUES (77,17,16);
INSERT INTO ranking_por_hora(id_ranking,posicion,hora) VALUES (88,18,16);
INSERT INTO ranking_por_hora(id_ranking,posicion,hora) VALUES (110,19,16);
INSERT INTO ranking_por_hora(id_ranking,posicion,hora) VALUES (79,20,16);
INSERT INTO ranking_por_hora(id_ranking,posicion,hora) VALUES (78,21,16);
INSERT INTO ranking_por_hora(id_ranking,posicion,hora) VALUES (107,22,16);
INSERT INTO ranking_por_hora(id_ranking,posicion,hora) VALUES (81,23,16);
INSERT INTO ranking_por_hora(id_ranking,posicion,hora) VALUES (83,24,16);
INSERT INTO ranking_por_hora(id_ranking,posicion,hora) VALUES (90,25,16);
INSERT INTO ranking_por_hora(id_ranking,posicion,hora) VALUES (84,26,16);
INSERT INTO ranking_por_hora(id_ranking,posicion,hora) VALUES (82,27,16);
INSERT INTO ranking_por_hora(id_ranking,posicion,hora) VALUES (122,28,16);
INSERT INTO ranking_por_hora(id_ranking,posicion,hora) VALUES (85,29,16);
INSERT INTO ranking_por_hora(id_ranking,posicion,hora) VALUES (86,30,16);
INSERT INTO ranking_por_hora(id_ranking,posicion,hora) VALUES (89,31,16);
INSERT INTO ranking_por_hora(id_ranking,posicion,hora) VALUES (87,32,16);
INSERT INTO ranking_por_hora(id_ranking,posicion,hora) VALUES (102,33,16);
INSERT INTO ranking_por_hora(id_ranking,posicion,hora) VALUES (92,34,16);
INSERT INTO ranking_por_hora(id_ranking,posicion,hora) VALUES (123,35,16);
INSERT INTO ranking_por_hora(id_ranking,posicion,hora) VALUES (91,36,16);
INSERT INTO ranking_por_hora(id_ranking,posicion,hora) VALUES (109,37,16);
INSERT INTO ranking_por_hora(id_ranking,posicion,hora) VALUES (93,38,16);
INSERT INTO ranking_por_hora(id_ranking,posicion,hora) VALUES (94,39,16);
INSERT INTO ranking_por_hora(id_ranking,posicion,hora) VALUES (99,40,16);
INSERT INTO ranking_por_hora(id_ranking,posicion,hora) VALUES (104,41,16);
INSERT INTO ranking_por_hora(id_ranking,posicion,hora) VALUES (95,42,16);
INSERT INTO ranking_por_hora(id_ranking,posicion,hora) VALUES (96,43,16);
INSERT INTO ranking_por_hora(id_ranking,posicion,hora) VALUES (97,44,16);
INSERT INTO ranking_por_hora(id_ranking,posicion,hora) VALUES (98,45,16);
INSERT INTO ranking_por_hora(id_ranking,posicion,hora) VALUES (105,46,16);
INSERT INTO ranking_por_hora(id_ranking,posicion,hora) VALUES (100,47,16);
INSERT INTO ranking_por_hora(id_ranking,posicion,hora) VALUES (101,48,16);
INSERT INTO ranking_por_hora(id_ranking,posicion,hora) VALUES (103,49,16);
INSERT INTO ranking_por_hora(id_ranking,posicion,hora) VALUES (108,50,16);
INSERT INTO ranking_por_hora(id_ranking,posicion,hora) VALUES (106,51,16);
INSERT INTO ranking_por_hora(id_ranking,posicion,hora) VALUES (64,1,17);
INSERT INTO ranking_por_hora(id_ranking,posicion,hora) VALUES (63,2,17);
INSERT INTO ranking_por_hora(id_ranking,posicion,hora) VALUES (65,3,17);
INSERT INTO ranking_por_hora(id_ranking,posicion,hora) VALUES (67,4,17);
INSERT INTO ranking_por_hora(id_ranking,posicion,hora) VALUES (66,5,17);
INSERT INTO ranking_por_hora(id_ranking,posicion,hora) VALUES (73,6,17);
INSERT INTO ranking_por_hora(id_ranking,posicion,hora) VALUES (68,7,17);
INSERT INTO ranking_por_hora(id_ranking,posicion,hora) VALUES (69,8,17);
INSERT INTO ranking_por_hora(id_ranking,posicion,hora) VALUES (70,9,17);
INSERT INTO ranking_por_hora(id_ranking,posicion,hora) VALUES (71,10,17);
INSERT INTO ranking_por_hora(id_ranking,posicion,hora) VALUES (72,11,17);
INSERT INTO ranking_por_hora(id_ranking,posicion,hora) VALUES (74,12,17);
INSERT INTO ranking_por_hora(id_ranking,posicion,hora) VALUES (75,13,17);
INSERT INTO ranking_por_hora(id_ranking,posicion,hora) VALUES (76,14,17);
INSERT INTO ranking_por_hora(id_ranking,posicion,hora) VALUES (80,15,17);
INSERT INTO ranking_por_hora(id_ranking,posicion,hora) VALUES (88,16,17);
INSERT INTO ranking_por_hora(id_ranking,posicion,hora) VALUES (77,17,17);
INSERT INTO ranking_por_hora(id_ranking,posicion,hora) VALUES (110,18,17);
INSERT INTO ranking_por_hora(id_ranking,posicion,hora) VALUES (79,19,17);
INSERT INTO ranking_por_hora(id_ranking,posicion,hora) VALUES (78,20,17);
INSERT INTO ranking_por_hora(id_ranking,posicion,hora) VALUES (107,21,17);
INSERT INTO ranking_por_hora(id_ranking,posicion,hora) VALUES (81,22,17);
INSERT INTO ranking_por_hora(id_ranking,posicion,hora) VALUES (90,23,17);
INSERT INTO ranking_por_hora(id_ranking,posicion,hora) VALUES (82,24,17);
INSERT INTO ranking_por_hora(id_ranking,posicion,hora) VALUES (84,25,17);
INSERT INTO ranking_por_hora(id_ranking,posicion,hora) VALUES (83,26,17);
INSERT INTO ranking_por_hora(id_ranking,posicion,hora) VALUES (85,27,17);
INSERT INTO ranking_por_hora(id_ranking,posicion,hora) VALUES (122,28,17);
INSERT INTO ranking_por_hora(id_ranking,posicion,hora) VALUES (86,29,17);
INSERT INTO ranking_por_hora(id_ranking,posicion,hora) VALUES (89,30,17);
INSERT INTO ranking_por_hora(id_ranking,posicion,hora) VALUES (87,31,17);
INSERT INTO ranking_por_hora(id_ranking,posicion,hora) VALUES (102,32,17);
INSERT INTO ranking_por_hora(id_ranking,posicion,hora) VALUES (92,33,17);
INSERT INTO ranking_por_hora(id_ranking,posicion,hora) VALUES (123,34,17);
INSERT INTO ranking_por_hora(id_ranking,posicion,hora) VALUES (91,35,17);
INSERT INTO ranking_por_hora(id_ranking,posicion,hora) VALUES (109,36,17);
INSERT INTO ranking_por_hora(id_ranking,posicion,hora) VALUES (93,37,17);
INSERT INTO ranking_por_hora(id_ranking,posicion,hora) VALUES (94,38,17);
INSERT INTO ranking_por_hora(id_ranking,posicion,hora) VALUES (99,39,17);
INSERT INTO ranking_por_hora(id_ranking,posicion,hora) VALUES (95,40,17);
INSERT INTO ranking_por_hora(id_ranking,posicion,hora) VALUES (96,41,17);
INSERT INTO ranking_por_hora(id_ranking,posicion,hora) VALUES (97,42,17);
INSERT INTO ranking_por_hora(id_ranking,posicion,hora) VALUES (98,43,17);
INSERT INTO ranking_por_hora(id_ranking,posicion,hora) VALUES (105,44,17);
INSERT INTO ranking_por_hora(id_ranking,posicion,hora) VALUES (100,45,17);
INSERT INTO ranking_por_hora(id_ranking,posicion,hora) VALUES (101,46,17);
INSERT INTO ranking_por_hora(id_ranking,posicion,hora) VALUES (103,47,17);
INSERT INTO ranking_por_hora(id_ranking,posicion,hora) VALUES (104,48,17);
INSERT INTO ranking_por_hora(id_ranking,posicion,hora) VALUES (108,49,17);
INSERT INTO ranking_por_hora(id_ranking,posicion,hora) VALUES (106,50,17);
INSERT INTO ranking_por_hora(id_ranking,posicion,hora) VALUES (64,1,18);
INSERT INTO ranking_por_hora(id_ranking,posicion,hora) VALUES (63,2,18);
INSERT INTO ranking_por_hora(id_ranking,posicion,hora) VALUES (65,3,18);
INSERT INTO ranking_por_hora(id_ranking,posicion,hora) VALUES (67,4,18);
INSERT INTO ranking_por_hora(id_ranking,posicion,hora) VALUES (66,5,18);
INSERT INTO ranking_por_hora(id_ranking,posicion,hora) VALUES (73,6,18);
INSERT INTO ranking_por_hora(id_ranking,posicion,hora) VALUES (68,7,18);
INSERT INTO ranking_por_hora(id_ranking,posicion,hora) VALUES (69,8,18);
INSERT INTO ranking_por_hora(id_ranking,posicion,hora) VALUES (70,9,18);
INSERT INTO ranking_por_hora(id_ranking,posicion,hora) VALUES (74,10,18);
INSERT INTO ranking_por_hora(id_ranking,posicion,hora) VALUES (71,11,18);
INSERT INTO ranking_por_hora(id_ranking,posicion,hora) VALUES (72,12,18);
INSERT INTO ranking_por_hora(id_ranking,posicion,hora) VALUES (75,13,18);
INSERT INTO ranking_por_hora(id_ranking,posicion,hora) VALUES (76,14,18);
INSERT INTO ranking_por_hora(id_ranking,posicion,hora) VALUES (88,15,18);
INSERT INTO ranking_por_hora(id_ranking,posicion,hora) VALUES (80,16,18);
INSERT INTO ranking_por_hora(id_ranking,posicion,hora) VALUES (77,17,18);
INSERT INTO ranking_por_hora(id_ranking,posicion,hora) VALUES (78,18,18);
INSERT INTO ranking_por_hora(id_ranking,posicion,hora) VALUES (110,19,18);
INSERT INTO ranking_por_hora(id_ranking,posicion,hora) VALUES (79,20,18);
INSERT INTO ranking_por_hora(id_ranking,posicion,hora) VALUES (107,21,18);
INSERT INTO ranking_por_hora(id_ranking,posicion,hora) VALUES (81,22,18);
INSERT INTO ranking_por_hora(id_ranking,posicion,hora) VALUES (90,23,18);
INSERT INTO ranking_por_hora(id_ranking,posicion,hora) VALUES (82,24,18);
INSERT INTO ranking_por_hora(id_ranking,posicion,hora) VALUES (84,25,18);
INSERT INTO ranking_por_hora(id_ranking,posicion,hora) VALUES (83,26,18);
INSERT INTO ranking_por_hora(id_ranking,posicion,hora) VALUES (85,27,18);
INSERT INTO ranking_por_hora(id_ranking,posicion,hora) VALUES (122,28,18);
INSERT INTO ranking_por_hora(id_ranking,posicion,hora) VALUES (86,29,18);
INSERT INTO ranking_por_hora(id_ranking,posicion,hora) VALUES (87,30,18);
INSERT INTO ranking_por_hora(id_ranking,posicion,hora) VALUES (102,31,18);
INSERT INTO ranking_por_hora(id_ranking,posicion,hora) VALUES (92,32,18);
INSERT INTO ranking_por_hora(id_ranking,posicion,hora) VALUES (89,33,18);
INSERT INTO ranking_por_hora(id_ranking,posicion,hora) VALUES (91,34,18);
INSERT INTO ranking_por_hora(id_ranking,posicion,hora) VALUES (123,35,18);
INSERT INTO ranking_por_hora(id_ranking,posicion,hora) VALUES (109,36,18);
INSERT INTO ranking_por_hora(id_ranking,posicion,hora) VALUES (93,37,18);
INSERT INTO ranking_por_hora(id_ranking,posicion,hora) VALUES (94,38,18);
INSERT INTO ranking_por_hora(id_ranking,posicion,hora) VALUES (99,39,18);
INSERT INTO ranking_por_hora(id_ranking,posicion,hora) VALUES (95,40,18);
INSERT INTO ranking_por_hora(id_ranking,posicion,hora) VALUES (96,41,18);
INSERT INTO ranking_por_hora(id_ranking,posicion,hora) VALUES (97,42,18);
INSERT INTO ranking_por_hora(id_ranking,posicion,hora) VALUES (98,43,18);
INSERT INTO ranking_por_hora(id_ranking,posicion,hora) VALUES (105,44,18);
INSERT INTO ranking_por_hora(id_ranking,posicion,hora) VALUES (100,45,18);
INSERT INTO ranking_por_hora(id_ranking,posicion,hora) VALUES (101,46,18);
INSERT INTO ranking_por_hora(id_ranking,posicion,hora) VALUES (103,47,18);
INSERT INTO ranking_por_hora(id_ranking,posicion,hora) VALUES (104,48,18);
INSERT INTO ranking_por_hora(id_ranking,posicion,hora) VALUES (108,49,18);
INSERT INTO ranking_por_hora(id_ranking,posicion,hora) VALUES (106,50,18);
INSERT INTO ranking_por_hora(id_ranking,posicion,hora) VALUES (64,1,19);
INSERT INTO ranking_por_hora(id_ranking,posicion,hora) VALUES (63,2,19);
INSERT INTO ranking_por_hora(id_ranking,posicion,hora) VALUES (65,3,19);
INSERT INTO ranking_por_hora(id_ranking,posicion,hora) VALUES (66,4,19);
INSERT INTO ranking_por_hora(id_ranking,posicion,hora) VALUES (67,5,19);
INSERT INTO ranking_por_hora(id_ranking,posicion,hora) VALUES (68,6,19);
INSERT INTO ranking_por_hora(id_ranking,posicion,hora) VALUES (69,7,19);
INSERT INTO ranking_por_hora(id_ranking,posicion,hora) VALUES (70,8,19);
INSERT INTO ranking_por_hora(id_ranking,posicion,hora) VALUES (74,9,19);
INSERT INTO ranking_por_hora(id_ranking,posicion,hora) VALUES (71,10,19);
INSERT INTO ranking_por_hora(id_ranking,posicion,hora) VALUES (72,11,19);
INSERT INTO ranking_por_hora(id_ranking,posicion,hora) VALUES (73,12,19);
INSERT INTO ranking_por_hora(id_ranking,posicion,hora) VALUES (75,13,19);
INSERT INTO ranking_por_hora(id_ranking,posicion,hora) VALUES (76,14,19);
INSERT INTO ranking_por_hora(id_ranking,posicion,hora) VALUES (88,15,19);
INSERT INTO ranking_por_hora(id_ranking,posicion,hora) VALUES (80,16,19);
INSERT INTO ranking_por_hora(id_ranking,posicion,hora) VALUES (77,17,19);
INSERT INTO ranking_por_hora(id_ranking,posicion,hora) VALUES (78,18,19);
INSERT INTO ranking_por_hora(id_ranking,posicion,hora) VALUES (79,19,19);
INSERT INTO ranking_por_hora(id_ranking,posicion,hora) VALUES (110,20,19);
INSERT INTO ranking_por_hora(id_ranking,posicion,hora) VALUES (111,21,19);
INSERT INTO ranking_por_hora(id_ranking,posicion,hora) VALUES (81,22,19);
INSERT INTO ranking_por_hora(id_ranking,posicion,hora) VALUES (90,23,19);
INSERT INTO ranking_por_hora(id_ranking,posicion,hora) VALUES (82,24,19);
INSERT INTO ranking_por_hora(id_ranking,posicion,hora) VALUES (83,25,19);
INSERT INTO ranking_por_hora(id_ranking,posicion,hora) VALUES (84,26,19);
INSERT INTO ranking_por_hora(id_ranking,posicion,hora) VALUES (122,27,19);
INSERT INTO ranking_por_hora(id_ranking,posicion,hora) VALUES (85,28,19);
INSERT INTO ranking_por_hora(id_ranking,posicion,hora) VALUES (86,29,19);
INSERT INTO ranking_por_hora(id_ranking,posicion,hora) VALUES (87,30,19);
INSERT INTO ranking_por_hora(id_ranking,posicion,hora) VALUES (102,31,19);
INSERT INTO ranking_por_hora(id_ranking,posicion,hora) VALUES (92,32,19);
INSERT INTO ranking_por_hora(id_ranking,posicion,hora) VALUES (89,33,19);
INSERT INTO ranking_por_hora(id_ranking,posicion,hora) VALUES (91,34,19);
INSERT INTO ranking_por_hora(id_ranking,posicion,hora) VALUES (123,35,19);
INSERT INTO ranking_por_hora(id_ranking,posicion,hora) VALUES (109,36,19);
INSERT INTO ranking_por_hora(id_ranking,posicion,hora) VALUES (93,37,19);
INSERT INTO ranking_por_hora(id_ranking,posicion,hora) VALUES (94,38,19);
INSERT INTO ranking_por_hora(id_ranking,posicion,hora) VALUES (99,39,19);
INSERT INTO ranking_por_hora(id_ranking,posicion,hora) VALUES (95,40,19);
INSERT INTO ranking_por_hora(id_ranking,posicion,hora) VALUES (96,41,19);
INSERT INTO ranking_por_hora(id_ranking,posicion,hora) VALUES (97,42,19);
INSERT INTO ranking_por_hora(id_ranking,posicion,hora) VALUES (98,43,19);
INSERT INTO ranking_por_hora(id_ranking,posicion,hora) VALUES (105,44,19);
INSERT INTO ranking_por_hora(id_ranking,posicion,hora) VALUES (100,45,19);
INSERT INTO ranking_por_hora(id_ranking,posicion,hora) VALUES (101,46,19);
INSERT INTO ranking_por_hora(id_ranking,posicion,hora) VALUES (103,47,19);
INSERT INTO ranking_por_hora(id_ranking,posicion,hora) VALUES (104,48,19);
INSERT INTO ranking_por_hora(id_ranking,posicion,hora) VALUES (108,49,19);
INSERT INTO ranking_por_hora(id_ranking,posicion,hora) VALUES (106,50,19);
INSERT INTO ranking_por_hora(id_ranking,posicion,hora) VALUES (64,1,20);
INSERT INTO ranking_por_hora(id_ranking,posicion,hora) VALUES (63,2,20);
INSERT INTO ranking_por_hora(id_ranking,posicion,hora) VALUES (65,3,20);
INSERT INTO ranking_por_hora(id_ranking,posicion,hora) VALUES (66,4,20);
INSERT INTO ranking_por_hora(id_ranking,posicion,hora) VALUES (68,5,20);
INSERT INTO ranking_por_hora(id_ranking,posicion,hora) VALUES (67,6,20);
INSERT INTO ranking_por_hora(id_ranking,posicion,hora) VALUES (69,7,20);
INSERT INTO ranking_por_hora(id_ranking,posicion,hora) VALUES (70,8,20);
INSERT INTO ranking_por_hora(id_ranking,posicion,hora) VALUES (74,9,20);
INSERT INTO ranking_por_hora(id_ranking,posicion,hora) VALUES (71,10,20);
INSERT INTO ranking_por_hora(id_ranking,posicion,hora) VALUES (72,11,20);
INSERT INTO ranking_por_hora(id_ranking,posicion,hora) VALUES (73,12,20);
INSERT INTO ranking_por_hora(id_ranking,posicion,hora) VALUES (75,13,20);
INSERT INTO ranking_por_hora(id_ranking,posicion,hora) VALUES (76,14,20);
INSERT INTO ranking_por_hora(id_ranking,posicion,hora) VALUES (88,15,20);
INSERT INTO ranking_por_hora(id_ranking,posicion,hora) VALUES (77,16,20);
INSERT INTO ranking_por_hora(id_ranking,posicion,hora) VALUES (78,17,20);
INSERT INTO ranking_por_hora(id_ranking,posicion,hora) VALUES (79,18,20);
INSERT INTO ranking_por_hora(id_ranking,posicion,hora) VALUES (110,19,20);
INSERT INTO ranking_por_hora(id_ranking,posicion,hora) VALUES (80,20,20);
INSERT INTO ranking_por_hora(id_ranking,posicion,hora) VALUES (107,21,20);
INSERT INTO ranking_por_hora(id_ranking,posicion,hora) VALUES (81,22,20);
INSERT INTO ranking_por_hora(id_ranking,posicion,hora) VALUES (90,23,20);
INSERT INTO ranking_por_hora(id_ranking,posicion,hora) VALUES (82,24,20);
INSERT INTO ranking_por_hora(id_ranking,posicion,hora) VALUES (83,25,20);
INSERT INTO ranking_por_hora(id_ranking,posicion,hora) VALUES (84,26,20);
INSERT INTO ranking_por_hora(id_ranking,posicion,hora) VALUES (122,27,20);
INSERT INTO ranking_por_hora(id_ranking,posicion,hora) VALUES (85,28,20);
INSERT INTO ranking_por_hora(id_ranking,posicion,hora) VALUES (86,29,20);
INSERT INTO ranking_por_hora(id_ranking,posicion,hora) VALUES (87,30,20);
INSERT INTO ranking_por_hora(id_ranking,posicion,hora) VALUES (102,31,20);
INSERT INTO ranking_por_hora(id_ranking,posicion,hora) VALUES (92,32,20);
INSERT INTO ranking_por_hora(id_ranking,posicion,hora) VALUES (89,33,20);
INSERT INTO ranking_por_hora(id_ranking,posicion,hora) VALUES (91,34,20);
INSERT INTO ranking_por_hora(id_ranking,posicion,hora) VALUES (109,35,20);
INSERT INTO ranking_por_hora(id_ranking,posicion,hora) VALUES (123,36,20);
INSERT INTO ranking_por_hora(id_ranking,posicion,hora) VALUES (93,37,20);
INSERT INTO ranking_por_hora(id_ranking,posicion,hora) VALUES (94,38,20);
INSERT INTO ranking_por_hora(id_ranking,posicion,hora) VALUES (99,39,20);
INSERT INTO ranking_por_hora(id_ranking,posicion,hora) VALUES (96,40,20);
INSERT INTO ranking_por_hora(id_ranking,posicion,hora) VALUES (95,41,20);
INSERT INTO ranking_por_hora(id_ranking,posicion,hora) VALUES (98,42,20);
INSERT INTO ranking_por_hora(id_ranking,posicion,hora) VALUES (97,43,20);
INSERT INTO ranking_por_hora(id_ranking,posicion,hora) VALUES (100,44,20);
INSERT INTO ranking_por_hora(id_ranking,posicion,hora) VALUES (101,45,20);
INSERT INTO ranking_por_hora(id_ranking,posicion,hora) VALUES (103,46,20);
INSERT INTO ranking_por_hora(id_ranking,posicion,hora) VALUES (104,47,20);
INSERT INTO ranking_por_hora(id_ranking,posicion,hora) VALUES (105,48,20);
INSERT INTO ranking_por_hora(id_ranking,posicion,hora) VALUES (108,49,20);
INSERT INTO ranking_por_hora(id_ranking,posicion,hora) VALUES (106,50,20);
INSERT INTO ranking_por_hora(id_ranking,posicion,hora) VALUES (64,1,21);
INSERT INTO ranking_por_hora(id_ranking,posicion,hora) VALUES (63,2,21);
INSERT INTO ranking_por_hora(id_ranking,posicion,hora) VALUES (65,3,21);
INSERT INTO ranking_por_hora(id_ranking,posicion,hora) VALUES (66,4,21);
INSERT INTO ranking_por_hora(id_ranking,posicion,hora) VALUES (67,5,21);
INSERT INTO ranking_por_hora(id_ranking,posicion,hora) VALUES (68,6,21);
INSERT INTO ranking_por_hora(id_ranking,posicion,hora) VALUES (69,7,21);
INSERT INTO ranking_por_hora(id_ranking,posicion,hora) VALUES (70,8,21);
INSERT INTO ranking_por_hora(id_ranking,posicion,hora) VALUES (71,9,21);
INSERT INTO ranking_por_hora(id_ranking,posicion,hora) VALUES (74,10,21);
INSERT INTO ranking_por_hora(id_ranking,posicion,hora) VALUES (72,11,21);
INSERT INTO ranking_por_hora(id_ranking,posicion,hora) VALUES (73,12,21);
INSERT INTO ranking_por_hora(id_ranking,posicion,hora) VALUES (75,13,21);
INSERT INTO ranking_por_hora(id_ranking,posicion,hora) VALUES (76,14,21);
INSERT INTO ranking_por_hora(id_ranking,posicion,hora) VALUES (77,15,21);
INSERT INTO ranking_por_hora(id_ranking,posicion,hora) VALUES (78,16,21);
INSERT INTO ranking_por_hora(id_ranking,posicion,hora) VALUES (79,17,21);
INSERT INTO ranking_por_hora(id_ranking,posicion,hora) VALUES (80,18,21);
INSERT INTO ranking_por_hora(id_ranking,posicion,hora) VALUES (88,19,21);
INSERT INTO ranking_por_hora(id_ranking,posicion,hora) VALUES (107,20,21);
INSERT INTO ranking_por_hora(id_ranking,posicion,hora) VALUES (81,21,21);
INSERT INTO ranking_por_hora(id_ranking,posicion,hora) VALUES (82,22,21);
INSERT INTO ranking_por_hora(id_ranking,posicion,hora) VALUES (83,23,21);
INSERT INTO ranking_por_hora(id_ranking,posicion,hora) VALUES (84,24,21);
INSERT INTO ranking_por_hora(id_ranking,posicion,hora) VALUES (122,25,21);
INSERT INTO ranking_por_hora(id_ranking,posicion,hora) VALUES (85,26,21);
INSERT INTO ranking_por_hora(id_ranking,posicion,hora) VALUES (110,27,21);
INSERT INTO ranking_por_hora(id_ranking,posicion,hora) VALUES (86,28,21);
INSERT INTO ranking_por_hora(id_ranking,posicion,hora) VALUES (87,29,21);
INSERT INTO ranking_por_hora(id_ranking,posicion,hora) VALUES (90,30,21);
INSERT INTO ranking_por_hora(id_ranking,posicion,hora) VALUES (102,31,21);
INSERT INTO ranking_por_hora(id_ranking,posicion,hora) VALUES (89,32,21);
INSERT INTO ranking_por_hora(id_ranking,posicion,hora) VALUES (92,33,21);
INSERT INTO ranking_por_hora(id_ranking,posicion,hora) VALUES (91,34,21);
INSERT INTO ranking_por_hora(id_ranking,posicion,hora) VALUES (109,35,21);
INSERT INTO ranking_por_hora(id_ranking,posicion,hora) VALUES (123,36,21);
INSERT INTO ranking_por_hora(id_ranking,posicion,hora) VALUES (93,37,21);
INSERT INTO ranking_por_hora(id_ranking,posicion,hora) VALUES (94,38,21);
INSERT INTO ranking_por_hora(id_ranking,posicion,hora) VALUES (99,39,21);
INSERT INTO ranking_por_hora(id_ranking,posicion,hora) VALUES (96,40,21);
INSERT INTO ranking_por_hora(id_ranking,posicion,hora) VALUES (95,41,21);
INSERT INTO ranking_por_hora(id_ranking,posicion,hora) VALUES (97,42,21);
INSERT INTO ranking_por_hora(id_ranking,posicion,hora) VALUES (98,43,21);
INSERT INTO ranking_por_hora(id_ranking,posicion,hora) VALUES (100,44,21);
INSERT INTO ranking_por_hora(id_ranking,posicion,hora) VALUES (101,45,21);
INSERT INTO ranking_por_hora(id_ranking,posicion,hora) VALUES (103,46,21);
INSERT INTO ranking_por_hora(id_ranking,posicion,hora) VALUES (104,47,21);
INSERT INTO ranking_por_hora(id_ranking,posicion,hora) VALUES (105,48,21);
INSERT INTO ranking_por_hora(id_ranking,posicion,hora) VALUES (108,49,21);
INSERT INTO ranking_por_hora(id_ranking,posicion,hora) VALUES (106,50,21);
INSERT INTO ranking_por_hora(id_ranking,posicion,hora) VALUES (64,1,22);
INSERT INTO ranking_por_hora(id_ranking,posicion,hora) VALUES (63,2,22);
INSERT INTO ranking_por_hora(id_ranking,posicion,hora) VALUES (65,3,22);
INSERT INTO ranking_por_hora(id_ranking,posicion,hora) VALUES (66,4,22);
INSERT INTO ranking_por_hora(id_ranking,posicion,hora) VALUES (67,5,22);
INSERT INTO ranking_por_hora(id_ranking,posicion,hora) VALUES (68,6,22);
INSERT INTO ranking_por_hora(id_ranking,posicion,hora) VALUES (69,7,22);
INSERT INTO ranking_por_hora(id_ranking,posicion,hora) VALUES (70,8,22);
INSERT INTO ranking_por_hora(id_ranking,posicion,hora) VALUES (71,9,22);
INSERT INTO ranking_por_hora(id_ranking,posicion,hora) VALUES (74,10,22);
INSERT INTO ranking_por_hora(id_ranking,posicion,hora) VALUES (72,11,22);
INSERT INTO ranking_por_hora(id_ranking,posicion,hora) VALUES (73,12,22);
INSERT INTO ranking_por_hora(id_ranking,posicion,hora) VALUES (75,13,22);
INSERT INTO ranking_por_hora(id_ranking,posicion,hora) VALUES (76,14,22);
INSERT INTO ranking_por_hora(id_ranking,posicion,hora) VALUES (77,15,22);
INSERT INTO ranking_por_hora(id_ranking,posicion,hora) VALUES (78,16,22);
INSERT INTO ranking_por_hora(id_ranking,posicion,hora) VALUES (79,17,22);
INSERT INTO ranking_por_hora(id_ranking,posicion,hora) VALUES (80,18,22);
INSERT INTO ranking_por_hora(id_ranking,posicion,hora) VALUES (81,19,22);
INSERT INTO ranking_por_hora(id_ranking,posicion,hora) VALUES (82,20,22);
INSERT INTO ranking_por_hora(id_ranking,posicion,hora) VALUES (83,21,22);
INSERT INTO ranking_por_hora(id_ranking,posicion,hora) VALUES (84,22,22);
INSERT INTO ranking_por_hora(id_ranking,posicion,hora) VALUES (122,23,22);
INSERT INTO ranking_por_hora(id_ranking,posicion,hora) VALUES (85,24,22);
INSERT INTO ranking_por_hora(id_ranking,posicion,hora) VALUES (86,25,22);
INSERT INTO ranking_por_hora(id_ranking,posicion,hora) VALUES (87,26,22);
INSERT INTO ranking_por_hora(id_ranking,posicion,hora) VALUES (90,27,22);
INSERT INTO ranking_por_hora(id_ranking,posicion,hora) VALUES (88,28,22);
INSERT INTO ranking_por_hora(id_ranking,posicion,hora) VALUES (89,29,22);
INSERT INTO ranking_por_hora(id_ranking,posicion,hora) VALUES (107,30,22);
INSERT INTO ranking_por_hora(id_ranking,posicion,hora) VALUES (92,31,22);
INSERT INTO ranking_por_hora(id_ranking,posicion,hora) VALUES (102,32,22);
INSERT INTO ranking_por_hora(id_ranking,posicion,hora) VALUES (91,33,22);
INSERT INTO ranking_por_hora(id_ranking,posicion,hora) VALUES (109,34,22);
INSERT INTO ranking_por_hora(id_ranking,posicion,hora) VALUES (123,35,22);
INSERT INTO ranking_por_hora(id_ranking,posicion,hora) VALUES (93,36,22);
INSERT INTO ranking_por_hora(id_ranking,posicion,hora) VALUES (94,37,22);
INSERT INTO ranking_por_hora(id_ranking,posicion,hora) VALUES (99,38,22);
INSERT INTO ranking_por_hora(id_ranking,posicion,hora) VALUES (96,39,22);
INSERT INTO ranking_por_hora(id_ranking,posicion,hora) VALUES (95,40,22);
INSERT INTO ranking_por_hora(id_ranking,posicion,hora) VALUES (97,41,22);
INSERT INTO ranking_por_hora(id_ranking,posicion,hora) VALUES (98,42,22);
INSERT INTO ranking_por_hora(id_ranking,posicion,hora) VALUES (100,43,22);
INSERT INTO ranking_por_hora(id_ranking,posicion,hora) VALUES (101,44,22);
INSERT INTO ranking_por_hora(id_ranking,posicion,hora) VALUES (103,45,22);
INSERT INTO ranking_por_hora(id_ranking,posicion,hora) VALUES (104,46,22);
INSERT INTO ranking_por_hora(id_ranking,posicion,hora) VALUES (105,47,22);
INSERT INTO ranking_por_hora(id_ranking,posicion,hora) VALUES (108,48,22);
INSERT INTO ranking_por_hora(id_ranking,posicion,hora) VALUES (106,49,22);
INSERT INTO ranking_por_hora(id_ranking,posicion,hora) VALUES (110,50,22);
INSERT INTO ranking_por_hora(id_ranking,posicion,hora) VALUES (63,1,23);
INSERT INTO ranking_por_hora(id_ranking,posicion,hora) VALUES (64,2,23);
INSERT INTO ranking_por_hora(id_ranking,posicion,hora) VALUES (65,3,23);
INSERT INTO ranking_por_hora(id_ranking,posicion,hora) VALUES (66,4,23);
INSERT INTO ranking_por_hora(id_ranking,posicion,hora) VALUES (67,5,23);
INSERT INTO ranking_por_hora(id_ranking,posicion,hora) VALUES (68,6,23);
INSERT INTO ranking_por_hora(id_ranking,posicion,hora) VALUES (69,7,23);
INSERT INTO ranking_por_hora(id_ranking,posicion,hora) VALUES (70,8,23);
INSERT INTO ranking_por_hora(id_ranking,posicion,hora) VALUES (71,9,23);
INSERT INTO ranking_por_hora(id_ranking,posicion,hora) VALUES (74,10,23);
INSERT INTO ranking_por_hora(id_ranking,posicion,hora) VALUES (72,11,23);
INSERT INTO ranking_por_hora(id_ranking,posicion,hora) VALUES (73,12,23);
INSERT INTO ranking_por_hora(id_ranking,posicion,hora) VALUES (75,13,23);
INSERT INTO ranking_por_hora(id_ranking,posicion,hora) VALUES (76,14,23);
INSERT INTO ranking_por_hora(id_ranking,posicion,hora) VALUES (77,15,23);
INSERT INTO ranking_por_hora(id_ranking,posicion,hora) VALUES (78,16,23);
INSERT INTO ranking_por_hora(id_ranking,posicion,hora) VALUES (79,17,23);
INSERT INTO ranking_por_hora(id_ranking,posicion,hora) VALUES (80,18,23);
INSERT INTO ranking_por_hora(id_ranking,posicion,hora) VALUES (81,19,23);
INSERT INTO ranking_por_hora(id_ranking,posicion,hora) VALUES (82,20,23);
INSERT INTO ranking_por_hora(id_ranking,posicion,hora) VALUES (83,21,23);
INSERT INTO ranking_por_hora(id_ranking,posicion,hora) VALUES (84,22,23);
INSERT INTO ranking_por_hora(id_ranking,posicion,hora) VALUES (122,23,23);
INSERT INTO ranking_por_hora(id_ranking,posicion,hora) VALUES (85,24,23);
INSERT INTO ranking_por_hora(id_ranking,posicion,hora) VALUES (86,25,23);
INSERT INTO ranking_por_hora(id_ranking,posicion,hora) VALUES (90,26,23);
INSERT INTO ranking_por_hora(id_ranking,posicion,hora) VALUES (87,27,23);
INSERT INTO ranking_por_hora(id_ranking,posicion,hora) VALUES (89,28,23);
INSERT INTO ranking_por_hora(id_ranking,posicion,hora) VALUES (88,29,23);
INSERT INTO ranking_por_hora(id_ranking,posicion,hora) VALUES (107,30,23);
INSERT INTO ranking_por_hora(id_ranking,posicion,hora) VALUES (91,31,23);
INSERT INTO ranking_por_hora(id_ranking,posicion,hora) VALUES (92,32,23);
INSERT INTO ranking_por_hora(id_ranking,posicion,hora) VALUES (123,33,23);
INSERT INTO ranking_por_hora(id_ranking,posicion,hora) VALUES (93,34,23);
INSERT INTO ranking_por_hora(id_ranking,posicion,hora) VALUES (94,35,23);
INSERT INTO ranking_por_hora(id_ranking,posicion,hora) VALUES (95,36,23);
INSERT INTO ranking_por_hora(id_ranking,posicion,hora) VALUES (96,37,23);
INSERT INTO ranking_por_hora(id_ranking,posicion,hora) VALUES (97,38,23);
INSERT INTO ranking_por_hora(id_ranking,posicion,hora) VALUES (98,39,23);
INSERT INTO ranking_por_hora(id_ranking,posicion,hora) VALUES (99,40,23);
INSERT INTO ranking_por_hora(id_ranking,posicion,hora) VALUES (100,41,23);
INSERT INTO ranking_por_hora(id_ranking,posicion,hora) VALUES (101,42,23);
INSERT INTO ranking_por_hora(id_ranking,posicion,hora) VALUES (102,43,23);
INSERT INTO ranking_por_hora(id_ranking,posicion,hora) VALUES (103,44,23);
INSERT INTO ranking_por_hora(id_ranking,posicion,hora) VALUES (105,45,23);
INSERT INTO ranking_por_hora(id_ranking,posicion,hora) VALUES (104,46,23);
INSERT INTO ranking_por_hora(id_ranking,posicion,hora) VALUES (106,47,23);
INSERT INTO ranking_por_hora(id_ranking,posicion,hora) VALUES (108,48,23);
INSERT INTO ranking_por_hora(id_ranking,posicion,hora) VALUES (109,49,23);
INSERT INTO ranking_por_hora(id_ranking,posicion,hora) VALUES (110,50,23);
INSERT INTO ranking_por_hora(id_ranking,posicion,hora) VALUES (63,1,24);
INSERT INTO ranking_por_hora(id_ranking,posicion,hora) VALUES (64,2,24);
INSERT INTO ranking_por_hora(id_ranking,posicion,hora) VALUES (65,3,24);
INSERT INTO ranking_por_hora(id_ranking,posicion,hora) VALUES (66,4,24);
INSERT INTO ranking_por_hora(id_ranking,posicion,hora) VALUES (67,5,24);
INSERT INTO ranking_por_hora(id_ranking,posicion,hora) VALUES (68,6,24);
INSERT INTO ranking_por_hora(id_ranking,posicion,hora) VALUES (69,7,24);
INSERT INTO ranking_por_hora(id_ranking,posicion,hora) VALUES (70,8,24);
INSERT INTO ranking_por_hora(id_ranking,posicion,hora) VALUES (71,9,24);
INSERT INTO ranking_por_hora(id_ranking,posicion,hora) VALUES (72,10,24);
INSERT INTO ranking_por_hora(id_ranking,posicion,hora) VALUES (73,11,24);
INSERT INTO ranking_por_hora(id_ranking,posicion,hora) VALUES (74,12,24);
INSERT INTO ranking_por_hora(id_ranking,posicion,hora) VALUES (75,13,24);
INSERT INTO ranking_por_hora(id_ranking,posicion,hora) VALUES (76,14,24);
INSERT INTO ranking_por_hora(id_ranking,posicion,hora) VALUES (77,15,24);
INSERT INTO ranking_por_hora(id_ranking,posicion,hora) VALUES (78,16,24);
INSERT INTO ranking_por_hora(id_ranking,posicion,hora) VALUES (79,17,24);
INSERT INTO ranking_por_hora(id_ranking,posicion,hora) VALUES (80,18,24);
INSERT INTO ranking_por_hora(id_ranking,posicion,hora) VALUES (81,19,24);
INSERT INTO ranking_por_hora(id_ranking,posicion,hora) VALUES (82,20,24);
INSERT INTO ranking_por_hora(id_ranking,posicion,hora) VALUES (83,21,24);
INSERT INTO ranking_por_hora(id_ranking,posicion,hora) VALUES (84,22,24);
INSERT INTO ranking_por_hora(id_ranking,posicion,hora) VALUES (122,23,24);
INSERT INTO ranking_por_hora(id_ranking,posicion,hora) VALUES (85,24,24);
INSERT INTO ranking_por_hora(id_ranking,posicion,hora) VALUES (86,25,24);
INSERT INTO ranking_por_hora(id_ranking,posicion,hora) VALUES (87,26,24);
INSERT INTO ranking_por_hora(id_ranking,posicion,hora) VALUES (88,27,24);
INSERT INTO ranking_por_hora(id_ranking,posicion,hora) VALUES (89,28,24);
INSERT INTO ranking_por_hora(id_ranking,posicion,hora) VALUES (90,29,24);
INSERT INTO ranking_por_hora(id_ranking,posicion,hora) VALUES (91,30,24);
INSERT INTO ranking_por_hora(id_ranking,posicion,hora) VALUES (92,31,24);
INSERT INTO ranking_por_hora(id_ranking,posicion,hora) VALUES (123,32,24);
INSERT INTO ranking_por_hora(id_ranking,posicion,hora) VALUES (93,33,24);
INSERT INTO ranking_por_hora(id_ranking,posicion,hora) VALUES (94,34,24);
INSERT INTO ranking_por_hora(id_ranking,posicion,hora) VALUES (95,35,24);
INSERT INTO ranking_por_hora(id_ranking,posicion,hora) VALUES (96,36,24);
INSERT INTO ranking_por_hora(id_ranking,posicion,hora) VALUES (97,37,24);
INSERT INTO ranking_por_hora(id_ranking,posicion,hora) VALUES (98,38,24);
INSERT INTO ranking_por_hora(id_ranking,posicion,hora) VALUES (99,39,24);
INSERT INTO ranking_por_hora(id_ranking,posicion,hora) VALUES (100,40,24);
INSERT INTO ranking_por_hora(id_ranking,posicion,hora) VALUES (101,41,24);
INSERT INTO ranking_por_hora(id_ranking,posicion,hora) VALUES (102,42,24);
INSERT INTO ranking_por_hora(id_ranking,posicion,hora) VALUES (103,43,24);
INSERT INTO ranking_por_hora(id_ranking,posicion,hora) VALUES (104,44,24);
INSERT INTO ranking_por_hora(id_ranking,posicion,hora) VALUES (105,45,24);
INSERT INTO ranking_por_hora(id_ranking,posicion,hora) VALUES (106,46,24);
INSERT INTO ranking_por_hora(id_ranking,posicion,hora) VALUES (107,47,24);
INSERT INTO ranking_por_hora(id_ranking,posicion,hora) VALUES (108,48,24);
INSERT INTO ranking_por_hora(id_ranking,posicion,hora) VALUES (109,49,24);
INSERT INTO ranking_por_hora(id_ranking,posicion,hora) VALUES (110,50,24);
INSERT INTO ranking_por_hora(id_ranking,posicion,hora) VALUES (186,1,1);
INSERT INTO ranking_por_hora(id_ranking,posicion,hora) VALUES (185,2,1);
INSERT INTO ranking_por_hora(id_ranking,posicion,hora) VALUES (187,3,1);
INSERT INTO ranking_por_hora(id_ranking,posicion,hora) VALUES (184,4,1);
INSERT INTO ranking_por_hora(id_ranking,posicion,hora) VALUES (237,5,1);
INSERT INTO ranking_por_hora(id_ranking,posicion,hora) VALUES (188,6,1);
INSERT INTO ranking_por_hora(id_ranking,posicion,hora) VALUES (238,7,1);
INSERT INTO ranking_por_hora(id_ranking,posicion,hora) VALUES (227,8,1);
INSERT INTO ranking_por_hora(id_ranking,posicion,hora) VALUES (200,9,1);
INSERT INTO ranking_por_hora(id_ranking,posicion,hora) VALUES (192,10,1);
INSERT INTO ranking_por_hora(id_ranking,posicion,hora) VALUES (189,11,1);
INSERT INTO ranking_por_hora(id_ranking,posicion,hora) VALUES (194,12,1);
INSERT INTO ranking_por_hora(id_ranking,posicion,hora) VALUES (236,13,1);
INSERT INTO ranking_por_hora(id_ranking,posicion,hora) VALUES (190,14,1);
INSERT INTO ranking_por_hora(id_ranking,posicion,hora) VALUES (197,15,1);
INSERT INTO ranking_por_hora(id_ranking,posicion,hora) VALUES (242,16,1);
INSERT INTO ranking_por_hora(id_ranking,posicion,hora) VALUES (232,17,1);
INSERT INTO ranking_por_hora(id_ranking,posicion,hora) VALUES (196,18,1);
INSERT INTO ranking_por_hora(id_ranking,posicion,hora) VALUES (211,19,1);
INSERT INTO ranking_por_hora(id_ranking,posicion,hora) VALUES (235,20,1);
INSERT INTO ranking_por_hora(id_ranking,posicion,hora) VALUES (195,21,1);
INSERT INTO ranking_por_hora(id_ranking,posicion,hora) VALUES (241,22,1);
INSERT INTO ranking_por_hora(id_ranking,posicion,hora) VALUES (199,23,1);
INSERT INTO ranking_por_hora(id_ranking,posicion,hora) VALUES (225,24,1);
INSERT INTO ranking_por_hora(id_ranking,posicion,hora) VALUES (203,25,1);
INSERT INTO ranking_por_hora(id_ranking,posicion,hora) VALUES (193,26,1);
INSERT INTO ranking_por_hora(id_ranking,posicion,hora) VALUES (228,27,1);
INSERT INTO ranking_por_hora(id_ranking,posicion,hora) VALUES (205,28,1);
INSERT INTO ranking_por_hora(id_ranking,posicion,hora) VALUES (204,29,1);
INSERT INTO ranking_por_hora(id_ranking,posicion,hora) VALUES (206,30,1);
INSERT INTO ranking_por_hora(id_ranking,posicion,hora) VALUES (214,31,1);
INSERT INTO ranking_por_hora(id_ranking,posicion,hora) VALUES (218,32,1);
INSERT INTO ranking_por_hora(id_ranking,posicion,hora) VALUES (233,33,1);
INSERT INTO ranking_por_hora(id_ranking,posicion,hora) VALUES (216,34,1);
INSERT INTO ranking_por_hora(id_ranking,posicion,hora) VALUES (207,35,1);
INSERT INTO ranking_por_hora(id_ranking,posicion,hora) VALUES (210,36,1);
INSERT INTO ranking_por_hora(id_ranking,posicion,hora) VALUES (219,37,1);
INSERT INTO ranking_por_hora(id_ranking,posicion,hora) VALUES (222,38,1);
INSERT INTO ranking_por_hora(id_ranking,posicion,hora) VALUES (240,39,1);
INSERT INTO ranking_por_hora(id_ranking,posicion,hora) VALUES (198,40,1);
INSERT INTO ranking_por_hora(id_ranking,posicion,hora) VALUES (223,41,1);
INSERT INTO ranking_por_hora(id_ranking,posicion,hora) VALUES (231,42,1);
INSERT INTO ranking_por_hora(id_ranking,posicion,hora) VALUES (221,43,1);
INSERT INTO ranking_por_hora(id_ranking,posicion,hora) VALUES (229,44,1);
INSERT INTO ranking_por_hora(id_ranking,posicion,hora) VALUES (213,45,1);
INSERT INTO ranking_por_hora(id_ranking,posicion,hora) VALUES (212,46,1);
INSERT INTO ranking_por_hora(id_ranking,posicion,hora) VALUES (209,47,1);
INSERT INTO ranking_por_hora(id_ranking,posicion,hora) VALUES (215,48,1);
INSERT INTO ranking_por_hora(id_ranking,posicion,hora) VALUES (208,49,1);
INSERT INTO ranking_por_hora(id_ranking,posicion,hora) VALUES (191,50,1);
INSERT INTO ranking_por_hora(id_ranking,posicion,hora) VALUES (217,51,1);
INSERT INTO ranking_por_hora(id_ranking,posicion,hora) VALUES (239,52,1);
INSERT INTO ranking_por_hora(id_ranking,posicion,hora) VALUES (224,53,1);
INSERT INTO ranking_por_hora(id_ranking,posicion,hora) VALUES (202,54,1);
INSERT INTO ranking_por_hora(id_ranking,posicion,hora) VALUES (226,55,1);
INSERT INTO ranking_por_hora(id_ranking,posicion,hora) VALUES (201,56,1);
INSERT INTO ranking_por_hora(id_ranking,posicion,hora) VALUES (220,57,1);
INSERT INTO ranking_por_hora(id_ranking,posicion,hora) VALUES (234,58,1);
INSERT INTO ranking_por_hora(id_ranking,posicion,hora) VALUES (230,59,1);
INSERT INTO ranking_por_hora(id_ranking,posicion,hora) VALUES (184,1,2);
INSERT INTO ranking_por_hora(id_ranking,posicion,hora) VALUES (186,2,2);
INSERT INTO ranking_por_hora(id_ranking,posicion,hora) VALUES (185,3,2);
INSERT INTO ranking_por_hora(id_ranking,posicion,hora) VALUES (187,4,2);
INSERT INTO ranking_por_hora(id_ranking,posicion,hora) VALUES (237,5,2);
INSERT INTO ranking_por_hora(id_ranking,posicion,hora) VALUES (227,6,2);
INSERT INTO ranking_por_hora(id_ranking,posicion,hora) VALUES (189,7,2);
INSERT INTO ranking_por_hora(id_ranking,posicion,hora) VALUES (200,8,2);
INSERT INTO ranking_por_hora(id_ranking,posicion,hora) VALUES (188,9,2);
INSERT INTO ranking_por_hora(id_ranking,posicion,hora) VALUES (236,10,2);
INSERT INTO ranking_por_hora(id_ranking,posicion,hora) VALUES (192,11,2);
INSERT INTO ranking_por_hora(id_ranking,posicion,hora) VALUES (190,12,2);
INSERT INTO ranking_por_hora(id_ranking,posicion,hora) VALUES (242,13,2);
INSERT INTO ranking_por_hora(id_ranking,posicion,hora) VALUES (194,14,2);
INSERT INTO ranking_por_hora(id_ranking,posicion,hora) VALUES (238,15,2);
INSERT INTO ranking_por_hora(id_ranking,posicion,hora) VALUES (235,16,2);
INSERT INTO ranking_por_hora(id_ranking,posicion,hora) VALUES (197,17,2);
INSERT INTO ranking_por_hora(id_ranking,posicion,hora) VALUES (196,18,2);
INSERT INTO ranking_por_hora(id_ranking,posicion,hora) VALUES (232,19,2);
INSERT INTO ranking_por_hora(id_ranking,posicion,hora) VALUES (211,20,2);
INSERT INTO ranking_por_hora(id_ranking,posicion,hora) VALUES (199,21,2);
INSERT INTO ranking_por_hora(id_ranking,posicion,hora) VALUES (195,22,2);
INSERT INTO ranking_por_hora(id_ranking,posicion,hora) VALUES (225,23,2);
INSERT INTO ranking_por_hora(id_ranking,posicion,hora) VALUES (198,24,2);
INSERT INTO ranking_por_hora(id_ranking,posicion,hora) VALUES (193,25,2);
INSERT INTO ranking_por_hora(id_ranking,posicion,hora) VALUES (191,26,2);
INSERT INTO ranking_por_hora(id_ranking,posicion,hora) VALUES (228,27,2);
INSERT INTO ranking_por_hora(id_ranking,posicion,hora) VALUES (203,28,2);
INSERT INTO ranking_por_hora(id_ranking,posicion,hora) VALUES (204,29,2);
INSERT INTO ranking_por_hora(id_ranking,posicion,hora) VALUES (202,30,2);
INSERT INTO ranking_por_hora(id_ranking,posicion,hora) VALUES (205,31,2);
INSERT INTO ranking_por_hora(id_ranking,posicion,hora) VALUES (218,32,2);
INSERT INTO ranking_por_hora(id_ranking,posicion,hora) VALUES (233,33,2);
INSERT INTO ranking_por_hora(id_ranking,posicion,hora) VALUES (214,34,2);
INSERT INTO ranking_por_hora(id_ranking,posicion,hora) VALUES (206,35,2);
INSERT INTO ranking_por_hora(id_ranking,posicion,hora) VALUES (216,36,2);
INSERT INTO ranking_por_hora(id_ranking,posicion,hora) VALUES (207,37,2);
INSERT INTO ranking_por_hora(id_ranking,posicion,hora) VALUES (210,38,2);
INSERT INTO ranking_por_hora(id_ranking,posicion,hora) VALUES (201,39,2);
INSERT INTO ranking_por_hora(id_ranking,posicion,hora) VALUES (240,40,2);
INSERT INTO ranking_por_hora(id_ranking,posicion,hora) VALUES (231,41,2);
INSERT INTO ranking_por_hora(id_ranking,posicion,hora) VALUES (229,42,2);
INSERT INTO ranking_por_hora(id_ranking,posicion,hora) VALUES (209,43,2);
INSERT INTO ranking_por_hora(id_ranking,posicion,hora) VALUES (219,44,2);
INSERT INTO ranking_por_hora(id_ranking,posicion,hora) VALUES (213,45,2);
INSERT INTO ranking_por_hora(id_ranking,posicion,hora) VALUES (223,46,2);
INSERT INTO ranking_por_hora(id_ranking,posicion,hora) VALUES (215,47,2);
INSERT INTO ranking_por_hora(id_ranking,posicion,hora) VALUES (212,48,2);
INSERT INTO ranking_por_hora(id_ranking,posicion,hora) VALUES (208,49,2);
INSERT INTO ranking_por_hora(id_ranking,posicion,hora) VALUES (221,50,2);
INSERT INTO ranking_por_hora(id_ranking,posicion,hora) VALUES (224,51,2);
INSERT INTO ranking_por_hora(id_ranking,posicion,hora) VALUES (217,52,2);
INSERT INTO ranking_por_hora(id_ranking,posicion,hora) VALUES (226,53,2);
INSERT INTO ranking_por_hora(id_ranking,posicion,hora) VALUES (239,54,2);
INSERT INTO ranking_por_hora(id_ranking,posicion,hora) VALUES (220,55,2);
INSERT INTO ranking_por_hora(id_ranking,posicion,hora) VALUES (222,56,2);
INSERT INTO ranking_por_hora(id_ranking,posicion,hora) VALUES (241,57,2);
INSERT INTO ranking_por_hora(id_ranking,posicion,hora) VALUES (234,58,2);
INSERT INTO ranking_por_hora(id_ranking,posicion,hora) VALUES (230,59,2);
INSERT INTO ranking_por_hora(id_ranking,posicion,hora) VALUES (186,1,3);
INSERT INTO ranking_por_hora(id_ranking,posicion,hora) VALUES (184,2,3);
INSERT INTO ranking_por_hora(id_ranking,posicion,hora) VALUES (185,3,3);
INSERT INTO ranking_por_hora(id_ranking,posicion,hora) VALUES (187,4,3);
INSERT INTO ranking_por_hora(id_ranking,posicion,hora) VALUES (242,5,3);
INSERT INTO ranking_por_hora(id_ranking,posicion,hora) VALUES (227,6,3);
INSERT INTO ranking_por_hora(id_ranking,posicion,hora) VALUES (188,7,3);
INSERT INTO ranking_por_hora(id_ranking,posicion,hora) VALUES (192,8,3);
INSERT INTO ranking_por_hora(id_ranking,posicion,hora) VALUES (200,9,3);
INSERT INTO ranking_por_hora(id_ranking,posicion,hora) VALUES (189,10,3);
INSERT INTO ranking_por_hora(id_ranking,posicion,hora) VALUES (236,11,3);
INSERT INTO ranking_por_hora(id_ranking,posicion,hora) VALUES (190,12,3);
INSERT INTO ranking_por_hora(id_ranking,posicion,hora) VALUES (194,13,3);
INSERT INTO ranking_por_hora(id_ranking,posicion,hora) VALUES (238,14,3);
INSERT INTO ranking_por_hora(id_ranking,posicion,hora) VALUES (197,15,3);
INSERT INTO ranking_por_hora(id_ranking,posicion,hora) VALUES (235,16,3);
INSERT INTO ranking_por_hora(id_ranking,posicion,hora) VALUES (196,17,3);
INSERT INTO ranking_por_hora(id_ranking,posicion,hora) VALUES (232,18,3);
INSERT INTO ranking_por_hora(id_ranking,posicion,hora) VALUES (195,19,3);
INSERT INTO ranking_por_hora(id_ranking,posicion,hora) VALUES (199,20,3);
INSERT INTO ranking_por_hora(id_ranking,posicion,hora) VALUES (211,21,3);
INSERT INTO ranking_por_hora(id_ranking,posicion,hora) VALUES (225,22,3);
INSERT INTO ranking_por_hora(id_ranking,posicion,hora) VALUES (198,23,3);
INSERT INTO ranking_por_hora(id_ranking,posicion,hora) VALUES (191,24,3);
INSERT INTO ranking_por_hora(id_ranking,posicion,hora) VALUES (202,25,3);
INSERT INTO ranking_por_hora(id_ranking,posicion,hora) VALUES (237,26,3);
INSERT INTO ranking_por_hora(id_ranking,posicion,hora) VALUES (203,27,3);
INSERT INTO ranking_por_hora(id_ranking,posicion,hora) VALUES (204,28,3);
INSERT INTO ranking_por_hora(id_ranking,posicion,hora) VALUES (228,29,3);
INSERT INTO ranking_por_hora(id_ranking,posicion,hora) VALUES (205,30,3);
INSERT INTO ranking_por_hora(id_ranking,posicion,hora) VALUES (218,31,3);
INSERT INTO ranking_por_hora(id_ranking,posicion,hora) VALUES (206,32,3);
INSERT INTO ranking_por_hora(id_ranking,posicion,hora) VALUES (233,33,3);
INSERT INTO ranking_por_hora(id_ranking,posicion,hora) VALUES (214,34,3);
INSERT INTO ranking_por_hora(id_ranking,posicion,hora) VALUES (201,35,3);
INSERT INTO ranking_por_hora(id_ranking,posicion,hora) VALUES (207,36,3);
INSERT INTO ranking_por_hora(id_ranking,posicion,hora) VALUES (210,37,3);
INSERT INTO ranking_por_hora(id_ranking,posicion,hora) VALUES (229,38,3);
INSERT INTO ranking_por_hora(id_ranking,posicion,hora) VALUES (216,39,3);
INSERT INTO ranking_por_hora(id_ranking,posicion,hora) VALUES (209,40,3);
INSERT INTO ranking_por_hora(id_ranking,posicion,hora) VALUES (231,41,3);
INSERT INTO ranking_por_hora(id_ranking,posicion,hora) VALUES (240,42,3);
INSERT INTO ranking_por_hora(id_ranking,posicion,hora) VALUES (223,43,3);
INSERT INTO ranking_por_hora(id_ranking,posicion,hora) VALUES (213,44,3);
INSERT INTO ranking_por_hora(id_ranking,posicion,hora) VALUES (215,45,3);
INSERT INTO ranking_por_hora(id_ranking,posicion,hora) VALUES (208,46,3);
INSERT INTO ranking_por_hora(id_ranking,posicion,hora) VALUES (219,47,3);
INSERT INTO ranking_por_hora(id_ranking,posicion,hora) VALUES (212,48,3);
INSERT INTO ranking_por_hora(id_ranking,posicion,hora) VALUES (221,49,3);
INSERT INTO ranking_por_hora(id_ranking,posicion,hora) VALUES (217,50,3);
INSERT INTO ranking_por_hora(id_ranking,posicion,hora) VALUES (220,51,3);
INSERT INTO ranking_por_hora(id_ranking,posicion,hora) VALUES (224,52,3);
INSERT INTO ranking_por_hora(id_ranking,posicion,hora) VALUES (226,53,3);
INSERT INTO ranking_por_hora(id_ranking,posicion,hora) VALUES (239,54,3);
INSERT INTO ranking_por_hora(id_ranking,posicion,hora) VALUES (222,55,3);
INSERT INTO ranking_por_hora(id_ranking,posicion,hora) VALUES (234,56,3);
INSERT INTO ranking_por_hora(id_ranking,posicion,hora) VALUES (241,57,3);
INSERT INTO ranking_por_hora(id_ranking,posicion,hora) VALUES (230,58,3);
INSERT INTO ranking_por_hora(id_ranking,posicion,hora) VALUES (184,1,4);
INSERT INTO ranking_por_hora(id_ranking,posicion,hora) VALUES (186,2,4);
INSERT INTO ranking_por_hora(id_ranking,posicion,hora) VALUES (185,3,4);
INSERT INTO ranking_por_hora(id_ranking,posicion,hora) VALUES (187,4,4);
INSERT INTO ranking_por_hora(id_ranking,posicion,hora) VALUES (242,5,4);
INSERT INTO ranking_por_hora(id_ranking,posicion,hora) VALUES (192,6,4);
INSERT INTO ranking_por_hora(id_ranking,posicion,hora) VALUES (200,7,4);
INSERT INTO ranking_por_hora(id_ranking,posicion,hora) VALUES (189,8,4);
INSERT INTO ranking_por_hora(id_ranking,posicion,hora) VALUES (236,9,4);
INSERT INTO ranking_por_hora(id_ranking,posicion,hora) VALUES (188,10,4);
INSERT INTO ranking_por_hora(id_ranking,posicion,hora) VALUES (190,11,4);
INSERT INTO ranking_por_hora(id_ranking,posicion,hora) VALUES (227,12,4);
INSERT INTO ranking_por_hora(id_ranking,posicion,hora) VALUES (232,13,4);
INSERT INTO ranking_por_hora(id_ranking,posicion,hora) VALUES (199,14,4);
INSERT INTO ranking_por_hora(id_ranking,posicion,hora) VALUES (194,15,4);
INSERT INTO ranking_por_hora(id_ranking,posicion,hora) VALUES (196,16,4);
INSERT INTO ranking_por_hora(id_ranking,posicion,hora) VALUES (238,17,4);
INSERT INTO ranking_por_hora(id_ranking,posicion,hora) VALUES (235,18,4);
INSERT INTO ranking_por_hora(id_ranking,posicion,hora) VALUES (195,19,4);
INSERT INTO ranking_por_hora(id_ranking,posicion,hora) VALUES (197,20,4);
INSERT INTO ranking_por_hora(id_ranking,posicion,hora) VALUES (198,21,4);
INSERT INTO ranking_por_hora(id_ranking,posicion,hora) VALUES (225,22,4);
INSERT INTO ranking_por_hora(id_ranking,posicion,hora) VALUES (191,23,4);
INSERT INTO ranking_por_hora(id_ranking,posicion,hora) VALUES (193,24,4);
INSERT INTO ranking_por_hora(id_ranking,posicion,hora) VALUES (202,25,4);
INSERT INTO ranking_por_hora(id_ranking,posicion,hora) VALUES (237,26,4);
INSERT INTO ranking_por_hora(id_ranking,posicion,hora) VALUES (201,27,4);
INSERT INTO ranking_por_hora(id_ranking,posicion,hora) VALUES (228,28,4);
INSERT INTO ranking_por_hora(id_ranking,posicion,hora) VALUES (203,29,4);
INSERT INTO ranking_por_hora(id_ranking,posicion,hora) VALUES (204,30,4);
INSERT INTO ranking_por_hora(id_ranking,posicion,hora) VALUES (205,31,4);
INSERT INTO ranking_por_hora(id_ranking,posicion,hora) VALUES (218,32,4);
INSERT INTO ranking_por_hora(id_ranking,posicion,hora) VALUES (206,33,4);
INSERT INTO ranking_por_hora(id_ranking,posicion,hora) VALUES (214,34,4);
INSERT INTO ranking_por_hora(id_ranking,posicion,hora) VALUES (233,35,4);
INSERT INTO ranking_por_hora(id_ranking,posicion,hora) VALUES (209,36,4);
INSERT INTO ranking_por_hora(id_ranking,posicion,hora) VALUES (229,37,4);
INSERT INTO ranking_por_hora(id_ranking,posicion,hora) VALUES (53,38,4);
INSERT INTO ranking_por_hora(id_ranking,posicion,hora) VALUES (207,39,4);
INSERT INTO ranking_por_hora(id_ranking,posicion,hora) VALUES (231,40,4);
INSERT INTO ranking_por_hora(id_ranking,posicion,hora) VALUES (216,41,4);
INSERT INTO ranking_por_hora(id_ranking,posicion,hora) VALUES (223,42,4);
INSERT INTO ranking_por_hora(id_ranking,posicion,hora) VALUES (215,43,4);
INSERT INTO ranking_por_hora(id_ranking,posicion,hora) VALUES (240,44,4);
INSERT INTO ranking_por_hora(id_ranking,posicion,hora) VALUES (211,45,4);
INSERT INTO ranking_por_hora(id_ranking,posicion,hora) VALUES (212,46,4);
INSERT INTO ranking_por_hora(id_ranking,posicion,hora) VALUES (208,47,4);
INSERT INTO ranking_por_hora(id_ranking,posicion,hora) VALUES (213,48,4);
INSERT INTO ranking_por_hora(id_ranking,posicion,hora) VALUES (219,49,4);
INSERT INTO ranking_por_hora(id_ranking,posicion,hora) VALUES (221,50,4);
INSERT INTO ranking_por_hora(id_ranking,posicion,hora) VALUES (217,51,4);
INSERT INTO ranking_por_hora(id_ranking,posicion,hora) VALUES (220,52,4);
INSERT INTO ranking_por_hora(id_ranking,posicion,hora) VALUES (224,53,4);
INSERT INTO ranking_por_hora(id_ranking,posicion,hora) VALUES (226,54,4);
INSERT INTO ranking_por_hora(id_ranking,posicion,hora) VALUES (239,55,4);
INSERT INTO ranking_por_hora(id_ranking,posicion,hora) VALUES (222,56,4);
INSERT INTO ranking_por_hora(id_ranking,posicion,hora) VALUES (234,57,4);
INSERT INTO ranking_por_hora(id_ranking,posicion,hora) VALUES (230,58,4);
INSERT INTO ranking_por_hora(id_ranking,posicion,hora) VALUES (184,1,5);
INSERT INTO ranking_por_hora(id_ranking,posicion,hora) VALUES (186,2,5);
INSERT INTO ranking_por_hora(id_ranking,posicion,hora) VALUES (185,3,5);
INSERT INTO ranking_por_hora(id_ranking,posicion,hora) VALUES (187,4,5);
INSERT INTO ranking_por_hora(id_ranking,posicion,hora) VALUES (242,5,5);
INSERT INTO ranking_por_hora(id_ranking,posicion,hora) VALUES (192,6,5);
INSERT INTO ranking_por_hora(id_ranking,posicion,hora) VALUES (200,7,5);
INSERT INTO ranking_por_hora(id_ranking,posicion,hora) VALUES (189,8,5);
INSERT INTO ranking_por_hora(id_ranking,posicion,hora) VALUES (236,9,5);
INSERT INTO ranking_por_hora(id_ranking,posicion,hora) VALUES (188,10,5);
INSERT INTO ranking_por_hora(id_ranking,posicion,hora) VALUES (190,11,5);
INSERT INTO ranking_por_hora(id_ranking,posicion,hora) VALUES (227,12,5);
INSERT INTO ranking_por_hora(id_ranking,posicion,hora) VALUES (232,13,5);
INSERT INTO ranking_por_hora(id_ranking,posicion,hora) VALUES (199,14,5);
INSERT INTO ranking_por_hora(id_ranking,posicion,hora) VALUES (194,15,5);
INSERT INTO ranking_por_hora(id_ranking,posicion,hora) VALUES (196,16,5);
INSERT INTO ranking_por_hora(id_ranking,posicion,hora) VALUES (238,17,5);
INSERT INTO ranking_por_hora(id_ranking,posicion,hora) VALUES (235,18,5);
INSERT INTO ranking_por_hora(id_ranking,posicion,hora) VALUES (195,19,5);
INSERT INTO ranking_por_hora(id_ranking,posicion,hora) VALUES (197,20,5);
INSERT INTO ranking_por_hora(id_ranking,posicion,hora) VALUES (198,21,5);
INSERT INTO ranking_por_hora(id_ranking,posicion,hora) VALUES (225,22,5);
INSERT INTO ranking_por_hora(id_ranking,posicion,hora) VALUES (191,23,5);
INSERT INTO ranking_por_hora(id_ranking,posicion,hora) VALUES (193,24,5);
INSERT INTO ranking_por_hora(id_ranking,posicion,hora) VALUES (202,25,5);
INSERT INTO ranking_por_hora(id_ranking,posicion,hora) VALUES (237,26,5);
INSERT INTO ranking_por_hora(id_ranking,posicion,hora) VALUES (201,27,5);
INSERT INTO ranking_por_hora(id_ranking,posicion,hora) VALUES (228,28,5);
INSERT INTO ranking_por_hora(id_ranking,posicion,hora) VALUES (203,29,5);
INSERT INTO ranking_por_hora(id_ranking,posicion,hora) VALUES (204,30,5);
INSERT INTO ranking_por_hora(id_ranking,posicion,hora) VALUES (205,31,5);
INSERT INTO ranking_por_hora(id_ranking,posicion,hora) VALUES (218,32,5);
INSERT INTO ranking_por_hora(id_ranking,posicion,hora) VALUES (206,33,5);
INSERT INTO ranking_por_hora(id_ranking,posicion,hora) VALUES (214,34,5);
INSERT INTO ranking_por_hora(id_ranking,posicion,hora) VALUES (233,35,5);
INSERT INTO ranking_por_hora(id_ranking,posicion,hora) VALUES (209,36,5);
INSERT INTO ranking_por_hora(id_ranking,posicion,hora) VALUES (229,37,5);
INSERT INTO ranking_por_hora(id_ranking,posicion,hora) VALUES (210,38,5);
INSERT INTO ranking_por_hora(id_ranking,posicion,hora) VALUES (207,39,5);
INSERT INTO ranking_por_hora(id_ranking,posicion,hora) VALUES (231,40,5);
INSERT INTO ranking_por_hora(id_ranking,posicion,hora) VALUES (216,41,5);
INSERT INTO ranking_por_hora(id_ranking,posicion,hora) VALUES (223,42,5);
INSERT INTO ranking_por_hora(id_ranking,posicion,hora) VALUES (215,43,5);
INSERT INTO ranking_por_hora(id_ranking,posicion,hora) VALUES (240,44,5);
INSERT INTO ranking_por_hora(id_ranking,posicion,hora) VALUES (211,45,5);
INSERT INTO ranking_por_hora(id_ranking,posicion,hora) VALUES (212,46,5);
INSERT INTO ranking_por_hora(id_ranking,posicion,hora) VALUES (208,47,5);
INSERT INTO ranking_por_hora(id_ranking,posicion,hora) VALUES (213,48,5);
INSERT INTO ranking_por_hora(id_ranking,posicion,hora) VALUES (219,49,5);
INSERT INTO ranking_por_hora(id_ranking,posicion,hora) VALUES (221,50,5);
INSERT INTO ranking_por_hora(id_ranking,posicion,hora) VALUES (217,51,5);
INSERT INTO ranking_por_hora(id_ranking,posicion,hora) VALUES (220,52,5);
INSERT INTO ranking_por_hora(id_ranking,posicion,hora) VALUES (224,53,5);
INSERT INTO ranking_por_hora(id_ranking,posicion,hora) VALUES (226,54,5);
INSERT INTO ranking_por_hora(id_ranking,posicion,hora) VALUES (239,55,5);
INSERT INTO ranking_por_hora(id_ranking,posicion,hora) VALUES (222,56,5);
INSERT INTO ranking_por_hora(id_ranking,posicion,hora) VALUES (234,57,5);
INSERT INTO ranking_por_hora(id_ranking,posicion,hora) VALUES (230,58,5);
INSERT INTO ranking_por_hora(id_ranking,posicion,hora) VALUES (186,1,6);
INSERT INTO ranking_por_hora(id_ranking,posicion,hora) VALUES (184,2,6);
INSERT INTO ranking_por_hora(id_ranking,posicion,hora) VALUES (185,3,6);
INSERT INTO ranking_por_hora(id_ranking,posicion,hora) VALUES (187,4,6);
INSERT INTO ranking_por_hora(id_ranking,posicion,hora) VALUES (242,5,6);
INSERT INTO ranking_por_hora(id_ranking,posicion,hora) VALUES (192,6,6);
INSERT INTO ranking_por_hora(id_ranking,posicion,hora) VALUES (200,7,6);
INSERT INTO ranking_por_hora(id_ranking,posicion,hora) VALUES (188,8,6);
INSERT INTO ranking_por_hora(id_ranking,posicion,hora) VALUES (236,9,6);
INSERT INTO ranking_por_hora(id_ranking,posicion,hora) VALUES (189,10,6);
INSERT INTO ranking_por_hora(id_ranking,posicion,hora) VALUES (190,11,6);
INSERT INTO ranking_por_hora(id_ranking,posicion,hora) VALUES (227,12,6);
INSERT INTO ranking_por_hora(id_ranking,posicion,hora) VALUES (199,13,6);
INSERT INTO ranking_por_hora(id_ranking,posicion,hora) VALUES (232,14,6);
INSERT INTO ranking_por_hora(id_ranking,posicion,hora) VALUES (196,15,6);
INSERT INTO ranking_por_hora(id_ranking,posicion,hora) VALUES (197,16,6);
INSERT INTO ranking_por_hora(id_ranking,posicion,hora) VALUES (194,17,6);
INSERT INTO ranking_por_hora(id_ranking,posicion,hora) VALUES (235,18,6);
INSERT INTO ranking_por_hora(id_ranking,posicion,hora) VALUES (195,19,6);
INSERT INTO ranking_por_hora(id_ranking,posicion,hora) VALUES (225,20,6);
INSERT INTO ranking_por_hora(id_ranking,posicion,hora) VALUES (193,21,6);
INSERT INTO ranking_por_hora(id_ranking,posicion,hora) VALUES (191,22,6);
INSERT INTO ranking_por_hora(id_ranking,posicion,hora) VALUES (198,23,6);
INSERT INTO ranking_por_hora(id_ranking,posicion,hora) VALUES (202,24,6);
INSERT INTO ranking_por_hora(id_ranking,posicion,hora) VALUES (237,25,6);
INSERT INTO ranking_por_hora(id_ranking,posicion,hora) VALUES (228,26,6);
INSERT INTO ranking_por_hora(id_ranking,posicion,hora) VALUES (204,27,6);
INSERT INTO ranking_por_hora(id_ranking,posicion,hora) VALUES (203,28,6);
INSERT INTO ranking_por_hora(id_ranking,posicion,hora) VALUES (205,29,6);
INSERT INTO ranking_por_hora(id_ranking,posicion,hora) VALUES (238,30,6);
INSERT INTO ranking_por_hora(id_ranking,posicion,hora) VALUES (206,31,6);
INSERT INTO ranking_por_hora(id_ranking,posicion,hora) VALUES (214,32,6);
INSERT INTO ranking_por_hora(id_ranking,posicion,hora) VALUES (233,33,6);
INSERT INTO ranking_por_hora(id_ranking,posicion,hora) VALUES (211,34,6);
INSERT INTO ranking_por_hora(id_ranking,posicion,hora) VALUES (207,35,6);
INSERT INTO ranking_por_hora(id_ranking,posicion,hora) VALUES (229,36,6);
INSERT INTO ranking_por_hora(id_ranking,posicion,hora) VALUES (216,37,6);
INSERT INTO ranking_por_hora(id_ranking,posicion,hora) VALUES (231,38,6);
INSERT INTO ranking_por_hora(id_ranking,posicion,hora) VALUES (215,39,6);
INSERT INTO ranking_por_hora(id_ranking,posicion,hora) VALUES (209,40,6);
INSERT INTO ranking_por_hora(id_ranking,posicion,hora) VALUES (210,41,6);
INSERT INTO ranking_por_hora(id_ranking,posicion,hora) VALUES (240,42,6);
INSERT INTO ranking_por_hora(id_ranking,posicion,hora) VALUES (208,43,6);
INSERT INTO ranking_por_hora(id_ranking,posicion,hora) VALUES (212,44,6);
INSERT INTO ranking_por_hora(id_ranking,posicion,hora) VALUES (219,45,6);
INSERT INTO ranking_por_hora(id_ranking,posicion,hora) VALUES (221,46,6);
INSERT INTO ranking_por_hora(id_ranking,posicion,hora) VALUES (213,47,6);
INSERT INTO ranking_por_hora(id_ranking,posicion,hora) VALUES (220,48,6);
INSERT INTO ranking_por_hora(id_ranking,posicion,hora) VALUES (201,49,6);
INSERT INTO ranking_por_hora(id_ranking,posicion,hora) VALUES (217,50,6);
INSERT INTO ranking_por_hora(id_ranking,posicion,hora) VALUES (224,51,6);
INSERT INTO ranking_por_hora(id_ranking,posicion,hora) VALUES (226,52,6);
INSERT INTO ranking_por_hora(id_ranking,posicion,hora) VALUES (239,53,6);
INSERT INTO ranking_por_hora(id_ranking,posicion,hora) VALUES (222,54,6);
INSERT INTO ranking_por_hora(id_ranking,posicion,hora) VALUES (223,55,6);
INSERT INTO ranking_por_hora(id_ranking,posicion,hora) VALUES (234,56,6);
INSERT INTO ranking_por_hora(id_ranking,posicion,hora) VALUES (218,57,6);
INSERT INTO ranking_por_hora(id_ranking,posicion,hora) VALUES (230,58,6);
INSERT INTO ranking_por_hora(id_ranking,posicion,hora) VALUES (184,1,7);
INSERT INTO ranking_por_hora(id_ranking,posicion,hora) VALUES (186,2,7);
INSERT INTO ranking_por_hora(id_ranking,posicion,hora) VALUES (185,3,7);
INSERT INTO ranking_por_hora(id_ranking,posicion,hora) VALUES (187,4,7);
INSERT INTO ranking_por_hora(id_ranking,posicion,hora) VALUES (242,5,7);
INSERT INTO ranking_por_hora(id_ranking,posicion,hora) VALUES (192,6,7);
INSERT INTO ranking_por_hora(id_ranking,posicion,hora) VALUES (200,7,7);
INSERT INTO ranking_por_hora(id_ranking,posicion,hora) VALUES (189,8,7);
INSERT INTO ranking_por_hora(id_ranking,posicion,hora) VALUES (190,9,7);
INSERT INTO ranking_por_hora(id_ranking,posicion,hora) VALUES (236,10,7);
INSERT INTO ranking_por_hora(id_ranking,posicion,hora) VALUES (188,11,7);
INSERT INTO ranking_por_hora(id_ranking,posicion,hora) VALUES (227,12,7);
INSERT INTO ranking_por_hora(id_ranking,posicion,hora) VALUES (232,13,7);
INSERT INTO ranking_por_hora(id_ranking,posicion,hora) VALUES (196,14,7);
INSERT INTO ranking_por_hora(id_ranking,posicion,hora) VALUES (199,15,7);
INSERT INTO ranking_por_hora(id_ranking,posicion,hora) VALUES (197,16,7);
INSERT INTO ranking_por_hora(id_ranking,posicion,hora) VALUES (194,17,7);
INSERT INTO ranking_por_hora(id_ranking,posicion,hora) VALUES (191,18,7);
INSERT INTO ranking_por_hora(id_ranking,posicion,hora) VALUES (193,19,7);
INSERT INTO ranking_por_hora(id_ranking,posicion,hora) VALUES (235,20,7);
INSERT INTO ranking_por_hora(id_ranking,posicion,hora) VALUES (225,21,7);
INSERT INTO ranking_por_hora(id_ranking,posicion,hora) VALUES (195,22,7);
INSERT INTO ranking_por_hora(id_ranking,posicion,hora) VALUES (198,23,7);
INSERT INTO ranking_por_hora(id_ranking,posicion,hora) VALUES (202,24,7);
INSERT INTO ranking_por_hora(id_ranking,posicion,hora) VALUES (237,25,7);
INSERT INTO ranking_por_hora(id_ranking,posicion,hora) VALUES (228,26,7);
INSERT INTO ranking_por_hora(id_ranking,posicion,hora) VALUES (204,27,7);
INSERT INTO ranking_por_hora(id_ranking,posicion,hora) VALUES (203,28,7);
INSERT INTO ranking_por_hora(id_ranking,posicion,hora) VALUES (205,29,7);
INSERT INTO ranking_por_hora(id_ranking,posicion,hora) VALUES (211,30,7);
INSERT INTO ranking_por_hora(id_ranking,posicion,hora) VALUES (206,31,7);
INSERT INTO ranking_por_hora(id_ranking,posicion,hora) VALUES (214,32,7);
INSERT INTO ranking_por_hora(id_ranking,posicion,hora) VALUES (233,33,7);
INSERT INTO ranking_por_hora(id_ranking,posicion,hora) VALUES (216,34,7);
INSERT INTO ranking_por_hora(id_ranking,posicion,hora) VALUES (207,35,7);
INSERT INTO ranking_por_hora(id_ranking,posicion,hora) VALUES (231,36,7);
INSERT INTO ranking_por_hora(id_ranking,posicion,hora) VALUES (209,37,7);
INSERT INTO ranking_por_hora(id_ranking,posicion,hora) VALUES (215,38,7);
INSERT INTO ranking_por_hora(id_ranking,posicion,hora) VALUES (201,39,7);
INSERT INTO ranking_por_hora(id_ranking,posicion,hora) VALUES (208,40,7);
INSERT INTO ranking_por_hora(id_ranking,posicion,hora) VALUES (210,41,7);
INSERT INTO ranking_por_hora(id_ranking,posicion,hora) VALUES (229,42,7);
INSERT INTO ranking_por_hora(id_ranking,posicion,hora) VALUES (221,43,7);
INSERT INTO ranking_por_hora(id_ranking,posicion,hora) VALUES (213,44,7);
INSERT INTO ranking_por_hora(id_ranking,posicion,hora) VALUES (212,45,7);
INSERT INTO ranking_por_hora(id_ranking,posicion,hora) VALUES (219,46,7);
INSERT INTO ranking_por_hora(id_ranking,posicion,hora) VALUES (220,47,7);
INSERT INTO ranking_por_hora(id_ranking,posicion,hora) VALUES (217,48,7);
INSERT INTO ranking_por_hora(id_ranking,posicion,hora) VALUES (224,49,7);
INSERT INTO ranking_por_hora(id_ranking,posicion,hora) VALUES (226,50,7);
INSERT INTO ranking_por_hora(id_ranking,posicion,hora) VALUES (222,51,7);
INSERT INTO ranking_por_hora(id_ranking,posicion,hora) VALUES (223,52,7);
INSERT INTO ranking_por_hora(id_ranking,posicion,hora) VALUES (239,53,7);
INSERT INTO ranking_por_hora(id_ranking,posicion,hora) VALUES (234,54,7);
INSERT INTO ranking_por_hora(id_ranking,posicion,hora) VALUES (238,55,7);
INSERT INTO ranking_por_hora(id_ranking,posicion,hora) VALUES (218,56,7);
INSERT INTO ranking_por_hora(id_ranking,posicion,hora) VALUES (240,57,7);
INSERT INTO ranking_por_hora(id_ranking,posicion,hora) VALUES (230,58,7);
INSERT INTO ranking_por_hora(id_ranking,posicion,hora) VALUES (186,1,8);
INSERT INTO ranking_por_hora(id_ranking,posicion,hora) VALUES (185,2,8);
INSERT INTO ranking_por_hora(id_ranking,posicion,hora) VALUES (184,3,8);
INSERT INTO ranking_por_hora(id_ranking,posicion,hora) VALUES (187,4,8);
INSERT INTO ranking_por_hora(id_ranking,posicion,hora) VALUES (192,5,8);
INSERT INTO ranking_por_hora(id_ranking,posicion,hora) VALUES (200,6,8);
INSERT INTO ranking_por_hora(id_ranking,posicion,hora) VALUES (189,7,8);
INSERT INTO ranking_por_hora(id_ranking,posicion,hora) VALUES (188,8,8);
INSERT INTO ranking_por_hora(id_ranking,posicion,hora) VALUES (190,9,8);
INSERT INTO ranking_por_hora(id_ranking,posicion,hora) VALUES (227,10,8);
INSERT INTO ranking_por_hora(id_ranking,posicion,hora) VALUES (199,11,8);
INSERT INTO ranking_por_hora(id_ranking,posicion,hora) VALUES (196,12,8);
INSERT INTO ranking_por_hora(id_ranking,posicion,hora) VALUES (232,13,8);
INSERT INTO ranking_por_hora(id_ranking,posicion,hora) VALUES (197,14,8);
INSERT INTO ranking_por_hora(id_ranking,posicion,hora) VALUES (193,15,8);
INSERT INTO ranking_por_hora(id_ranking,posicion,hora) VALUES (194,16,8);
INSERT INTO ranking_por_hora(id_ranking,posicion,hora) VALUES (242,17,8);
INSERT INTO ranking_por_hora(id_ranking,posicion,hora) VALUES (191,18,8);
INSERT INTO ranking_por_hora(id_ranking,posicion,hora) VALUES (195,19,8);
INSERT INTO ranking_por_hora(id_ranking,posicion,hora) VALUES (225,20,8);
INSERT INTO ranking_por_hora(id_ranking,posicion,hora) VALUES (198,21,8);
INSERT INTO ranking_por_hora(id_ranking,posicion,hora) VALUES (202,22,8);
INSERT INTO ranking_por_hora(id_ranking,posicion,hora) VALUES (235,23,8);
INSERT INTO ranking_por_hora(id_ranking,posicion,hora) VALUES (236,24,8);
INSERT INTO ranking_por_hora(id_ranking,posicion,hora) VALUES (204,25,8);
INSERT INTO ranking_por_hora(id_ranking,posicion,hora) VALUES (203,26,8);
INSERT INTO ranking_por_hora(id_ranking,posicion,hora) VALUES (228,27,8);
INSERT INTO ranking_por_hora(id_ranking,posicion,hora) VALUES (205,28,8);
INSERT INTO ranking_por_hora(id_ranking,posicion,hora) VALUES (237,29,8);
INSERT INTO ranking_por_hora(id_ranking,posicion,hora) VALUES (206,30,8);
INSERT INTO ranking_por_hora(id_ranking,posicion,hora) VALUES (214,31,8);
INSERT INTO ranking_por_hora(id_ranking,posicion,hora) VALUES (233,32,8);
INSERT INTO ranking_por_hora(id_ranking,posicion,hora) VALUES (211,33,8);
INSERT INTO ranking_por_hora(id_ranking,posicion,hora) VALUES (216,34,8);
INSERT INTO ranking_por_hora(id_ranking,posicion,hora) VALUES (207,35,8);
INSERT INTO ranking_por_hora(id_ranking,posicion,hora) VALUES (231,36,8);
INSERT INTO ranking_por_hora(id_ranking,posicion,hora) VALUES (201,37,8);
INSERT INTO ranking_por_hora(id_ranking,posicion,hora) VALUES (210,38,8);
INSERT INTO ranking_por_hora(id_ranking,posicion,hora) VALUES (209,39,8);
INSERT INTO ranking_por_hora(id_ranking,posicion,hora) VALUES (215,40,8);
INSERT INTO ranking_por_hora(id_ranking,posicion,hora) VALUES (208,41,8);
INSERT INTO ranking_por_hora(id_ranking,posicion,hora) VALUES (219,42,8);
INSERT INTO ranking_por_hora(id_ranking,posicion,hora) VALUES (213,43,8);
INSERT INTO ranking_por_hora(id_ranking,posicion,hora) VALUES (221,44,8);
INSERT INTO ranking_por_hora(id_ranking,posicion,hora) VALUES (229,45,8);
INSERT INTO ranking_por_hora(id_ranking,posicion,hora) VALUES (212,46,8);
INSERT INTO ranking_por_hora(id_ranking,posicion,hora) VALUES (217,47,8);
INSERT INTO ranking_por_hora(id_ranking,posicion,hora) VALUES (224,48,8);
INSERT INTO ranking_por_hora(id_ranking,posicion,hora) VALUES (226,49,8);
INSERT INTO ranking_por_hora(id_ranking,posicion,hora) VALUES (220,50,8);
INSERT INTO ranking_por_hora(id_ranking,posicion,hora) VALUES (222,51,8);
INSERT INTO ranking_por_hora(id_ranking,posicion,hora) VALUES (223,52,8);
INSERT INTO ranking_por_hora(id_ranking,posicion,hora) VALUES (234,53,8);
INSERT INTO ranking_por_hora(id_ranking,posicion,hora) VALUES (218,54,8);
INSERT INTO ranking_por_hora(id_ranking,posicion,hora) VALUES (238,55,8);
INSERT INTO ranking_por_hora(id_ranking,posicion,hora) VALUES (239,56,8);
INSERT INTO ranking_por_hora(id_ranking,posicion,hora) VALUES (240,57,8);
INSERT INTO ranking_por_hora(id_ranking,posicion,hora) VALUES (230,58,8);
INSERT INTO ranking_por_hora(id_ranking,posicion,hora) VALUES (186,1,9);
INSERT INTO ranking_por_hora(id_ranking,posicion,hora) VALUES (184,2,9);
INSERT INTO ranking_por_hora(id_ranking,posicion,hora) VALUES (185,3,9);
INSERT INTO ranking_por_hora(id_ranking,posicion,hora) VALUES (187,4,9);
INSERT INTO ranking_por_hora(id_ranking,posicion,hora) VALUES (200,5,9);
INSERT INTO ranking_por_hora(id_ranking,posicion,hora) VALUES (192,6,9);
INSERT INTO ranking_por_hora(id_ranking,posicion,hora) VALUES (188,7,9);
INSERT INTO ranking_por_hora(id_ranking,posicion,hora) VALUES (189,8,9);
INSERT INTO ranking_por_hora(id_ranking,posicion,hora) VALUES (190,9,9);
INSERT INTO ranking_por_hora(id_ranking,posicion,hora) VALUES (227,10,9);
INSERT INTO ranking_por_hora(id_ranking,posicion,hora) VALUES (196,11,9);
INSERT INTO ranking_por_hora(id_ranking,posicion,hora) VALUES (199,12,9);
INSERT INTO ranking_por_hora(id_ranking,posicion,hora) VALUES (232,13,9);
INSERT INTO ranking_por_hora(id_ranking,posicion,hora) VALUES (197,14,9);
INSERT INTO ranking_por_hora(id_ranking,posicion,hora) VALUES (193,15,9);
INSERT INTO ranking_por_hora(id_ranking,posicion,hora) VALUES (198,16,9);
INSERT INTO ranking_por_hora(id_ranking,posicion,hora) VALUES (191,17,9);
INSERT INTO ranking_por_hora(id_ranking,posicion,hora) VALUES (225,18,9);
INSERT INTO ranking_por_hora(id_ranking,posicion,hora) VALUES (194,19,9);
INSERT INTO ranking_por_hora(id_ranking,posicion,hora) VALUES (195,20,9);
INSERT INTO ranking_por_hora(id_ranking,posicion,hora) VALUES (202,21,9);
INSERT INTO ranking_por_hora(id_ranking,posicion,hora) VALUES (203,22,9);
INSERT INTO ranking_por_hora(id_ranking,posicion,hora) VALUES (204,23,9);
INSERT INTO ranking_por_hora(id_ranking,posicion,hora) VALUES (228,24,9);
INSERT INTO ranking_por_hora(id_ranking,posicion,hora) VALUES (205,25,9);
INSERT INTO ranking_por_hora(id_ranking,posicion,hora) VALUES (206,26,9);
INSERT INTO ranking_por_hora(id_ranking,posicion,hora) VALUES (211,27,9);
INSERT INTO ranking_por_hora(id_ranking,posicion,hora) VALUES (233,28,9);
INSERT INTO ranking_por_hora(id_ranking,posicion,hora) VALUES (214,29,9);
INSERT INTO ranking_por_hora(id_ranking,posicion,hora) VALUES (201,30,9);
INSERT INTO ranking_por_hora(id_ranking,posicion,hora) VALUES (209,31,9);
INSERT INTO ranking_por_hora(id_ranking,posicion,hora) VALUES (207,32,9);
INSERT INTO ranking_por_hora(id_ranking,posicion,hora) VALUES (216,33,9);
INSERT INTO ranking_por_hora(id_ranking,posicion,hora) VALUES (210,34,9);
INSERT INTO ranking_por_hora(id_ranking,posicion,hora) VALUES (208,35,9);
INSERT INTO ranking_por_hora(id_ranking,posicion,hora) VALUES (215,36,9);
INSERT INTO ranking_por_hora(id_ranking,posicion,hora) VALUES (213,37,9);
INSERT INTO ranking_por_hora(id_ranking,posicion,hora) VALUES (219,38,9);
INSERT INTO ranking_por_hora(id_ranking,posicion,hora) VALUES (212,39,9);
INSERT INTO ranking_por_hora(id_ranking,posicion,hora) VALUES (221,40,9);
INSERT INTO ranking_por_hora(id_ranking,posicion,hora) VALUES (235,41,9);
INSERT INTO ranking_por_hora(id_ranking,posicion,hora) VALUES (217,42,9);
INSERT INTO ranking_por_hora(id_ranking,posicion,hora) VALUES (220,43,9);
INSERT INTO ranking_por_hora(id_ranking,posicion,hora) VALUES (229,44,9);
INSERT INTO ranking_por_hora(id_ranking,posicion,hora) VALUES (224,45,9);
INSERT INTO ranking_por_hora(id_ranking,posicion,hora) VALUES (226,46,9);
INSERT INTO ranking_por_hora(id_ranking,posicion,hora) VALUES (222,47,9);
INSERT INTO ranking_por_hora(id_ranking,posicion,hora) VALUES (242,48,9);
INSERT INTO ranking_por_hora(id_ranking,posicion,hora) VALUES (231,49,9);
INSERT INTO ranking_por_hora(id_ranking,posicion,hora) VALUES (223,50,9);
INSERT INTO ranking_por_hora(id_ranking,posicion,hora) VALUES (236,51,9);
INSERT INTO ranking_por_hora(id_ranking,posicion,hora) VALUES (234,52,9);
INSERT INTO ranking_por_hora(id_ranking,posicion,hora) VALUES (218,53,9);
INSERT INTO ranking_por_hora(id_ranking,posicion,hora) VALUES (237,54,9);
INSERT INTO ranking_por_hora(id_ranking,posicion,hora) VALUES (238,55,9);
INSERT INTO ranking_por_hora(id_ranking,posicion,hora) VALUES (239,56,9);
INSERT INTO ranking_por_hora(id_ranking,posicion,hora) VALUES (240,57,9);
INSERT INTO ranking_por_hora(id_ranking,posicion,hora) VALUES (230,58,9);
INSERT INTO ranking_por_hora(id_ranking,posicion,hora) VALUES (186,1,10);
INSERT INTO ranking_por_hora(id_ranking,posicion,hora) VALUES (184,2,10);
INSERT INTO ranking_por_hora(id_ranking,posicion,hora) VALUES (185,3,10);
INSERT INTO ranking_por_hora(id_ranking,posicion,hora) VALUES (187,4,10);
INSERT INTO ranking_por_hora(id_ranking,posicion,hora) VALUES (200,5,10);
INSERT INTO ranking_por_hora(id_ranking,posicion,hora) VALUES (192,6,10);
INSERT INTO ranking_por_hora(id_ranking,posicion,hora) VALUES (188,7,10);
INSERT INTO ranking_por_hora(id_ranking,posicion,hora) VALUES (189,8,10);
INSERT INTO ranking_por_hora(id_ranking,posicion,hora) VALUES (190,9,10);
INSERT INTO ranking_por_hora(id_ranking,posicion,hora) VALUES (227,10,10);
INSERT INTO ranking_por_hora(id_ranking,posicion,hora) VALUES (199,11,10);
INSERT INTO ranking_por_hora(id_ranking,posicion,hora) VALUES (196,12,10);
INSERT INTO ranking_por_hora(id_ranking,posicion,hora) VALUES (232,13,10);
INSERT INTO ranking_por_hora(id_ranking,posicion,hora) VALUES (197,14,10);
INSERT INTO ranking_por_hora(id_ranking,posicion,hora) VALUES (195,15,10);
INSERT INTO ranking_por_hora(id_ranking,posicion,hora) VALUES (193,16,10);
INSERT INTO ranking_por_hora(id_ranking,posicion,hora) VALUES (191,17,10);
INSERT INTO ranking_por_hora(id_ranking,posicion,hora) VALUES (194,18,10);
INSERT INTO ranking_por_hora(id_ranking,posicion,hora) VALUES (198,19,10);
INSERT INTO ranking_por_hora(id_ranking,posicion,hora) VALUES (225,20,10);
INSERT INTO ranking_por_hora(id_ranking,posicion,hora) VALUES (202,21,10);
INSERT INTO ranking_por_hora(id_ranking,posicion,hora) VALUES (203,22,10);
INSERT INTO ranking_por_hora(id_ranking,posicion,hora) VALUES (204,23,10);
INSERT INTO ranking_por_hora(id_ranking,posicion,hora) VALUES (228,24,10);
INSERT INTO ranking_por_hora(id_ranking,posicion,hora) VALUES (211,25,10);
INSERT INTO ranking_por_hora(id_ranking,posicion,hora) VALUES (205,26,10);
INSERT INTO ranking_por_hora(id_ranking,posicion,hora) VALUES (206,27,10);
INSERT INTO ranking_por_hora(id_ranking,posicion,hora) VALUES (201,28,10);
INSERT INTO ranking_por_hora(id_ranking,posicion,hora) VALUES (214,29,10);
INSERT INTO ranking_por_hora(id_ranking,posicion,hora) VALUES (207,30,10);
INSERT INTO ranking_por_hora(id_ranking,posicion,hora) VALUES (216,31,10);
INSERT INTO ranking_por_hora(id_ranking,posicion,hora) VALUES (53,32,10);
INSERT INTO ranking_por_hora(id_ranking,posicion,hora) VALUES (210,33,10);
INSERT INTO ranking_por_hora(id_ranking,posicion,hora) VALUES (208,34,10);
INSERT INTO ranking_por_hora(id_ranking,posicion,hora) VALUES (233,35,10);
INSERT INTO ranking_por_hora(id_ranking,posicion,hora) VALUES (213,36,10);
INSERT INTO ranking_por_hora(id_ranking,posicion,hora) VALUES (215,37,10);
INSERT INTO ranking_por_hora(id_ranking,posicion,hora) VALUES (212,38,10);
INSERT INTO ranking_por_hora(id_ranking,posicion,hora) VALUES (219,39,10);
INSERT INTO ranking_por_hora(id_ranking,posicion,hora) VALUES (221,40,10);
INSERT INTO ranking_por_hora(id_ranking,posicion,hora) VALUES (217,41,10);
INSERT INTO ranking_por_hora(id_ranking,posicion,hora) VALUES (220,42,10);
INSERT INTO ranking_por_hora(id_ranking,posicion,hora) VALUES (229,43,10);
INSERT INTO ranking_por_hora(id_ranking,posicion,hora) VALUES (224,44,10);
INSERT INTO ranking_por_hora(id_ranking,posicion,hora) VALUES (226,45,10);
INSERT INTO ranking_por_hora(id_ranking,posicion,hora) VALUES (222,46,10);
INSERT INTO ranking_por_hora(id_ranking,posicion,hora) VALUES (231,47,10);
INSERT INTO ranking_por_hora(id_ranking,posicion,hora) VALUES (223,48,10);
INSERT INTO ranking_por_hora(id_ranking,posicion,hora) VALUES (234,49,10);
INSERT INTO ranking_por_hora(id_ranking,posicion,hora) VALUES (218,50,10);
INSERT INTO ranking_por_hora(id_ranking,posicion,hora) VALUES (242,51,10);
INSERT INTO ranking_por_hora(id_ranking,posicion,hora) VALUES (235,52,10);
INSERT INTO ranking_por_hora(id_ranking,posicion,hora) VALUES (238,53,10);
INSERT INTO ranking_por_hora(id_ranking,posicion,hora) VALUES (239,54,10);
INSERT INTO ranking_por_hora(id_ranking,posicion,hora) VALUES (230,55,10);
INSERT INTO ranking_por_hora(id_ranking,posicion,hora) VALUES (186,1,11);
INSERT INTO ranking_por_hora(id_ranking,posicion,hora) VALUES (184,2,11);
INSERT INTO ranking_por_hora(id_ranking,posicion,hora) VALUES (185,3,11);
INSERT INTO ranking_por_hora(id_ranking,posicion,hora) VALUES (187,4,11);
INSERT INTO ranking_por_hora(id_ranking,posicion,hora) VALUES (200,5,11);
INSERT INTO ranking_por_hora(id_ranking,posicion,hora) VALUES (188,6,11);
INSERT INTO ranking_por_hora(id_ranking,posicion,hora) VALUES (189,7,11);
INSERT INTO ranking_por_hora(id_ranking,posicion,hora) VALUES (190,8,11);
INSERT INTO ranking_por_hora(id_ranking,posicion,hora) VALUES (227,9,11);
INSERT INTO ranking_por_hora(id_ranking,posicion,hora) VALUES (199,10,11);
INSERT INTO ranking_por_hora(id_ranking,posicion,hora) VALUES (192,11,11);
INSERT INTO ranking_por_hora(id_ranking,posicion,hora) VALUES (196,12,11);
INSERT INTO ranking_por_hora(id_ranking,posicion,hora) VALUES (232,13,11);
INSERT INTO ranking_por_hora(id_ranking,posicion,hora) VALUES (195,14,11);
INSERT INTO ranking_por_hora(id_ranking,posicion,hora) VALUES (191,15,11);
INSERT INTO ranking_por_hora(id_ranking,posicion,hora) VALUES (193,16,11);
INSERT INTO ranking_por_hora(id_ranking,posicion,hora) VALUES (197,17,11);
INSERT INTO ranking_por_hora(id_ranking,posicion,hora) VALUES (194,18,11);
INSERT INTO ranking_por_hora(id_ranking,posicion,hora) VALUES (198,19,11);
INSERT INTO ranking_por_hora(id_ranking,posicion,hora) VALUES (225,20,11);
INSERT INTO ranking_por_hora(id_ranking,posicion,hora) VALUES (202,21,11);
INSERT INTO ranking_por_hora(id_ranking,posicion,hora) VALUES (211,22,11);
INSERT INTO ranking_por_hora(id_ranking,posicion,hora) VALUES (203,23,11);
INSERT INTO ranking_por_hora(id_ranking,posicion,hora) VALUES (204,24,11);
INSERT INTO ranking_por_hora(id_ranking,posicion,hora) VALUES (201,25,11);
INSERT INTO ranking_por_hora(id_ranking,posicion,hora) VALUES (228,26,11);
INSERT INTO ranking_por_hora(id_ranking,posicion,hora) VALUES (205,27,11);
INSERT INTO ranking_por_hora(id_ranking,posicion,hora) VALUES (206,28,11);
INSERT INTO ranking_por_hora(id_ranking,posicion,hora) VALUES (214,29,11);
INSERT INTO ranking_por_hora(id_ranking,posicion,hora) VALUES (216,30,11);
INSERT INTO ranking_por_hora(id_ranking,posicion,hora) VALUES (207,31,11);
INSERT INTO ranking_por_hora(id_ranking,posicion,hora) VALUES (210,32,11);
INSERT INTO ranking_por_hora(id_ranking,posicion,hora) VALUES (209,33,11);
INSERT INTO ranking_por_hora(id_ranking,posicion,hora) VALUES (208,34,11);
INSERT INTO ranking_por_hora(id_ranking,posicion,hora) VALUES (233,35,11);
INSERT INTO ranking_por_hora(id_ranking,posicion,hora) VALUES (213,36,11);
INSERT INTO ranking_por_hora(id_ranking,posicion,hora) VALUES (212,37,11);
INSERT INTO ranking_por_hora(id_ranking,posicion,hora) VALUES (215,38,11);
INSERT INTO ranking_por_hora(id_ranking,posicion,hora) VALUES (219,39,11);
INSERT INTO ranking_por_hora(id_ranking,posicion,hora) VALUES (217,40,11);
INSERT INTO ranking_por_hora(id_ranking,posicion,hora) VALUES (221,41,11);
INSERT INTO ranking_por_hora(id_ranking,posicion,hora) VALUES (220,42,11);
INSERT INTO ranking_por_hora(id_ranking,posicion,hora) VALUES (229,43,11);
INSERT INTO ranking_por_hora(id_ranking,posicion,hora) VALUES (226,44,11);
INSERT INTO ranking_por_hora(id_ranking,posicion,hora) VALUES (222,45,11);
INSERT INTO ranking_por_hora(id_ranking,posicion,hora) VALUES (224,46,11);
INSERT INTO ranking_por_hora(id_ranking,posicion,hora) VALUES (231,47,11);
INSERT INTO ranking_por_hora(id_ranking,posicion,hora) VALUES (218,48,11);
INSERT INTO ranking_por_hora(id_ranking,posicion,hora) VALUES (242,49,11);
INSERT INTO ranking_por_hora(id_ranking,posicion,hora) VALUES (234,50,11);
INSERT INTO ranking_por_hora(id_ranking,posicion,hora) VALUES (223,51,11);
INSERT INTO ranking_por_hora(id_ranking,posicion,hora) VALUES (238,52,11);
INSERT INTO ranking_por_hora(id_ranking,posicion,hora) VALUES (239,53,11);
INSERT INTO ranking_por_hora(id_ranking,posicion,hora) VALUES (230,54,11);
INSERT INTO ranking_por_hora(id_ranking,posicion,hora) VALUES (186,1,12);
INSERT INTO ranking_por_hora(id_ranking,posicion,hora) VALUES (184,2,12);
INSERT INTO ranking_por_hora(id_ranking,posicion,hora) VALUES (185,3,12);
INSERT INTO ranking_por_hora(id_ranking,posicion,hora) VALUES (187,4,12);
INSERT INTO ranking_por_hora(id_ranking,posicion,hora) VALUES (200,5,12);
INSERT INTO ranking_por_hora(id_ranking,posicion,hora) VALUES (188,6,12);
INSERT INTO ranking_por_hora(id_ranking,posicion,hora) VALUES (189,7,12);
INSERT INTO ranking_por_hora(id_ranking,posicion,hora) VALUES (190,8,12);
INSERT INTO ranking_por_hora(id_ranking,posicion,hora) VALUES (192,9,12);
INSERT INTO ranking_por_hora(id_ranking,posicion,hora) VALUES (227,10,12);
INSERT INTO ranking_por_hora(id_ranking,posicion,hora) VALUES (199,11,12);
INSERT INTO ranking_por_hora(id_ranking,posicion,hora) VALUES (191,12,12);
INSERT INTO ranking_por_hora(id_ranking,posicion,hora) VALUES (196,13,12);
INSERT INTO ranking_por_hora(id_ranking,posicion,hora) VALUES (195,14,12);
INSERT INTO ranking_por_hora(id_ranking,posicion,hora) VALUES (193,15,12);
INSERT INTO ranking_por_hora(id_ranking,posicion,hora) VALUES (197,16,12);
INSERT INTO ranking_por_hora(id_ranking,posicion,hora) VALUES (232,17,12);
INSERT INTO ranking_por_hora(id_ranking,posicion,hora) VALUES (198,18,12);
INSERT INTO ranking_por_hora(id_ranking,posicion,hora) VALUES (194,19,12);
INSERT INTO ranking_por_hora(id_ranking,posicion,hora) VALUES (225,20,12);
INSERT INTO ranking_por_hora(id_ranking,posicion,hora) VALUES (202,21,12);
INSERT INTO ranking_por_hora(id_ranking,posicion,hora) VALUES (201,22,12);
INSERT INTO ranking_por_hora(id_ranking,posicion,hora) VALUES (204,23,12);
INSERT INTO ranking_por_hora(id_ranking,posicion,hora) VALUES (203,24,12);
INSERT INTO ranking_por_hora(id_ranking,posicion,hora) VALUES (205,25,12);
INSERT INTO ranking_por_hora(id_ranking,posicion,hora) VALUES (206,26,12);
INSERT INTO ranking_por_hora(id_ranking,posicion,hora) VALUES (214,27,12);
INSERT INTO ranking_por_hora(id_ranking,posicion,hora) VALUES (211,28,12);
INSERT INTO ranking_por_hora(id_ranking,posicion,hora) VALUES (228,29,12);
INSERT INTO ranking_por_hora(id_ranking,posicion,hora) VALUES (216,30,12);
INSERT INTO ranking_por_hora(id_ranking,posicion,hora) VALUES (207,31,12);
INSERT INTO ranking_por_hora(id_ranking,posicion,hora) VALUES (210,32,12);
INSERT INTO ranking_por_hora(id_ranking,posicion,hora) VALUES (209,33,12);
INSERT INTO ranking_por_hora(id_ranking,posicion,hora) VALUES (208,34,12);
INSERT INTO ranking_por_hora(id_ranking,posicion,hora) VALUES (233,35,12);
INSERT INTO ranking_por_hora(id_ranking,posicion,hora) VALUES (212,36,12);
INSERT INTO ranking_por_hora(id_ranking,posicion,hora) VALUES (215,37,12);
INSERT INTO ranking_por_hora(id_ranking,posicion,hora) VALUES (213,38,12);
INSERT INTO ranking_por_hora(id_ranking,posicion,hora) VALUES (219,39,12);
INSERT INTO ranking_por_hora(id_ranking,posicion,hora) VALUES (221,40,12);
INSERT INTO ranking_por_hora(id_ranking,posicion,hora) VALUES (217,41,12);
INSERT INTO ranking_por_hora(id_ranking,posicion,hora) VALUES (229,42,12);
INSERT INTO ranking_por_hora(id_ranking,posicion,hora) VALUES (220,43,12);
INSERT INTO ranking_por_hora(id_ranking,posicion,hora) VALUES (222,44,12);
INSERT INTO ranking_por_hora(id_ranking,posicion,hora) VALUES (224,45,12);
INSERT INTO ranking_por_hora(id_ranking,posicion,hora) VALUES (231,46,12);
INSERT INTO ranking_por_hora(id_ranking,posicion,hora) VALUES (218,47,12);
INSERT INTO ranking_por_hora(id_ranking,posicion,hora) VALUES (226,48,12);
INSERT INTO ranking_por_hora(id_ranking,posicion,hora) VALUES (242,49,12);
INSERT INTO ranking_por_hora(id_ranking,posicion,hora) VALUES (234,50,12);
INSERT INTO ranking_por_hora(id_ranking,posicion,hora) VALUES (223,51,12);
INSERT INTO ranking_por_hora(id_ranking,posicion,hora) VALUES (230,52,12);
INSERT INTO ranking_por_hora(id_ranking,posicion,hora) VALUES (238,53,12);
INSERT INTO ranking_por_hora(id_ranking,posicion,hora) VALUES (186,1,13);
INSERT INTO ranking_por_hora(id_ranking,posicion,hora) VALUES (184,2,13);
INSERT INTO ranking_por_hora(id_ranking,posicion,hora) VALUES (185,3,13);
INSERT INTO ranking_por_hora(id_ranking,posicion,hora) VALUES (187,4,13);
INSERT INTO ranking_por_hora(id_ranking,posicion,hora) VALUES (200,5,13);
INSERT INTO ranking_por_hora(id_ranking,posicion,hora) VALUES (188,6,13);
INSERT INTO ranking_por_hora(id_ranking,posicion,hora) VALUES (189,7,13);
INSERT INTO ranking_por_hora(id_ranking,posicion,hora) VALUES (190,8,13);
INSERT INTO ranking_por_hora(id_ranking,posicion,hora) VALUES (227,9,13);
INSERT INTO ranking_por_hora(id_ranking,posicion,hora) VALUES (192,10,13);
INSERT INTO ranking_por_hora(id_ranking,posicion,hora) VALUES (199,11,13);
INSERT INTO ranking_por_hora(id_ranking,posicion,hora) VALUES (191,12,13);
INSERT INTO ranking_por_hora(id_ranking,posicion,hora) VALUES (195,13,13);
INSERT INTO ranking_por_hora(id_ranking,posicion,hora) VALUES (193,14,13);
INSERT INTO ranking_por_hora(id_ranking,posicion,hora) VALUES (196,15,13);
INSERT INTO ranking_por_hora(id_ranking,posicion,hora) VALUES (194,16,13);
INSERT INTO ranking_por_hora(id_ranking,posicion,hora) VALUES (197,17,13);
INSERT INTO ranking_por_hora(id_ranking,posicion,hora) VALUES (232,18,13);
INSERT INTO ranking_por_hora(id_ranking,posicion,hora) VALUES (225,19,13);
INSERT INTO ranking_por_hora(id_ranking,posicion,hora) VALUES (198,20,13);
INSERT INTO ranking_por_hora(id_ranking,posicion,hora) VALUES (202,21,13);
INSERT INTO ranking_por_hora(id_ranking,posicion,hora) VALUES (201,22,13);
INSERT INTO ranking_por_hora(id_ranking,posicion,hora) VALUES (204,23,13);
INSERT INTO ranking_por_hora(id_ranking,posicion,hora) VALUES (203,24,13);
INSERT INTO ranking_por_hora(id_ranking,posicion,hora) VALUES (211,25,13);
INSERT INTO ranking_por_hora(id_ranking,posicion,hora) VALUES (205,26,13);
INSERT INTO ranking_por_hora(id_ranking,posicion,hora) VALUES (206,27,13);
INSERT INTO ranking_por_hora(id_ranking,posicion,hora) VALUES (214,28,13);
INSERT INTO ranking_por_hora(id_ranking,posicion,hora) VALUES (216,29,13);
INSERT INTO ranking_por_hora(id_ranking,posicion,hora) VALUES (207,30,13);
INSERT INTO ranking_por_hora(id_ranking,posicion,hora) VALUES (228,31,13);
INSERT INTO ranking_por_hora(id_ranking,posicion,hora) VALUES (209,32,13);
INSERT INTO ranking_por_hora(id_ranking,posicion,hora) VALUES (210,33,13);
INSERT INTO ranking_por_hora(id_ranking,posicion,hora) VALUES (208,34,13);
INSERT INTO ranking_por_hora(id_ranking,posicion,hora) VALUES (233,35,13);
INSERT INTO ranking_por_hora(id_ranking,posicion,hora) VALUES (212,36,13);
INSERT INTO ranking_por_hora(id_ranking,posicion,hora) VALUES (213,37,13);
INSERT INTO ranking_por_hora(id_ranking,posicion,hora) VALUES (215,38,13);
INSERT INTO ranking_por_hora(id_ranking,posicion,hora) VALUES (219,39,13);
INSERT INTO ranking_por_hora(id_ranking,posicion,hora) VALUES (221,40,13);
INSERT INTO ranking_por_hora(id_ranking,posicion,hora) VALUES (217,41,13);
INSERT INTO ranking_por_hora(id_ranking,posicion,hora) VALUES (229,42,13);
INSERT INTO ranking_por_hora(id_ranking,posicion,hora) VALUES (220,43,13);
INSERT INTO ranking_por_hora(id_ranking,posicion,hora) VALUES (222,44,13);
INSERT INTO ranking_por_hora(id_ranking,posicion,hora) VALUES (224,45,13);
INSERT INTO ranking_por_hora(id_ranking,posicion,hora) VALUES (231,46,13);
INSERT INTO ranking_por_hora(id_ranking,posicion,hora) VALUES (218,47,13);
INSERT INTO ranking_por_hora(id_ranking,posicion,hora) VALUES (226,48,13);
INSERT INTO ranking_por_hora(id_ranking,posicion,hora) VALUES (223,49,13);
INSERT INTO ranking_por_hora(id_ranking,posicion,hora) VALUES (234,50,13);
INSERT INTO ranking_por_hora(id_ranking,posicion,hora) VALUES (230,51,13);
INSERT INTO ranking_por_hora(id_ranking,posicion,hora) VALUES (184,1,14);
INSERT INTO ranking_por_hora(id_ranking,posicion,hora) VALUES (185,2,14);
INSERT INTO ranking_por_hora(id_ranking,posicion,hora) VALUES (187,3,14);
INSERT INTO ranking_por_hora(id_ranking,posicion,hora) VALUES (186,4,14);
INSERT INTO ranking_por_hora(id_ranking,posicion,hora) VALUES (188,5,14);
INSERT INTO ranking_por_hora(id_ranking,posicion,hora) VALUES (200,6,14);
INSERT INTO ranking_por_hora(id_ranking,posicion,hora) VALUES (189,7,14);
INSERT INTO ranking_por_hora(id_ranking,posicion,hora) VALUES (190,8,14);
INSERT INTO ranking_por_hora(id_ranking,posicion,hora) VALUES (192,9,14);
INSERT INTO ranking_por_hora(id_ranking,posicion,hora) VALUES (227,10,14);
INSERT INTO ranking_por_hora(id_ranking,posicion,hora) VALUES (191,11,14);
INSERT INTO ranking_por_hora(id_ranking,posicion,hora) VALUES (199,12,14);
INSERT INTO ranking_por_hora(id_ranking,posicion,hora) VALUES (193,13,14);
INSERT INTO ranking_por_hora(id_ranking,posicion,hora) VALUES (195,14,14);
INSERT INTO ranking_por_hora(id_ranking,posicion,hora) VALUES (196,15,14);
INSERT INTO ranking_por_hora(id_ranking,posicion,hora) VALUES (197,16,14);
INSERT INTO ranking_por_hora(id_ranking,posicion,hora) VALUES (194,17,14);
INSERT INTO ranking_por_hora(id_ranking,posicion,hora) VALUES (198,18,14);
INSERT INTO ranking_por_hora(id_ranking,posicion,hora) VALUES (232,19,14);
INSERT INTO ranking_por_hora(id_ranking,posicion,hora) VALUES (202,20,14);
INSERT INTO ranking_por_hora(id_ranking,posicion,hora) VALUES (225,21,14);
INSERT INTO ranking_por_hora(id_ranking,posicion,hora) VALUES (201,22,14);
INSERT INTO ranking_por_hora(id_ranking,posicion,hora) VALUES (204,23,14);
INSERT INTO ranking_por_hora(id_ranking,posicion,hora) VALUES (211,24,14);
INSERT INTO ranking_por_hora(id_ranking,posicion,hora) VALUES (203,25,14);
INSERT INTO ranking_por_hora(id_ranking,posicion,hora) VALUES (206,26,14);
INSERT INTO ranking_por_hora(id_ranking,posicion,hora) VALUES (205,27,14);
INSERT INTO ranking_por_hora(id_ranking,posicion,hora) VALUES (214,28,14);
INSERT INTO ranking_por_hora(id_ranking,posicion,hora) VALUES (207,29,14);
INSERT INTO ranking_por_hora(id_ranking,posicion,hora) VALUES (216,30,14);
INSERT INTO ranking_por_hora(id_ranking,posicion,hora) VALUES (228,31,14);
INSERT INTO ranking_por_hora(id_ranking,posicion,hora) VALUES (210,32,14);
INSERT INTO ranking_por_hora(id_ranking,posicion,hora) VALUES (209,33,14);
INSERT INTO ranking_por_hora(id_ranking,posicion,hora) VALUES (208,34,14);
INSERT INTO ranking_por_hora(id_ranking,posicion,hora) VALUES (233,35,14);
INSERT INTO ranking_por_hora(id_ranking,posicion,hora) VALUES (212,36,14);
INSERT INTO ranking_por_hora(id_ranking,posicion,hora) VALUES (215,37,14);
INSERT INTO ranking_por_hora(id_ranking,posicion,hora) VALUES (213,38,14);
INSERT INTO ranking_por_hora(id_ranking,posicion,hora) VALUES (219,39,14);
INSERT INTO ranking_por_hora(id_ranking,posicion,hora) VALUES (217,40,14);
INSERT INTO ranking_por_hora(id_ranking,posicion,hora) VALUES (229,41,14);
INSERT INTO ranking_por_hora(id_ranking,posicion,hora) VALUES (220,42,14);
INSERT INTO ranking_por_hora(id_ranking,posicion,hora) VALUES (222,43,14);
INSERT INTO ranking_por_hora(id_ranking,posicion,hora) VALUES (224,44,14);
INSERT INTO ranking_por_hora(id_ranking,posicion,hora) VALUES (221,45,14);
INSERT INTO ranking_por_hora(id_ranking,posicion,hora) VALUES (231,46,14);
INSERT INTO ranking_por_hora(id_ranking,posicion,hora) VALUES (218,47,14);
INSERT INTO ranking_por_hora(id_ranking,posicion,hora) VALUES (226,48,14);
INSERT INTO ranking_por_hora(id_ranking,posicion,hora) VALUES (223,49,14);
INSERT INTO ranking_por_hora(id_ranking,posicion,hora) VALUES (234,50,14);
INSERT INTO ranking_por_hora(id_ranking,posicion,hora) VALUES (230,51,14);
INSERT INTO ranking_por_hora(id_ranking,posicion,hora) VALUES (184,1,15);
INSERT INTO ranking_por_hora(id_ranking,posicion,hora) VALUES (185,2,15);
INSERT INTO ranking_por_hora(id_ranking,posicion,hora) VALUES (187,3,15);
INSERT INTO ranking_por_hora(id_ranking,posicion,hora) VALUES (186,4,15);
INSERT INTO ranking_por_hora(id_ranking,posicion,hora) VALUES (200,5,15);
INSERT INTO ranking_por_hora(id_ranking,posicion,hora) VALUES (188,6,15);
INSERT INTO ranking_por_hora(id_ranking,posicion,hora) VALUES (189,7,15);
INSERT INTO ranking_por_hora(id_ranking,posicion,hora) VALUES (190,8,15);
INSERT INTO ranking_por_hora(id_ranking,posicion,hora) VALUES (192,9,15);
INSERT INTO ranking_por_hora(id_ranking,posicion,hora) VALUES (227,10,15);
INSERT INTO ranking_por_hora(id_ranking,posicion,hora) VALUES (199,11,15);
INSERT INTO ranking_por_hora(id_ranking,posicion,hora) VALUES (195,12,15);
INSERT INTO ranking_por_hora(id_ranking,posicion,hora) VALUES (191,13,15);
INSERT INTO ranking_por_hora(id_ranking,posicion,hora) VALUES (193,14,15);
INSERT INTO ranking_por_hora(id_ranking,posicion,hora) VALUES (196,15,15);
INSERT INTO ranking_por_hora(id_ranking,posicion,hora) VALUES (194,16,15);
INSERT INTO ranking_por_hora(id_ranking,posicion,hora) VALUES (197,17,15);
INSERT INTO ranking_por_hora(id_ranking,posicion,hora) VALUES (198,18,15);
INSERT INTO ranking_por_hora(id_ranking,posicion,hora) VALUES (225,19,15);
INSERT INTO ranking_por_hora(id_ranking,posicion,hora) VALUES (201,20,15);
INSERT INTO ranking_por_hora(id_ranking,posicion,hora) VALUES (202,21,15);
INSERT INTO ranking_por_hora(id_ranking,posicion,hora) VALUES (204,22,15);
INSERT INTO ranking_por_hora(id_ranking,posicion,hora) VALUES (203,23,15);
INSERT INTO ranking_por_hora(id_ranking,posicion,hora) VALUES (211,24,15);
INSERT INTO ranking_por_hora(id_ranking,posicion,hora) VALUES (205,25,15);
INSERT INTO ranking_por_hora(id_ranking,posicion,hora) VALUES (214,26,15);
INSERT INTO ranking_por_hora(id_ranking,posicion,hora) VALUES (216,27,15);
INSERT INTO ranking_por_hora(id_ranking,posicion,hora) VALUES (206,28,15);
INSERT INTO ranking_por_hora(id_ranking,posicion,hora) VALUES (207,29,15);
INSERT INTO ranking_por_hora(id_ranking,posicion,hora) VALUES (228,30,15);
INSERT INTO ranking_por_hora(id_ranking,posicion,hora) VALUES (208,31,15);
INSERT INTO ranking_por_hora(id_ranking,posicion,hora) VALUES (210,32,15);
INSERT INTO ranking_por_hora(id_ranking,posicion,hora) VALUES (209,33,15);
INSERT INTO ranking_por_hora(id_ranking,posicion,hora) VALUES (212,34,15);
INSERT INTO ranking_por_hora(id_ranking,posicion,hora) VALUES (215,35,15);
INSERT INTO ranking_por_hora(id_ranking,posicion,hora) VALUES (213,36,15);
INSERT INTO ranking_por_hora(id_ranking,posicion,hora) VALUES (219,37,15);
INSERT INTO ranking_por_hora(id_ranking,posicion,hora) VALUES (232,38,15);
INSERT INTO ranking_por_hora(id_ranking,posicion,hora) VALUES (229,39,15);
INSERT INTO ranking_por_hora(id_ranking,posicion,hora) VALUES (217,40,15);
INSERT INTO ranking_por_hora(id_ranking,posicion,hora) VALUES (222,41,15);
INSERT INTO ranking_por_hora(id_ranking,posicion,hora) VALUES (220,42,15);
INSERT INTO ranking_por_hora(id_ranking,posicion,hora) VALUES (221,43,15);
INSERT INTO ranking_por_hora(id_ranking,posicion,hora) VALUES (224,44,15);
INSERT INTO ranking_por_hora(id_ranking,posicion,hora) VALUES (231,45,15);
INSERT INTO ranking_por_hora(id_ranking,posicion,hora) VALUES (218,46,15);
INSERT INTO ranking_por_hora(id_ranking,posicion,hora) VALUES (233,47,15);
INSERT INTO ranking_por_hora(id_ranking,posicion,hora) VALUES (226,48,15);
INSERT INTO ranking_por_hora(id_ranking,posicion,hora) VALUES (223,49,15);
INSERT INTO ranking_por_hora(id_ranking,posicion,hora) VALUES (234,50,15);
INSERT INTO ranking_por_hora(id_ranking,posicion,hora) VALUES (230,51,15);
INSERT INTO ranking_por_hora(id_ranking,posicion,hora) VALUES (184,1,16);
INSERT INTO ranking_por_hora(id_ranking,posicion,hora) VALUES (185,2,16);
INSERT INTO ranking_por_hora(id_ranking,posicion,hora) VALUES (187,3,16);
INSERT INTO ranking_por_hora(id_ranking,posicion,hora) VALUES (186,4,16);
INSERT INTO ranking_por_hora(id_ranking,posicion,hora) VALUES (188,5,16);
INSERT INTO ranking_por_hora(id_ranking,posicion,hora) VALUES (189,6,16);
INSERT INTO ranking_por_hora(id_ranking,posicion,hora) VALUES (190,7,16);
INSERT INTO ranking_por_hora(id_ranking,posicion,hora) VALUES (192,8,16);
INSERT INTO ranking_por_hora(id_ranking,posicion,hora) VALUES (227,9,16);
INSERT INTO ranking_por_hora(id_ranking,posicion,hora) VALUES (195,10,16);
INSERT INTO ranking_por_hora(id_ranking,posicion,hora) VALUES (191,11,16);
INSERT INTO ranking_por_hora(id_ranking,posicion,hora) VALUES (199,12,16);
INSERT INTO ranking_por_hora(id_ranking,posicion,hora) VALUES (200,13,16);
INSERT INTO ranking_por_hora(id_ranking,posicion,hora) VALUES (193,14,16);
INSERT INTO ranking_por_hora(id_ranking,posicion,hora) VALUES (194,15,16);
INSERT INTO ranking_por_hora(id_ranking,posicion,hora) VALUES (196,16,16);
INSERT INTO ranking_por_hora(id_ranking,posicion,hora) VALUES (197,17,16);
INSERT INTO ranking_por_hora(id_ranking,posicion,hora) VALUES (198,18,16);
INSERT INTO ranking_por_hora(id_ranking,posicion,hora) VALUES (201,19,16);
INSERT INTO ranking_por_hora(id_ranking,posicion,hora) VALUES (202,20,16);
INSERT INTO ranking_por_hora(id_ranking,posicion,hora) VALUES (211,21,16);
INSERT INTO ranking_por_hora(id_ranking,posicion,hora) VALUES (204,22,16);
INSERT INTO ranking_por_hora(id_ranking,posicion,hora) VALUES (203,23,16);
INSERT INTO ranking_por_hora(id_ranking,posicion,hora) VALUES (205,24,16);
INSERT INTO ranking_por_hora(id_ranking,posicion,hora) VALUES (228,25,16);
INSERT INTO ranking_por_hora(id_ranking,posicion,hora) VALUES (206,26,16);
INSERT INTO ranking_por_hora(id_ranking,posicion,hora) VALUES (207,27,16);
INSERT INTO ranking_por_hora(id_ranking,posicion,hora) VALUES (225,28,16);
INSERT INTO ranking_por_hora(id_ranking,posicion,hora) VALUES (208,29,16);
INSERT INTO ranking_por_hora(id_ranking,posicion,hora) VALUES (210,30,16);
INSERT INTO ranking_por_hora(id_ranking,posicion,hora) VALUES (209,31,16);
INSERT INTO ranking_por_hora(id_ranking,posicion,hora) VALUES (212,32,16);
INSERT INTO ranking_por_hora(id_ranking,posicion,hora) VALUES (213,33,16);
INSERT INTO ranking_por_hora(id_ranking,posicion,hora) VALUES (219,34,16);
INSERT INTO ranking_por_hora(id_ranking,posicion,hora) VALUES (215,35,16);
INSERT INTO ranking_por_hora(id_ranking,posicion,hora) VALUES (216,36,16);
INSERT INTO ranking_por_hora(id_ranking,posicion,hora) VALUES (229,37,16);
INSERT INTO ranking_por_hora(id_ranking,posicion,hora) VALUES (217,38,16);
INSERT INTO ranking_por_hora(id_ranking,posicion,hora) VALUES (220,39,16);
INSERT INTO ranking_por_hora(id_ranking,posicion,hora) VALUES (214,40,16);
INSERT INTO ranking_por_hora(id_ranking,posicion,hora) VALUES (222,41,16);
INSERT INTO ranking_por_hora(id_ranking,posicion,hora) VALUES (221,42,16);
INSERT INTO ranking_por_hora(id_ranking,posicion,hora) VALUES (218,43,16);
INSERT INTO ranking_por_hora(id_ranking,posicion,hora) VALUES (224,44,16);
INSERT INTO ranking_por_hora(id_ranking,posicion,hora) VALUES (223,45,16);
INSERT INTO ranking_por_hora(id_ranking,posicion,hora) VALUES (226,46,16);
INSERT INTO ranking_por_hora(id_ranking,posicion,hora) VALUES (231,47,16);
INSERT INTO ranking_por_hora(id_ranking,posicion,hora) VALUES (230,48,16);
INSERT INTO ranking_por_hora(id_ranking,posicion,hora) VALUES (184,1,17);
INSERT INTO ranking_por_hora(id_ranking,posicion,hora) VALUES (185,2,17);
INSERT INTO ranking_por_hora(id_ranking,posicion,hora) VALUES (187,3,17);
INSERT INTO ranking_por_hora(id_ranking,posicion,hora) VALUES (186,4,17);
INSERT INTO ranking_por_hora(id_ranking,posicion,hora) VALUES (188,5,17);
INSERT INTO ranking_por_hora(id_ranking,posicion,hora) VALUES (189,6,17);
INSERT INTO ranking_por_hora(id_ranking,posicion,hora) VALUES (190,7,17);
INSERT INTO ranking_por_hora(id_ranking,posicion,hora) VALUES (192,8,17);
INSERT INTO ranking_por_hora(id_ranking,posicion,hora) VALUES (227,9,17);
INSERT INTO ranking_por_hora(id_ranking,posicion,hora) VALUES (195,10,17);
INSERT INTO ranking_por_hora(id_ranking,posicion,hora) VALUES (191,11,17);
INSERT INTO ranking_por_hora(id_ranking,posicion,hora) VALUES (199,12,17);
INSERT INTO ranking_por_hora(id_ranking,posicion,hora) VALUES (193,13,17);
INSERT INTO ranking_por_hora(id_ranking,posicion,hora) VALUES (196,14,17);
INSERT INTO ranking_por_hora(id_ranking,posicion,hora) VALUES (194,15,17);
INSERT INTO ranking_por_hora(id_ranking,posicion,hora) VALUES (197,16,17);
INSERT INTO ranking_por_hora(id_ranking,posicion,hora) VALUES (198,17,17);
INSERT INTO ranking_por_hora(id_ranking,posicion,hora) VALUES (201,18,17);
INSERT INTO ranking_por_hora(id_ranking,posicion,hora) VALUES (200,19,17);
INSERT INTO ranking_por_hora(id_ranking,posicion,hora) VALUES (202,20,17);
INSERT INTO ranking_por_hora(id_ranking,posicion,hora) VALUES (211,21,17);
INSERT INTO ranking_por_hora(id_ranking,posicion,hora) VALUES (203,22,17);
INSERT INTO ranking_por_hora(id_ranking,posicion,hora) VALUES (204,23,17);
INSERT INTO ranking_por_hora(id_ranking,posicion,hora) VALUES (205,24,17);
INSERT INTO ranking_por_hora(id_ranking,posicion,hora) VALUES (228,25,17);
INSERT INTO ranking_por_hora(id_ranking,posicion,hora) VALUES (206,26,17);
INSERT INTO ranking_por_hora(id_ranking,posicion,hora) VALUES (207,27,17);
INSERT INTO ranking_por_hora(id_ranking,posicion,hora) VALUES (208,28,17);
INSERT INTO ranking_por_hora(id_ranking,posicion,hora) VALUES (210,29,17);
INSERT INTO ranking_por_hora(id_ranking,posicion,hora) VALUES (209,30,17);
INSERT INTO ranking_por_hora(id_ranking,posicion,hora) VALUES (212,31,17);
INSERT INTO ranking_por_hora(id_ranking,posicion,hora) VALUES (213,32,17);
INSERT INTO ranking_por_hora(id_ranking,posicion,hora) VALUES (219,33,17);
INSERT INTO ranking_por_hora(id_ranking,posicion,hora) VALUES (215,34,17);
INSERT INTO ranking_por_hora(id_ranking,posicion,hora) VALUES (217,35,17);
INSERT INTO ranking_por_hora(id_ranking,posicion,hora) VALUES (220,36,17);
INSERT INTO ranking_por_hora(id_ranking,posicion,hora) VALUES (214,37,17);
INSERT INTO ranking_por_hora(id_ranking,posicion,hora) VALUES (222,38,17);
INSERT INTO ranking_por_hora(id_ranking,posicion,hora) VALUES (229,39,17);
INSERT INTO ranking_por_hora(id_ranking,posicion,hora) VALUES (216,40,17);
INSERT INTO ranking_por_hora(id_ranking,posicion,hora) VALUES (225,41,17);
INSERT INTO ranking_por_hora(id_ranking,posicion,hora) VALUES (221,42,17);
INSERT INTO ranking_por_hora(id_ranking,posicion,hora) VALUES (218,43,17);
INSERT INTO ranking_por_hora(id_ranking,posicion,hora) VALUES (224,44,17);
INSERT INTO ranking_por_hora(id_ranking,posicion,hora) VALUES (223,45,17);
INSERT INTO ranking_por_hora(id_ranking,posicion,hora) VALUES (226,46,17);
INSERT INTO ranking_por_hora(id_ranking,posicion,hora) VALUES (231,47,17);
INSERT INTO ranking_por_hora(id_ranking,posicion,hora) VALUES (230,48,17);
INSERT INTO ranking_por_hora(id_ranking,posicion,hora) VALUES (184,1,18);
INSERT INTO ranking_por_hora(id_ranking,posicion,hora) VALUES (185,2,18);
INSERT INTO ranking_por_hora(id_ranking,posicion,hora) VALUES (187,3,18);
INSERT INTO ranking_por_hora(id_ranking,posicion,hora) VALUES (186,4,18);
INSERT INTO ranking_por_hora(id_ranking,posicion,hora) VALUES (188,5,18);
INSERT INTO ranking_por_hora(id_ranking,posicion,hora) VALUES (189,6,18);
INSERT INTO ranking_por_hora(id_ranking,posicion,hora) VALUES (192,7,18);
INSERT INTO ranking_por_hora(id_ranking,posicion,hora) VALUES (190,8,18);
INSERT INTO ranking_por_hora(id_ranking,posicion,hora) VALUES (227,9,18);
INSERT INTO ranking_por_hora(id_ranking,posicion,hora) VALUES (195,10,18);
INSERT INTO ranking_por_hora(id_ranking,posicion,hora) VALUES (191,11,18);
INSERT INTO ranking_por_hora(id_ranking,posicion,hora) VALUES (193,12,18);
INSERT INTO ranking_por_hora(id_ranking,posicion,hora) VALUES (196,13,18);
INSERT INTO ranking_por_hora(id_ranking,posicion,hora) VALUES (194,14,18);
INSERT INTO ranking_por_hora(id_ranking,posicion,hora) VALUES (197,15,18);
INSERT INTO ranking_por_hora(id_ranking,posicion,hora) VALUES (198,16,18);
INSERT INTO ranking_por_hora(id_ranking,posicion,hora) VALUES (199,17,18);
INSERT INTO ranking_por_hora(id_ranking,posicion,hora) VALUES (200,18,18);
INSERT INTO ranking_por_hora(id_ranking,posicion,hora) VALUES (201,19,18);
INSERT INTO ranking_por_hora(id_ranking,posicion,hora) VALUES (202,20,18);
INSERT INTO ranking_por_hora(id_ranking,posicion,hora) VALUES (203,21,18);
INSERT INTO ranking_por_hora(id_ranking,posicion,hora) VALUES (204,22,18);
INSERT INTO ranking_por_hora(id_ranking,posicion,hora) VALUES (205,23,18);
INSERT INTO ranking_por_hora(id_ranking,posicion,hora) VALUES (211,24,18);
INSERT INTO ranking_por_hora(id_ranking,posicion,hora) VALUES (228,25,18);
INSERT INTO ranking_por_hora(id_ranking,posicion,hora) VALUES (207,26,18);
INSERT INTO ranking_por_hora(id_ranking,posicion,hora) VALUES (206,27,18);
INSERT INTO ranking_por_hora(id_ranking,posicion,hora) VALUES (208,28,18);
INSERT INTO ranking_por_hora(id_ranking,posicion,hora) VALUES (209,29,18);
INSERT INTO ranking_por_hora(id_ranking,posicion,hora) VALUES (210,30,18);
INSERT INTO ranking_por_hora(id_ranking,posicion,hora) VALUES (212,31,18);
INSERT INTO ranking_por_hora(id_ranking,posicion,hora) VALUES (219,32,18);
INSERT INTO ranking_por_hora(id_ranking,posicion,hora) VALUES (213,33,18);
INSERT INTO ranking_por_hora(id_ranking,posicion,hora) VALUES (215,34,18);
INSERT INTO ranking_por_hora(id_ranking,posicion,hora) VALUES (214,35,18);
INSERT INTO ranking_por_hora(id_ranking,posicion,hora) VALUES (217,36,18);
INSERT INTO ranking_por_hora(id_ranking,posicion,hora) VALUES (220,37,18);
INSERT INTO ranking_por_hora(id_ranking,posicion,hora) VALUES (222,38,18);
INSERT INTO ranking_por_hora(id_ranking,posicion,hora) VALUES (216,39,18);
INSERT INTO ranking_por_hora(id_ranking,posicion,hora) VALUES (229,40,18);
INSERT INTO ranking_por_hora(id_ranking,posicion,hora) VALUES (221,41,18);
INSERT INTO ranking_por_hora(id_ranking,posicion,hora) VALUES (218,42,18);
INSERT INTO ranking_por_hora(id_ranking,posicion,hora) VALUES (224,43,18);
INSERT INTO ranking_por_hora(id_ranking,posicion,hora) VALUES (223,44,18);
INSERT INTO ranking_por_hora(id_ranking,posicion,hora) VALUES (226,45,18);
INSERT INTO ranking_por_hora(id_ranking,posicion,hora) VALUES (225,46,18);
INSERT INTO ranking_por_hora(id_ranking,posicion,hora) VALUES (231,47,18);
INSERT INTO ranking_por_hora(id_ranking,posicion,hora) VALUES (230,48,18);
INSERT INTO ranking_por_hora(id_ranking,posicion,hora) VALUES (184,1,19);
INSERT INTO ranking_por_hora(id_ranking,posicion,hora) VALUES (185,2,19);
INSERT INTO ranking_por_hora(id_ranking,posicion,hora) VALUES (187,3,19);
INSERT INTO ranking_por_hora(id_ranking,posicion,hora) VALUES (186,4,19);
INSERT INTO ranking_por_hora(id_ranking,posicion,hora) VALUES (188,5,19);
INSERT INTO ranking_por_hora(id_ranking,posicion,hora) VALUES (189,6,19);
INSERT INTO ranking_por_hora(id_ranking,posicion,hora) VALUES (192,7,19);
INSERT INTO ranking_por_hora(id_ranking,posicion,hora) VALUES (190,8,19);
INSERT INTO ranking_por_hora(id_ranking,posicion,hora) VALUES (227,9,19);
INSERT INTO ranking_por_hora(id_ranking,posicion,hora) VALUES (191,10,19);
INSERT INTO ranking_por_hora(id_ranking,posicion,hora) VALUES (195,11,19);
INSERT INTO ranking_por_hora(id_ranking,posicion,hora) VALUES (193,12,19);
INSERT INTO ranking_por_hora(id_ranking,posicion,hora) VALUES (196,13,19);
INSERT INTO ranking_por_hora(id_ranking,posicion,hora) VALUES (194,14,19);
INSERT INTO ranking_por_hora(id_ranking,posicion,hora) VALUES (197,15,19);
INSERT INTO ranking_por_hora(id_ranking,posicion,hora) VALUES (198,16,19);
INSERT INTO ranking_por_hora(id_ranking,posicion,hora) VALUES (199,17,19);
INSERT INTO ranking_por_hora(id_ranking,posicion,hora) VALUES (200,18,19);
INSERT INTO ranking_por_hora(id_ranking,posicion,hora) VALUES (201,19,19);
INSERT INTO ranking_por_hora(id_ranking,posicion,hora) VALUES (202,20,19);
INSERT INTO ranking_por_hora(id_ranking,posicion,hora) VALUES (203,21,19);
INSERT INTO ranking_por_hora(id_ranking,posicion,hora) VALUES (204,22,19);
INSERT INTO ranking_por_hora(id_ranking,posicion,hora) VALUES (205,23,19);
INSERT INTO ranking_por_hora(id_ranking,posicion,hora) VALUES (228,24,19);
INSERT INTO ranking_por_hora(id_ranking,posicion,hora) VALUES (206,25,19);
INSERT INTO ranking_por_hora(id_ranking,posicion,hora) VALUES (207,26,19);
INSERT INTO ranking_por_hora(id_ranking,posicion,hora) VALUES (209,27,19);
INSERT INTO ranking_por_hora(id_ranking,posicion,hora) VALUES (208,28,19);
INSERT INTO ranking_por_hora(id_ranking,posicion,hora) VALUES (210,29,19);
INSERT INTO ranking_por_hora(id_ranking,posicion,hora) VALUES (212,30,19);
INSERT INTO ranking_por_hora(id_ranking,posicion,hora) VALUES (219,31,19);
INSERT INTO ranking_por_hora(id_ranking,posicion,hora) VALUES (215,32,19);
INSERT INTO ranking_por_hora(id_ranking,posicion,hora) VALUES (213,33,19);
INSERT INTO ranking_por_hora(id_ranking,posicion,hora) VALUES (211,34,19);
INSERT INTO ranking_por_hora(id_ranking,posicion,hora) VALUES (214,35,19);
INSERT INTO ranking_por_hora(id_ranking,posicion,hora) VALUES (222,36,19);
INSERT INTO ranking_por_hora(id_ranking,posicion,hora) VALUES (217,37,19);
INSERT INTO ranking_por_hora(id_ranking,posicion,hora) VALUES (220,38,19);
INSERT INTO ranking_por_hora(id_ranking,posicion,hora) VALUES (216,39,19);
INSERT INTO ranking_por_hora(id_ranking,posicion,hora) VALUES (221,40,19);
INSERT INTO ranking_por_hora(id_ranking,posicion,hora) VALUES (218,41,19);
INSERT INTO ranking_por_hora(id_ranking,posicion,hora) VALUES (229,42,19);
INSERT INTO ranking_por_hora(id_ranking,posicion,hora) VALUES (224,43,19);
INSERT INTO ranking_por_hora(id_ranking,posicion,hora) VALUES (223,44,19);
INSERT INTO ranking_por_hora(id_ranking,posicion,hora) VALUES (226,45,19);
INSERT INTO ranking_por_hora(id_ranking,posicion,hora) VALUES (225,46,19);
INSERT INTO ranking_por_hora(id_ranking,posicion,hora) VALUES (231,47,19);
INSERT INTO ranking_por_hora(id_ranking,posicion,hora) VALUES (230,48,19);
INSERT INTO ranking_por_hora(id_ranking,posicion,hora) VALUES (184,1,20);
INSERT INTO ranking_por_hora(id_ranking,posicion,hora) VALUES (187,2,20);
INSERT INTO ranking_por_hora(id_ranking,posicion,hora) VALUES (185,3,20);
INSERT INTO ranking_por_hora(id_ranking,posicion,hora) VALUES (186,4,20);
INSERT INTO ranking_por_hora(id_ranking,posicion,hora) VALUES (188,5,20);
INSERT INTO ranking_por_hora(id_ranking,posicion,hora) VALUES (189,6,20);
INSERT INTO ranking_por_hora(id_ranking,posicion,hora) VALUES (192,7,20);
INSERT INTO ranking_por_hora(id_ranking,posicion,hora) VALUES (190,8,20);
INSERT INTO ranking_por_hora(id_ranking,posicion,hora) VALUES (227,9,20);
INSERT INTO ranking_por_hora(id_ranking,posicion,hora) VALUES (191,10,20);
INSERT INTO ranking_por_hora(id_ranking,posicion,hora) VALUES (193,11,20);
INSERT INTO ranking_por_hora(id_ranking,posicion,hora) VALUES (195,12,20);
INSERT INTO ranking_por_hora(id_ranking,posicion,hora) VALUES (196,13,20);
INSERT INTO ranking_por_hora(id_ranking,posicion,hora) VALUES (194,14,20);
INSERT INTO ranking_por_hora(id_ranking,posicion,hora) VALUES (197,15,20);
INSERT INTO ranking_por_hora(id_ranking,posicion,hora) VALUES (198,16,20);
INSERT INTO ranking_por_hora(id_ranking,posicion,hora) VALUES (199,17,20);
INSERT INTO ranking_por_hora(id_ranking,posicion,hora) VALUES (200,18,20);
INSERT INTO ranking_por_hora(id_ranking,posicion,hora) VALUES (201,19,20);
INSERT INTO ranking_por_hora(id_ranking,posicion,hora) VALUES (203,20,20);
INSERT INTO ranking_por_hora(id_ranking,posicion,hora) VALUES (204,21,20);
INSERT INTO ranking_por_hora(id_ranking,posicion,hora) VALUES (202,22,20);
INSERT INTO ranking_por_hora(id_ranking,posicion,hora) VALUES (205,23,20);
INSERT INTO ranking_por_hora(id_ranking,posicion,hora) VALUES (228,24,20);
INSERT INTO ranking_por_hora(id_ranking,posicion,hora) VALUES (207,25,20);
INSERT INTO ranking_por_hora(id_ranking,posicion,hora) VALUES (206,26,20);
INSERT INTO ranking_por_hora(id_ranking,posicion,hora) VALUES (209,27,20);
INSERT INTO ranking_por_hora(id_ranking,posicion,hora) VALUES (208,28,20);
INSERT INTO ranking_por_hora(id_ranking,posicion,hora) VALUES (210,29,20);
INSERT INTO ranking_por_hora(id_ranking,posicion,hora) VALUES (212,30,20);
INSERT INTO ranking_por_hora(id_ranking,posicion,hora) VALUES (211,31,20);
INSERT INTO ranking_por_hora(id_ranking,posicion,hora) VALUES (219,32,20);
INSERT INTO ranking_por_hora(id_ranking,posicion,hora) VALUES (213,33,20);
INSERT INTO ranking_por_hora(id_ranking,posicion,hora) VALUES (215,34,20);
INSERT INTO ranking_por_hora(id_ranking,posicion,hora) VALUES (214,35,20);
INSERT INTO ranking_por_hora(id_ranking,posicion,hora) VALUES (217,36,20);
INSERT INTO ranking_por_hora(id_ranking,posicion,hora) VALUES (216,37,20);
INSERT INTO ranking_por_hora(id_ranking,posicion,hora) VALUES (222,38,20);
INSERT INTO ranking_por_hora(id_ranking,posicion,hora) VALUES (220,39,20);
INSERT INTO ranking_por_hora(id_ranking,posicion,hora) VALUES (221,40,20);
INSERT INTO ranking_por_hora(id_ranking,posicion,hora) VALUES (218,41,20);
INSERT INTO ranking_por_hora(id_ranking,posicion,hora) VALUES (229,42,20);
INSERT INTO ranking_por_hora(id_ranking,posicion,hora) VALUES (224,43,20);
INSERT INTO ranking_por_hora(id_ranking,posicion,hora) VALUES (223,44,20);
INSERT INTO ranking_por_hora(id_ranking,posicion,hora) VALUES (225,45,20);
INSERT INTO ranking_por_hora(id_ranking,posicion,hora) VALUES (226,46,20);
INSERT INTO ranking_por_hora(id_ranking,posicion,hora) VALUES (231,47,20);
INSERT INTO ranking_por_hora(id_ranking,posicion,hora) VALUES (230,48,20);
INSERT INTO ranking_por_hora(id_ranking,posicion,hora) VALUES (184,1,21);
INSERT INTO ranking_por_hora(id_ranking,posicion,hora) VALUES (187,2,21);
INSERT INTO ranking_por_hora(id_ranking,posicion,hora) VALUES (185,3,21);
INSERT INTO ranking_por_hora(id_ranking,posicion,hora) VALUES (186,4,21);
INSERT INTO ranking_por_hora(id_ranking,posicion,hora) VALUES (188,5,21);
INSERT INTO ranking_por_hora(id_ranking,posicion,hora) VALUES (189,6,21);
INSERT INTO ranking_por_hora(id_ranking,posicion,hora) VALUES (192,7,21);
INSERT INTO ranking_por_hora(id_ranking,posicion,hora) VALUES (190,8,21);
INSERT INTO ranking_por_hora(id_ranking,posicion,hora) VALUES (191,9,21);
INSERT INTO ranking_por_hora(id_ranking,posicion,hora) VALUES (227,10,21);
INSERT INTO ranking_por_hora(id_ranking,posicion,hora) VALUES (195,11,21);
INSERT INTO ranking_por_hora(id_ranking,posicion,hora) VALUES (193,12,21);
INSERT INTO ranking_por_hora(id_ranking,posicion,hora) VALUES (196,13,21);
INSERT INTO ranking_por_hora(id_ranking,posicion,hora) VALUES (194,14,21);
INSERT INTO ranking_por_hora(id_ranking,posicion,hora) VALUES (197,15,21);
INSERT INTO ranking_por_hora(id_ranking,posicion,hora) VALUES (198,16,21);
INSERT INTO ranking_por_hora(id_ranking,posicion,hora) VALUES (199,17,21);
INSERT INTO ranking_por_hora(id_ranking,posicion,hora) VALUES (200,18,21);
INSERT INTO ranking_por_hora(id_ranking,posicion,hora) VALUES (201,19,21);
INSERT INTO ranking_por_hora(id_ranking,posicion,hora) VALUES (202,20,21);
INSERT INTO ranking_por_hora(id_ranking,posicion,hora) VALUES (203,21,21);
INSERT INTO ranking_por_hora(id_ranking,posicion,hora) VALUES (204,22,21);
INSERT INTO ranking_por_hora(id_ranking,posicion,hora) VALUES (205,23,21);
INSERT INTO ranking_por_hora(id_ranking,posicion,hora) VALUES (228,24,21);
INSERT INTO ranking_por_hora(id_ranking,posicion,hora) VALUES (207,25,21);
INSERT INTO ranking_por_hora(id_ranking,posicion,hora) VALUES (206,26,21);
INSERT INTO ranking_por_hora(id_ranking,posicion,hora) VALUES (208,27,21);
INSERT INTO ranking_por_hora(id_ranking,posicion,hora) VALUES (210,28,21);
INSERT INTO ranking_por_hora(id_ranking,posicion,hora) VALUES (209,29,21);
INSERT INTO ranking_por_hora(id_ranking,posicion,hora) VALUES (211,30,21);
INSERT INTO ranking_por_hora(id_ranking,posicion,hora) VALUES (219,31,21);
INSERT INTO ranking_por_hora(id_ranking,posicion,hora) VALUES (212,32,21);
INSERT INTO ranking_por_hora(id_ranking,posicion,hora) VALUES (213,33,21);
INSERT INTO ranking_por_hora(id_ranking,posicion,hora) VALUES (214,34,21);
INSERT INTO ranking_por_hora(id_ranking,posicion,hora) VALUES (215,35,21);
INSERT INTO ranking_por_hora(id_ranking,posicion,hora) VALUES (217,36,21);
INSERT INTO ranking_por_hora(id_ranking,posicion,hora) VALUES (222,37,21);
INSERT INTO ranking_por_hora(id_ranking,posicion,hora) VALUES (216,38,21);
INSERT INTO ranking_por_hora(id_ranking,posicion,hora) VALUES (220,39,21);
INSERT INTO ranking_por_hora(id_ranking,posicion,hora) VALUES (218,40,21);
INSERT INTO ranking_por_hora(id_ranking,posicion,hora) VALUES (221,41,21);
INSERT INTO ranking_por_hora(id_ranking,posicion,hora) VALUES (224,42,21);
INSERT INTO ranking_por_hora(id_ranking,posicion,hora) VALUES (223,43,21);
INSERT INTO ranking_por_hora(id_ranking,posicion,hora) VALUES (225,44,21);
INSERT INTO ranking_por_hora(id_ranking,posicion,hora) VALUES (226,45,21);
INSERT INTO ranking_por_hora(id_ranking,posicion,hora) VALUES (229,46,21);
INSERT INTO ranking_por_hora(id_ranking,posicion,hora) VALUES (231,47,21);
INSERT INTO ranking_por_hora(id_ranking,posicion,hora) VALUES (230,48,21);
INSERT INTO ranking_por_hora(id_ranking,posicion,hora) VALUES (184,1,22);
INSERT INTO ranking_por_hora(id_ranking,posicion,hora) VALUES (185,2,22);
INSERT INTO ranking_por_hora(id_ranking,posicion,hora) VALUES (187,3,22);
INSERT INTO ranking_por_hora(id_ranking,posicion,hora) VALUES (186,4,22);
INSERT INTO ranking_por_hora(id_ranking,posicion,hora) VALUES (188,5,22);
INSERT INTO ranking_por_hora(id_ranking,posicion,hora) VALUES (189,6,22);
INSERT INTO ranking_por_hora(id_ranking,posicion,hora) VALUES (192,7,22);
INSERT INTO ranking_por_hora(id_ranking,posicion,hora) VALUES (190,8,22);
INSERT INTO ranking_por_hora(id_ranking,posicion,hora) VALUES (227,9,22);
INSERT INTO ranking_por_hora(id_ranking,posicion,hora) VALUES (191,10,22);
INSERT INTO ranking_por_hora(id_ranking,posicion,hora) VALUES (193,11,22);
INSERT INTO ranking_por_hora(id_ranking,posicion,hora) VALUES (195,12,22);
INSERT INTO ranking_por_hora(id_ranking,posicion,hora) VALUES (194,13,22);
INSERT INTO ranking_por_hora(id_ranking,posicion,hora) VALUES (196,14,22);
INSERT INTO ranking_por_hora(id_ranking,posicion,hora) VALUES (197,15,22);
INSERT INTO ranking_por_hora(id_ranking,posicion,hora) VALUES (198,16,22);
INSERT INTO ranking_por_hora(id_ranking,posicion,hora) VALUES (199,17,22);
INSERT INTO ranking_por_hora(id_ranking,posicion,hora) VALUES (200,18,22);
INSERT INTO ranking_por_hora(id_ranking,posicion,hora) VALUES (201,19,22);
INSERT INTO ranking_por_hora(id_ranking,posicion,hora) VALUES (202,20,22);
INSERT INTO ranking_por_hora(id_ranking,posicion,hora) VALUES (203,21,22);
INSERT INTO ranking_por_hora(id_ranking,posicion,hora) VALUES (204,22,22);
INSERT INTO ranking_por_hora(id_ranking,posicion,hora) VALUES (205,23,22);
INSERT INTO ranking_por_hora(id_ranking,posicion,hora) VALUES (228,24,22);
INSERT INTO ranking_por_hora(id_ranking,posicion,hora) VALUES (207,25,22);
INSERT INTO ranking_por_hora(id_ranking,posicion,hora) VALUES (206,26,22);
INSERT INTO ranking_por_hora(id_ranking,posicion,hora) VALUES (210,27,22);
INSERT INTO ranking_por_hora(id_ranking,posicion,hora) VALUES (211,28,22);
INSERT INTO ranking_por_hora(id_ranking,posicion,hora) VALUES (209,29,22);
INSERT INTO ranking_por_hora(id_ranking,posicion,hora) VALUES (208,30,22);
INSERT INTO ranking_por_hora(id_ranking,posicion,hora) VALUES (212,31,22);
INSERT INTO ranking_por_hora(id_ranking,posicion,hora) VALUES (213,32,22);
INSERT INTO ranking_por_hora(id_ranking,posicion,hora) VALUES (214,33,22);
INSERT INTO ranking_por_hora(id_ranking,posicion,hora) VALUES (219,34,22);
INSERT INTO ranking_por_hora(id_ranking,posicion,hora) VALUES (215,35,22);
INSERT INTO ranking_por_hora(id_ranking,posicion,hora) VALUES (217,36,22);
INSERT INTO ranking_por_hora(id_ranking,posicion,hora) VALUES (216,37,22);
INSERT INTO ranking_por_hora(id_ranking,posicion,hora) VALUES (220,38,22);
INSERT INTO ranking_por_hora(id_ranking,posicion,hora) VALUES (218,39,22);
INSERT INTO ranking_por_hora(id_ranking,posicion,hora) VALUES (221,40,22);
INSERT INTO ranking_por_hora(id_ranking,posicion,hora) VALUES (222,41,22);
INSERT INTO ranking_por_hora(id_ranking,posicion,hora) VALUES (224,42,22);
INSERT INTO ranking_por_hora(id_ranking,posicion,hora) VALUES (223,43,22);
INSERT INTO ranking_por_hora(id_ranking,posicion,hora) VALUES (225,44,22);
INSERT INTO ranking_por_hora(id_ranking,posicion,hora) VALUES (226,45,22);
INSERT INTO ranking_por_hora(id_ranking,posicion,hora) VALUES (229,46,22);
INSERT INTO ranking_por_hora(id_ranking,posicion,hora) VALUES (230,47,22);
INSERT INTO ranking_por_hora(id_ranking,posicion,hora) VALUES (231,48,22);
INSERT INTO ranking_por_hora(id_ranking,posicion,hora) VALUES (184,1,23);
INSERT INTO ranking_por_hora(id_ranking,posicion,hora) VALUES (185,2,23);
INSERT INTO ranking_por_hora(id_ranking,posicion,hora) VALUES (186,3,23);
INSERT INTO ranking_por_hora(id_ranking,posicion,hora) VALUES (187,4,23);
INSERT INTO ranking_por_hora(id_ranking,posicion,hora) VALUES (188,5,23);
INSERT INTO ranking_por_hora(id_ranking,posicion,hora) VALUES (189,6,23);
INSERT INTO ranking_por_hora(id_ranking,posicion,hora) VALUES (192,7,23);
INSERT INTO ranking_por_hora(id_ranking,posicion,hora) VALUES (190,8,23);
INSERT INTO ranking_por_hora(id_ranking,posicion,hora) VALUES (227,9,23);
INSERT INTO ranking_por_hora(id_ranking,posicion,hora) VALUES (191,10,23);
INSERT INTO ranking_por_hora(id_ranking,posicion,hora) VALUES (193,11,23);
INSERT INTO ranking_por_hora(id_ranking,posicion,hora) VALUES (195,12,23);
INSERT INTO ranking_por_hora(id_ranking,posicion,hora) VALUES (194,13,23);
INSERT INTO ranking_por_hora(id_ranking,posicion,hora) VALUES (196,14,23);
INSERT INTO ranking_por_hora(id_ranking,posicion,hora) VALUES (197,15,23);
INSERT INTO ranking_por_hora(id_ranking,posicion,hora) VALUES (198,16,23);
INSERT INTO ranking_por_hora(id_ranking,posicion,hora) VALUES (199,17,23);
INSERT INTO ranking_por_hora(id_ranking,posicion,hora) VALUES (200,18,23);
INSERT INTO ranking_por_hora(id_ranking,posicion,hora) VALUES (201,19,23);
INSERT INTO ranking_por_hora(id_ranking,posicion,hora) VALUES (202,20,23);
INSERT INTO ranking_por_hora(id_ranking,posicion,hora) VALUES (203,21,23);
INSERT INTO ranking_por_hora(id_ranking,posicion,hora) VALUES (204,22,23);
INSERT INTO ranking_por_hora(id_ranking,posicion,hora) VALUES (205,23,23);
INSERT INTO ranking_por_hora(id_ranking,posicion,hora) VALUES (228,24,23);
INSERT INTO ranking_por_hora(id_ranking,posicion,hora) VALUES (206,25,23);
INSERT INTO ranking_por_hora(id_ranking,posicion,hora) VALUES (207,26,23);
INSERT INTO ranking_por_hora(id_ranking,posicion,hora) VALUES (210,27,23);
INSERT INTO ranking_por_hora(id_ranking,posicion,hora) VALUES (211,28,23);
INSERT INTO ranking_por_hora(id_ranking,posicion,hora) VALUES (208,29,23);
INSERT INTO ranking_por_hora(id_ranking,posicion,hora) VALUES (209,30,23);
INSERT INTO ranking_por_hora(id_ranking,posicion,hora) VALUES (212,31,23);
INSERT INTO ranking_por_hora(id_ranking,posicion,hora) VALUES (214,32,23);
INSERT INTO ranking_por_hora(id_ranking,posicion,hora) VALUES (213,33,23);
INSERT INTO ranking_por_hora(id_ranking,posicion,hora) VALUES (219,34,23);
INSERT INTO ranking_por_hora(id_ranking,posicion,hora) VALUES (215,35,23);
INSERT INTO ranking_por_hora(id_ranking,posicion,hora) VALUES (216,36,23);
INSERT INTO ranking_por_hora(id_ranking,posicion,hora) VALUES (217,37,23);
INSERT INTO ranking_por_hora(id_ranking,posicion,hora) VALUES (218,38,23);
INSERT INTO ranking_por_hora(id_ranking,posicion,hora) VALUES (220,39,23);
INSERT INTO ranking_por_hora(id_ranking,posicion,hora) VALUES (221,40,23);
INSERT INTO ranking_por_hora(id_ranking,posicion,hora) VALUES (222,41,23);
INSERT INTO ranking_por_hora(id_ranking,posicion,hora) VALUES (224,42,23);
INSERT INTO ranking_por_hora(id_ranking,posicion,hora) VALUES (223,43,23);
INSERT INTO ranking_por_hora(id_ranking,posicion,hora) VALUES (225,44,23);
INSERT INTO ranking_por_hora(id_ranking,posicion,hora) VALUES (226,45,23);
INSERT INTO ranking_por_hora(id_ranking,posicion,hora) VALUES (229,46,23);
INSERT INTO ranking_por_hora(id_ranking,posicion,hora) VALUES (230,47,23);
INSERT INTO ranking_por_hora(id_ranking,posicion,hora) VALUES (231,48,23);
INSERT INTO ranking_por_hora(id_ranking,posicion,hora) VALUES (184,1,24);
INSERT INTO ranking_por_hora(id_ranking,posicion,hora) VALUES (185,2,24);
INSERT INTO ranking_por_hora(id_ranking,posicion,hora) VALUES (186,3,24);
INSERT INTO ranking_por_hora(id_ranking,posicion,hora) VALUES (187,4,24);
INSERT INTO ranking_por_hora(id_ranking,posicion,hora) VALUES (188,5,24);
INSERT INTO ranking_por_hora(id_ranking,posicion,hora) VALUES (189,6,24);
INSERT INTO ranking_por_hora(id_ranking,posicion,hora) VALUES (190,7,24);
INSERT INTO ranking_por_hora(id_ranking,posicion,hora) VALUES (191,8,24);
INSERT INTO ranking_por_hora(id_ranking,posicion,hora) VALUES (192,9,24);
INSERT INTO ranking_por_hora(id_ranking,posicion,hora) VALUES (193,10,24);
INSERT INTO ranking_por_hora(id_ranking,posicion,hora) VALUES (195,11,24);
INSERT INTO ranking_por_hora(id_ranking,posicion,hora) VALUES (194,12,24);
INSERT INTO ranking_por_hora(id_ranking,posicion,hora) VALUES (196,13,24);
INSERT INTO ranking_por_hora(id_ranking,posicion,hora) VALUES (197,14,24);
INSERT INTO ranking_por_hora(id_ranking,posicion,hora) VALUES (198,15,24);
INSERT INTO ranking_por_hora(id_ranking,posicion,hora) VALUES (199,16,24);
INSERT INTO ranking_por_hora(id_ranking,posicion,hora) VALUES (200,17,24);
INSERT INTO ranking_por_hora(id_ranking,posicion,hora) VALUES (201,18,24);
INSERT INTO ranking_por_hora(id_ranking,posicion,hora) VALUES (202,19,24);
INSERT INTO ranking_por_hora(id_ranking,posicion,hora) VALUES (203,20,24);
INSERT INTO ranking_por_hora(id_ranking,posicion,hora) VALUES (204,21,24);
INSERT INTO ranking_por_hora(id_ranking,posicion,hora) VALUES (205,22,24);
INSERT INTO ranking_por_hora(id_ranking,posicion,hora) VALUES (206,23,24);
INSERT INTO ranking_por_hora(id_ranking,posicion,hora) VALUES (207,24,24);
INSERT INTO ranking_por_hora(id_ranking,posicion,hora) VALUES (208,25,24);
INSERT INTO ranking_por_hora(id_ranking,posicion,hora) VALUES (209,26,24);
INSERT INTO ranking_por_hora(id_ranking,posicion,hora) VALUES (210,27,24);
INSERT INTO ranking_por_hora(id_ranking,posicion,hora) VALUES (211,28,24);
INSERT INTO ranking_por_hora(id_ranking,posicion,hora) VALUES (212,29,24);
INSERT INTO ranking_por_hora(id_ranking,posicion,hora) VALUES (213,30,24);
INSERT INTO ranking_por_hora(id_ranking,posicion,hora) VALUES (214,31,24);
INSERT INTO ranking_por_hora(id_ranking,posicion,hora) VALUES (215,32,24);
INSERT INTO ranking_por_hora(id_ranking,posicion,hora) VALUES (216,33,24);
INSERT INTO ranking_por_hora(id_ranking,posicion,hora) VALUES (217,34,24);
INSERT INTO ranking_por_hora(id_ranking,posicion,hora) VALUES (218,35,24);
INSERT INTO ranking_por_hora(id_ranking,posicion,hora) VALUES (219,36,24);
INSERT INTO ranking_por_hora(id_ranking,posicion,hora) VALUES (220,37,24);
INSERT INTO ranking_por_hora(id_ranking,posicion,hora) VALUES (221,38,24);
INSERT INTO ranking_por_hora(id_ranking,posicion,hora) VALUES (222,39,24);
INSERT INTO ranking_por_hora(id_ranking,posicion,hora) VALUES (223,40,24);
INSERT INTO ranking_por_hora(id_ranking,posicion,hora) VALUES (224,41,24);
INSERT INTO ranking_por_hora(id_ranking,posicion,hora) VALUES (225,42,24);
INSERT INTO ranking_por_hora(id_ranking,posicion,hora) VALUES (226,43,24);
INSERT INTO ranking_por_hora(id_ranking,posicion,hora) VALUES (227,44,24);
INSERT INTO ranking_por_hora(id_ranking,posicion,hora) VALUES (228,45,24);
INSERT INTO ranking_por_hora(id_ranking,posicion,hora) VALUES (229,46,24);
INSERT INTO ranking_por_hora(id_ranking,posicion,hora) VALUES (230,47,24);
INSERT INTO ranking_por_hora(id_ranking,posicion,hora) VALUES (231,48,24);

--Contratos
INSERT INTO contrato(id,id_equipo,id_piloto) VALUES (1,1,104);
INSERT INTO contrato(id,id_equipo,id_piloto) VALUES (2,1,103);
INSERT INTO contrato(id,id_equipo,id_piloto) VALUES (3,1,211);
INSERT INTO contrato(id,id_equipo,id_piloto) VALUES (4,2,112);
INSERT INTO contrato(id,id_equipo,id_piloto) VALUES (5,2,113);
INSERT INTO contrato(id,id_equipo,id_piloto) VALUES (6,2,184);
INSERT INTO contrato(id,id_equipo,id_piloto) VALUES (7,3,166);
INSERT INTO contrato(id,id_equipo,id_piloto) VALUES (8,3,148);
INSERT INTO contrato(id,id_equipo,id_piloto) VALUES (9,3,237);
INSERT INTO contrato(id,id_equipo,id_piloto) VALUES (10,4,24);
INSERT INTO contrato(id,id_equipo,id_piloto) VALUES (11,4,114);
INSERT INTO contrato(id,id_equipo,id_piloto) VALUES (12,4,39);
INSERT INTO contrato(id,id_equipo,id_piloto) VALUES (13,5,185);
INSERT INTO contrato(id,id_equipo,id_piloto) VALUES (14,65,185);
INSERT INTO contrato(id,id_equipo,id_piloto) VALUES (15,49,149);
INSERT INTO contrato(id,id_equipo,id_piloto) VALUES (16,5,149);
INSERT INTO contrato(id,id_equipo,id_piloto) VALUES (17,5,167);
INSERT INTO contrato(id,id_equipo,id_piloto) VALUES (18,6,9);
INSERT INTO contrato(id,id_equipo,id_piloto) VALUES (19,67,9);
INSERT INTO contrato(id,id_equipo,id_piloto) VALUES (20,6,186);
INSERT INTO contrato(id,id_equipo,id_piloto) VALUES (21,65,186);
INSERT INTO contrato(id,id_equipo,id_piloto) VALUES (22,6,93);
INSERT INTO contrato(id,id_equipo,id_piloto) VALUES (23,7,115);
INSERT INTO contrato(id,id_equipo,id_piloto) VALUES (24,96,115);
INSERT INTO contrato(id,id_equipo,id_piloto) VALUES (25,7,168);
INSERT INTO contrato(id,id_equipo,id_piloto) VALUES (26,7,212);
INSERT INTO contrato(id,id_equipo,id_piloto) VALUES (27,96,212);
INSERT INTO contrato(id,id_equipo,id_piloto) VALUES (28,8,116);
INSERT INTO contrato(id,id_equipo,id_piloto) VALUES (29,74,116);
INSERT INTO contrato(id,id_equipo,id_piloto) VALUES (30,8,187);
INSERT INTO contrato(id,id_equipo,id_piloto) VALUES (31,64,187);
INSERT INTO contrato(id,id_equipo,id_piloto) VALUES (32,8,10);
INSERT INTO contrato(id,id_equipo,id_piloto) VALUES (33,9,188);
INSERT INTO contrato(id,id_equipo,id_piloto) VALUES (34,9,136);
INSERT INTO contrato(id,id_equipo,id_piloto) VALUES (35,9,213);
INSERT INTO contrato(id,id_equipo,id_piloto) VALUES (36,10,189);
INSERT INTO contrato(id,id_equipo,id_piloto) VALUES (37,66,189);
INSERT INTO contrato(id,id_equipo,id_piloto) VALUES (38,10,137);
INSERT INTO contrato(id,id_equipo,id_piloto) VALUES (39,66,137);
INSERT INTO contrato(id,id_equipo,id_piloto) VALUES (40,10,169);
INSERT INTO contrato(id,id_equipo,id_piloto) VALUES (41,88,169);
INSERT INTO contrato(id,id_equipo,id_piloto) VALUES (42,11,105);
INSERT INTO contrato(id,id_equipo,id_piloto) VALUES (43,11,238);
INSERT INTO contrato(id,id_equipo,id_piloto) VALUES (44,19,238);
INSERT INTO contrato(id,id_equipo,id_piloto) VALUES (45,11,190);
INSERT INTO contrato(id,id_equipo,id_piloto) VALUES (46,12,239);
INSERT INTO contrato(id,id_equipo,id_piloto) VALUES (47,64,239);
INSERT INTO contrato(id,id_equipo,id_piloto) VALUES (48,12,26);
INSERT INTO contrato(id,id_equipo,id_piloto) VALUES (49,65,26);
INSERT INTO contrato(id,id_equipo,id_piloto) VALUES (50,12,30);
INSERT INTO contrato(id,id_equipo,id_piloto) VALUES (51,5,30);
INSERT INTO contrato(id,id_equipo,id_piloto) VALUES (52,13,240);
INSERT INTO contrato(id,id_equipo,id_piloto) VALUES (53,45,240);
INSERT INTO contrato(id,id_equipo,id_piloto) VALUES (54,13,60);
INSERT INTO contrato(id,id_equipo,id_piloto) VALUES (55,64,60);
INSERT INTO contrato(id,id_equipo,id_piloto) VALUES (56,13,170);
INSERT INTO contrato(id,id_equipo,id_piloto) VALUES (57,96,170);
INSERT INTO contrato(id,id_equipo,id_piloto) VALUES (58,14,61);
INSERT INTO contrato(id,id_equipo,id_piloto) VALUES (59,91,61);
INSERT INTO contrato(id,id_equipo,id_piloto) VALUES (60,14,138);
INSERT INTO contrato(id,id_equipo,id_piloto) VALUES (61,84,138);
INSERT INTO contrato(id,id_equipo,id_piloto) VALUES (62,14,62);
INSERT INTO contrato(id,id_equipo,id_piloto) VALUES (63,91,62);
INSERT INTO contrato(id,id_equipo,id_piloto) VALUES (64,15,63);
INSERT INTO contrato(id,id_equipo,id_piloto) VALUES (65,15,171);
INSERT INTO contrato(id,id_equipo,id_piloto) VALUES (66,15,241);
INSERT INTO contrato(id,id_equipo,id_piloto) VALUES (67,16,242);
INSERT INTO contrato(id,id_equipo,id_piloto) VALUES (68,16,243);
INSERT INTO contrato(id,id_equipo,id_piloto) VALUES (69,16,106);
INSERT INTO contrato(id,id_equipo,id_piloto) VALUES (70,17,214);
INSERT INTO contrato(id,id_equipo,id_piloto) VALUES (71,17,215);
INSERT INTO contrato(id,id_equipo,id_piloto) VALUES (72,17,216);
INSERT INTO contrato(id,id_equipo,id_piloto) VALUES (73,18,191);
INSERT INTO contrato(id,id_equipo,id_piloto) VALUES (74,69,191);
INSERT INTO contrato(id,id_equipo,id_piloto) VALUES (75,18,192);
INSERT INTO contrato(id,id_equipo,id_piloto) VALUES (76,69,192);
INSERT INTO contrato(id,id_equipo,id_piloto) VALUES (77,18,41);
INSERT INTO contrato(id,id_equipo,id_piloto) VALUES (78,69,41);
INSERT INTO contrato(id,id_equipo,id_piloto) VALUES (79,19,244);
INSERT INTO contrato(id,id_equipo,id_piloto) VALUES (80,90,244);
INSERT INTO contrato(id,id_equipo,id_piloto) VALUES (81,19,107);
INSERT INTO contrato(id,id_equipo,id_piloto) VALUES (82,19,193);
INSERT INTO contrato(id,id_equipo,id_piloto) VALUES (83,20,172);
INSERT INTO contrato(id,id_equipo,id_piloto) VALUES (84,20,150);
INSERT INTO contrato(id,id_equipo,id_piloto) VALUES (85,20,194);
INSERT INTO contrato(id,id_equipo,id_piloto) VALUES (86,21,64);
INSERT INTO contrato(id,id_equipo,id_piloto) VALUES (87,21,65);
INSERT INTO contrato(id,id_equipo,id_piloto) VALUES (88,21,94);
INSERT INTO contrato(id,id_equipo,id_piloto) VALUES (89,22,66);
INSERT INTO contrato(id,id_equipo,id_piloto) VALUES (90,70,66);
INSERT INTO contrato(id,id_equipo,id_piloto) VALUES (91,22,151);
INSERT INTO contrato(id,id_equipo,id_piloto) VALUES (92,22,95);
INSERT INTO contrato(id,id_equipo,id_piloto) VALUES (93,90,95);
INSERT INTO contrato(id,id_equipo,id_piloto) VALUES (94,23,67);
INSERT INTO contrato(id,id_equipo,id_piloto) VALUES (95,23,135);
INSERT INTO contrato(id,id_equipo,id_piloto) VALUES (96,44,135);
INSERT INTO contrato(id,id_equipo,id_piloto) VALUES (97,23,117);
INSERT INTO contrato(id,id_equipo,id_piloto) VALUES (98,24,118);
INSERT INTO contrato(id,id_equipo,id_piloto) VALUES (99,24,68);
INSERT INTO contrato(id,id_equipo,id_piloto) VALUES (100,55,68);
INSERT INTO contrato(id,id_equipo,id_piloto) VALUES (101,24,173);
INSERT INTO contrato(id,id_equipo,id_piloto) VALUES (102,25,21);
INSERT INTO contrato(id,id_equipo,id_piloto) VALUES (103,25,69);
INSERT INTO contrato(id,id_equipo,id_piloto) VALUES (104,73,69);
INSERT INTO contrato(id,id_equipo,id_piloto) VALUES (105,25,174);
INSERT INTO contrato(id,id_equipo,id_piloto) VALUES (106,26,195);
INSERT INTO contrato(id,id_equipo,id_piloto) VALUES (107,26,175);
INSERT INTO contrato(id,id_equipo,id_piloto) VALUES (108,26,245);
INSERT INTO contrato(id,id_equipo,id_piloto) VALUES (109,27,217);
INSERT INTO contrato(id,id_equipo,id_piloto) VALUES (110,27,246);
INSERT INTO contrato(id,id_equipo,id_piloto) VALUES (111,27,247);
INSERT INTO contrato(id,id_equipo,id_piloto) VALUES (112,28,70);
INSERT INTO contrato(id,id_equipo,id_piloto) VALUES (113,32,70);
INSERT INTO contrato(id,id_equipo,id_piloto) VALUES (114,28,71);
INSERT INTO contrato(id,id_equipo,id_piloto) VALUES (115,28,31);
INSERT INTO contrato(id,id_equipo,id_piloto) VALUES (116,29,152);
INSERT INTO contrato(id,id_equipo,id_piloto) VALUES (117,29,153);
INSERT INTO contrato(id,id_equipo,id_piloto) VALUES (118,29,154);
INSERT INTO contrato(id,id_equipo,id_piloto) VALUES (119,30,72);
INSERT INTO contrato(id,id_equipo,id_piloto) VALUES (120,56,72);
INSERT INTO contrato(id,id_equipo,id_piloto) VALUES (121,30,218);
INSERT INTO contrato(id,id_equipo,id_piloto) VALUES (122,63,218);
INSERT INTO contrato(id,id_equipo,id_piloto) VALUES (123,30,248);
INSERT INTO contrato(id,id_equipo,id_piloto) VALUES (124,31,73);
INSERT INTO contrato(id,id_equipo,id_piloto) VALUES (125,31,219);
INSERT INTO contrato(id,id_equipo,id_piloto) VALUES (126,31,220);
INSERT INTO contrato(id,id_equipo,id_piloto) VALUES (127,32,155);
INSERT INTO contrato(id,id_equipo,id_piloto) VALUES (128,89,155);
INSERT INTO contrato(id,id_equipo,id_piloto) VALUES (129,32,249);
INSERT INTO contrato(id,id_equipo,id_piloto) VALUES (130,32,250);
INSERT INTO contrato(id,id_equipo,id_piloto) VALUES (131,33,119);
INSERT INTO contrato(id,id_equipo,id_piloto) VALUES (132,89,119);
INSERT INTO contrato(id,id_equipo,id_piloto) VALUES (133,33,74);
INSERT INTO contrato(id,id_equipo,id_piloto) VALUES (134,89,74);
INSERT INTO contrato(id,id_equipo,id_piloto) VALUES (135,33,196);
INSERT INTO contrato(id,id_equipo,id_piloto) VALUES (136,34,221);
INSERT INTO contrato(id,id_equipo,id_piloto) VALUES (137,34,96);
INSERT INTO contrato(id,id_equipo,id_piloto) VALUES (138,34,222);
INSERT INTO contrato(id,id_equipo,id_piloto) VALUES (139,35,251);
INSERT INTO contrato(id,id_equipo,id_piloto) VALUES (140,41,251);
INSERT INTO contrato(id,id_equipo,id_piloto) VALUES (141,35,252);
INSERT INTO contrato(id,id_equipo,id_piloto) VALUES (142,41,252);
INSERT INTO contrato(id,id_equipo,id_piloto) VALUES (143,35,223);
INSERT INTO contrato(id,id_equipo,id_piloto) VALUES (144,77,223);
INSERT INTO contrato(id,id_equipo,id_piloto) VALUES (145,36,253);
INSERT INTO contrato(id,id_equipo,id_piloto) VALUES (146,36,254);
INSERT INTO contrato(id,id_equipo,id_piloto) VALUES (147,36,255);
INSERT INTO contrato(id,id_equipo,id_piloto) VALUES (148,41,255);
INSERT INTO contrato(id,id_equipo,id_piloto) VALUES (149,37,75);
INSERT INTO contrato(id,id_equipo,id_piloto) VALUES (150,37,108);
INSERT INTO contrato(id,id_equipo,id_piloto) VALUES (151,94,108);
INSERT INTO contrato(id,id_equipo,id_piloto) VALUES (152,37,156);
INSERT INTO contrato(id,id_equipo,id_piloto) VALUES (153,87,156);
INSERT INTO contrato(id,id_equipo,id_piloto) VALUES (154,38,97);
INSERT INTO contrato(id,id_equipo,id_piloto) VALUES (155,38,176);
INSERT INTO contrato(id,id_equipo,id_piloto) VALUES (156,38,256);
INSERT INTO contrato(id,id_equipo,id_piloto) VALUES (157,58,256);
INSERT INTO contrato(id,id_equipo,id_piloto) VALUES (158,39,257);
INSERT INTO contrato(id,id_equipo,id_piloto) VALUES (159,78,257);
INSERT INTO contrato(id,id_equipo,id_piloto) VALUES (160,39,258);
INSERT INTO contrato(id,id_equipo,id_piloto) VALUES (161,78,258);
INSERT INTO contrato(id,id_equipo,id_piloto) VALUES (162,39,76);
INSERT INTO contrato(id,id_equipo,id_piloto) VALUES (163,78,76);
INSERT INTO contrato(id,id_equipo,id_piloto) VALUES (164,40,157);
INSERT INTO contrato(id,id_equipo,id_piloto) VALUES (165,40,48);
INSERT INTO contrato(id,id_equipo,id_piloto) VALUES (166,90,48);
INSERT INTO contrato(id,id_equipo,id_piloto) VALUES (167,40,259);
INSERT INTO contrato(id,id_equipo,id_piloto) VALUES (168,73,259);
INSERT INTO contrato(id,id_equipo,id_piloto) VALUES (169,41,224);
INSERT INTO contrato(id,id_equipo,id_piloto) VALUES (170,41,77);
INSERT INTO contrato(id,id_equipo,id_piloto) VALUES (171,41,225);
INSERT INTO contrato(id,id_equipo,id_piloto) VALUES (172,42,197);
INSERT INTO contrato(id,id_equipo,id_piloto) VALUES (173,42,198);
INSERT INTO contrato(id,id_equipo,id_piloto) VALUES (174,42,226);
INSERT INTO contrato(id,id_equipo,id_piloto) VALUES (175,43,199);
INSERT INTO contrato(id,id_equipo,id_piloto) VALUES (176,80,199);
INSERT INTO contrato(id,id_equipo,id_piloto) VALUES (177,43,158);
INSERT INTO contrato(id,id_equipo,id_piloto) VALUES (178,80,158);
INSERT INTO contrato(id,id_equipo,id_piloto) VALUES (179,43,78);
INSERT INTO contrato(id,id_equipo,id_piloto) VALUES (180,80,78);
INSERT INTO contrato(id,id_equipo,id_piloto) VALUES (181,44,98);
INSERT INTO contrato(id,id_equipo,id_piloto) VALUES (182,44,200);
INSERT INTO contrato(id,id_equipo,id_piloto) VALUES (183,44,177);
INSERT INTO contrato(id,id_equipo,id_piloto) VALUES (184,42,177);
INSERT INTO contrato(id,id_equipo,id_piloto) VALUES (185,45,260);
INSERT INTO contrato(id,id_equipo,id_piloto) VALUES (186,45,140);
INSERT INTO contrato(id,id_equipo,id_piloto) VALUES (187,45,201);
INSERT INTO contrato(id,id_equipo,id_piloto) VALUES (188,46,261);
INSERT INTO contrato(id,id_equipo,id_piloto) VALUES (189,79,261);
INSERT INTO contrato(id,id_equipo,id_piloto) VALUES (190,46,262);
INSERT INTO contrato(id,id_equipo,id_piloto) VALUES (191,79,262);
INSERT INTO contrato(id,id_equipo,id_piloto) VALUES (192,46,263);
INSERT INTO contrato(id,id_equipo,id_piloto) VALUES (193,87,263);
INSERT INTO contrato(id,id_equipo,id_piloto) VALUES (194,47,227);
INSERT INTO contrato(id,id_equipo,id_piloto) VALUES (195,47,228);
INSERT INTO contrato(id,id_equipo,id_piloto) VALUES (196,47,178);
INSERT INTO contrato(id,id_equipo,id_piloto) VALUES (197,48,264);
INSERT INTO contrato(id,id_equipo,id_piloto) VALUES (198,48,265);
INSERT INTO contrato(id,id_equipo,id_piloto) VALUES (199,48,229);
INSERT INTO contrato(id,id_equipo,id_piloto) VALUES (200,4,229);
INSERT INTO contrato(id,id_equipo,id_piloto) VALUES (201,49,202);
INSERT INTO contrato(id,id_equipo,id_piloto) VALUES (202,63,202);
INSERT INTO contrato(id,id_equipo,id_piloto) VALUES (203,49,230);
INSERT INTO contrato(id,id_equipo,id_piloto) VALUES (204,49,79);
INSERT INTO contrato(id,id_equipo,id_piloto) VALUES (205,63,79);
INSERT INTO contrato(id,id_equipo,id_piloto) VALUES (206,50,109);
INSERT INTO contrato(id,id_equipo,id_piloto) VALUES (207,50,266);
INSERT INTO contrato(id,id_equipo,id_piloto) VALUES (208,50,120);
INSERT INTO contrato(id,id_equipo,id_piloto) VALUES (209,51,3);
INSERT INTO contrato(id,id_equipo,id_piloto) VALUES (210,51,231);
INSERT INTO contrato(id,id_equipo,id_piloto) VALUES (211,51,203);
INSERT INTO contrato(id,id_equipo,id_piloto) VALUES (212,52,232);
INSERT INTO contrato(id,id_equipo,id_piloto) VALUES (213,52,141);
INSERT INTO contrato(id,id_equipo,id_piloto) VALUES (214,52,110);
INSERT INTO contrato(id,id_equipo,id_piloto) VALUES (215,79,110);
INSERT INTO contrato(id,id_equipo,id_piloto) VALUES (216,53,81);
INSERT INTO contrato(id,id_equipo,id_piloto) VALUES (217,53,267);
INSERT INTO contrato(id,id_equipo,id_piloto) VALUES (218,53,268);
INSERT INTO contrato(id,id_equipo,id_piloto) VALUES (219,91,268);
INSERT INTO contrato(id,id_equipo,id_piloto) VALUES (220,54,142);
INSERT INTO contrato(id,id_equipo,id_piloto) VALUES (221,54,143);
INSERT INTO contrato(id,id_equipo,id_piloto) VALUES (222,54,204);
INSERT INTO contrato(id,id_equipo,id_piloto) VALUES (223,55,144);
INSERT INTO contrato(id,id_equipo,id_piloto) VALUES (224,55,159);
INSERT INTO contrato(id,id_equipo,id_piloto) VALUES (225,55,34);
INSERT INTO contrato(id,id_equipo,id_piloto) VALUES (226,56,121);
INSERT INTO contrato(id,id_equipo,id_piloto) VALUES (227,56,5);
INSERT INTO contrato(id,id_equipo,id_piloto) VALUES (228,56,160);
INSERT INTO contrato(id,id_equipo,id_piloto) VALUES (229,57,83);
INSERT INTO contrato(id,id_equipo,id_piloto) VALUES (230,57,99);
INSERT INTO contrato(id,id_equipo,id_piloto) VALUES (231,57,23);
INSERT INTO contrato(id,id_equipo,id_piloto) VALUES (232,58,269);
INSERT INTO contrato(id,id_equipo,id_piloto) VALUES (233,58,233);
INSERT INTO contrato(id,id_equipo,id_piloto) VALUES (234,58,205);
INSERT INTO contrato(id,id_equipo,id_piloto) VALUES (235,31,205);
INSERT INTO contrato(id,id_equipo,id_piloto) VALUES (236,59,206);
INSERT INTO contrato(id,id_equipo,id_piloto) VALUES (237,71,206);
INSERT INTO contrato(id,id_equipo,id_piloto) VALUES (238,59,207);
INSERT INTO contrato(id,id_equipo,id_piloto) VALUES (239,71,207);
INSERT INTO contrato(id,id_equipo,id_piloto) VALUES (240,59,234);
INSERT INTO contrato(id,id_equipo,id_piloto) VALUES (241,71,234);
INSERT INTO contrato(id,id_equipo,id_piloto) VALUES (242,60,100);
INSERT INTO contrato(id,id_equipo,id_piloto) VALUES (243,60,85);
INSERT INTO contrato(id,id_equipo,id_piloto) VALUES (244,60,6);
INSERT INTO contrato(id,id_equipo,id_piloto) VALUES (245,73,6);
INSERT INTO contrato(id,id_equipo,id_piloto) VALUES (246,61,161);
INSERT INTO contrato(id,id_equipo,id_piloto) VALUES (247,81,161);
INSERT INTO contrato(id,id_equipo,id_piloto) VALUES (248,61,86);
INSERT INTO contrato(id,id_equipo,id_piloto) VALUES (249,81,86);
INSERT INTO contrato(id,id_equipo,id_piloto) VALUES (250,61,270);
INSERT INTO contrato(id,id_equipo,id_piloto) VALUES (251,81,270);
INSERT INTO contrato(id,id_equipo,id_piloto) VALUES (252,62,87);
INSERT INTO contrato(id,id_equipo,id_piloto) VALUES (253,62,88);
INSERT INTO contrato(id,id_equipo,id_piloto) VALUES (254,62,89);
INSERT INTO contrato(id,id_equipo,id_piloto) VALUES (255,1,111);
INSERT INTO contrato(id,id_equipo,id_piloto) VALUES (256,4,167);
INSERT INTO contrato(id,id_equipo,id_piloto) VALUES (258,5,271);
INSERT INTO contrato(id,id_equipo,id_piloto) VALUES (259,11,179);
INSERT INTO contrato(id,id_equipo,id_piloto) VALUES (260,66,145);
INSERT INTO contrato(id,id_equipo,id_piloto) VALUES (261,15,162);
INSERT INTO contrato(id,id_equipo,id_piloto) VALUES (262,15,146);
INSERT INTO contrato(id,id_equipo,id_piloto) VALUES (263,67,272);
INSERT INTO contrato(id,id_equipo,id_piloto) VALUES (264,67,273);
INSERT INTO contrato(id,id_equipo,id_piloto) VALUES (265,68,274);
INSERT INTO contrato(id,id_equipo,id_piloto) VALUES (266,68,275);
INSERT INTO contrato(id,id_equipo,id_piloto) VALUES (267,68,276);
INSERT INTO contrato(id,id_equipo,id_piloto) VALUES (268,70,277);
INSERT INTO contrato(id,id_equipo,id_piloto) VALUES (269,70,90);
INSERT INTO contrato(id,id_equipo,id_piloto) VALUES (270,72,278);
INSERT INTO contrato(id,id_equipo,id_piloto) VALUES (271,72,208);
INSERT INTO contrato(id,id_equipo,id_piloto) VALUES (272,72,180);
INSERT INTO contrato(id,id_equipo,id_piloto) VALUES (273,34,279);
INSERT INTO contrato(id,id_equipo,id_piloto) VALUES (274,74,91);
INSERT INTO contrato(id,id_equipo,id_piloto) VALUES (275,74,280);
INSERT INTO contrato(id,id_equipo,id_piloto) VALUES (276,31,281);
INSERT INTO contrato(id,id_equipo,id_piloto) VALUES (277,75,282);
INSERT INTO contrato(id,id_equipo,id_piloto) VALUES (278,75,163);
INSERT INTO contrato(id,id_equipo,id_piloto) VALUES (279,75,283);
INSERT INTO contrato(id,id_equipo,id_piloto) VALUES (280,38,284);
INSERT INTO contrato(id,id_equipo,id_piloto) VALUES (281,66,285);
INSERT INTO contrato(id,id_equipo,id_piloto) VALUES (282,66,286);
INSERT INTO contrato(id,id_equipo,id_piloto) VALUES (283,77,287);
INSERT INTO contrato(id,id_equipo,id_piloto) VALUES (284,77,181);
INSERT INTO contrato(id,id_equipo,id_piloto) VALUES (285,56,209);
INSERT INTO contrato(id,id_equipo,id_piloto) VALUES (286,62,288);
INSERT INTO contrato(id,id_equipo,id_piloto) VALUES (287,62,289);
INSERT INTO contrato(id,id_equipo,id_piloto) VALUES (288,62,222);
INSERT INTO contrato(id,id_equipo,id_piloto) VALUES (289,79,110);
INSERT INTO contrato(id,id_equipo,id_piloto) VALUES (290,36,92);
INSERT INTO contrato(id,id_equipo,id_piloto) VALUES (291,36,290);
INSERT INTO contrato(id,id_equipo,id_piloto) VALUES (292,36,291);
INSERT INTO contrato(id,id_equipo,id_piloto) VALUES (293,82,292);
INSERT INTO contrato(id,id_equipo,id_piloto) VALUES (294,82,101);
INSERT INTO contrato(id,id_equipo,id_piloto) VALUES (295,82,293);
INSERT INTO contrato(id,id_equipo,id_piloto) VALUES (296,45,235);
INSERT INTO contrato(id,id_equipo,id_piloto) VALUES (297,83,102);
INSERT INTO contrato(id,id_equipo,id_piloto) VALUES (298,83,294);
INSERT INTO contrato(id,id_equipo,id_piloto) VALUES (299,83,295);
INSERT INTO contrato(id,id_equipo,id_piloto) VALUES (300,84,210);
INSERT INTO contrato(id,id_equipo,id_piloto) VALUES (301,84,296);
INSERT INTO contrato(id,id_equipo,id_piloto) VALUES (302,85,164);
INSERT INTO contrato(id,id_equipo,id_piloto) VALUES (303,85,297);
INSERT INTO contrato(id,id_equipo,id_piloto) VALUES (304,85,298);
INSERT INTO contrato(id,id_equipo,id_piloto) VALUES (305,58,299);
INSERT INTO contrato(id,id_equipo,id_piloto) VALUES (306,58,300);
INSERT INTO contrato(id,id_equipo,id_piloto) VALUES (307,87,301);
INSERT INTO contrato(id,id_equipo,id_piloto) VALUES (308,88,236);
INSERT INTO contrato(id,id_equipo,id_piloto) VALUES (309,88,182);
INSERT INTO contrato(id,id_equipo,id_piloto) VALUES (310,52,302);
INSERT INTO contrato(id,id_equipo,id_piloto) VALUES (311,92,303);
INSERT INTO contrato(id,id_equipo,id_piloto) VALUES (312,92,122);
INSERT INTO contrato(id,id_equipo,id_piloto) VALUES (313,92,242);
INSERT INTO contrato(id,id_equipo,id_piloto) VALUES (314,93,304);
INSERT INTO contrato(id,id_equipo,id_piloto) VALUES (315,93,305);
INSERT INTO contrato(id,id_equipo,id_piloto) VALUES (316,93,306);
INSERT INTO contrato(id,id_equipo,id_piloto) VALUES (317,94,165);
INSERT INTO contrato(id,id_equipo,id_piloto) VALUES (318,94,183);
INSERT INTO contrato(id,id_equipo,id_piloto) VALUES (319,95,307);
INSERT INTO contrato(id,id_equipo,id_piloto) VALUES (320,95,147);
INSERT INTO contrato(id,id_equipo,id_piloto) VALUES (321,95,308);
UPDATE contrato set duracion =(to_date('01-01-2017','DD-MM-YYYY'),to_date('31-12-2020','DD-MM-YYYY')) WHERE id = 1  ; 
UPDATE contrato set duracion =(to_date('01-01-2017','DD-MM-YYYY'),to_date('31-12-2020','DD-MM-YYYY')) WHERE id =  2 ; 
UPDATE contrato set duracion =(to_date('01-01-2018','DD-MM-YYYY'),to_date('31-12-2019','DD-MM-YYYY')) WHERE id =  3 ; 
UPDATE contrato set duracion =(to_date('01-01-2017','DD-MM-YYYY'),to_date('31-12-2020','DD-MM-YYYY')) WHERE id =  4 ; 
UPDATE contrato set duracion =(to_date('01-01-2017','DD-MM-YYYY'),to_date('31-12-2020','DD-MM-YYYY')) WHERE id =  5 ; 
UPDATE contrato set duracion =(to_date('01-01-2017','DD-MM-YYYY'),to_date('31-12-2020','DD-MM-YYYY')) WHERE id =  6 ; 
UPDATE contrato set duracion =(to_date('01-01-2018','DD-MM-YYYY'),to_date('31-12-2019','DD-MM-YYYY')) WHERE id =  7 ; 
UPDATE contrato set duracion =(to_date('01-01-2018','DD-MM-YYYY'),to_date('31-12-2019','DD-MM-YYYY')) WHERE id =  8 ; 
UPDATE contrato set duracion =(to_date('01-01-2019','DD-MM-YYYY'),to_date('31-12-2019','DD-MM-YYYY')) WHERE id =  9 ; 
UPDATE contrato set duracion =(to_date('01-01-2018','DD-MM-YYYY'),to_date('31-12-2019','DD-MM-YYYY')) WHERE id =  10 ; 
UPDATE contrato set duracion =(to_date('01-01-2018','DD-MM-YYYY'),to_date('31-12-2020','DD-MM-YYYY')) WHERE id =  11 ; 
UPDATE contrato set duracion =(to_date('01-01-2018','DD-MM-YYYY'),to_date('31-12-2019','DD-MM-YYYY')) WHERE id =  12 ; 
UPDATE contrato set duracion =(to_date('01-01-2018','DD-MM-YYYY'),to_date('31-12-2019','DD-MM-YYYY')) WHERE id =  13 ; 
UPDATE contrato set duracion =(to_date('01-01-2020','DD-MM-YYYY'),to_date('31-12-2020','DD-MM-YYYY')) WHERE id =  14 ; 
UPDATE contrato set duracion =(to_date('01-01-2018','DD-MM-YYYY'),to_date('31-12-2018','DD-MM-YYYY')) WHERE id =  15 ; 
UPDATE contrato set duracion =(to_date('01-01-2019','DD-MM-YYYY'),to_date('31-12-2020','DD-MM-YYYY')) WHERE id =  16 ; 
UPDATE contrato set duracion =(to_date('01-01-2018','DD-MM-YYYY'),to_date('31-12-2019','DD-MM-YYYY')) WHERE id =  17 ; 
UPDATE contrato set duracion =(to_date('01-01-2018','DD-MM-YYYY'),to_date('31-12-2019','DD-MM-YYYY')) WHERE id =  18 ; 
UPDATE contrato set duracion =(to_date('01-01-2020','DD-MM-YYYY'),to_date('31-12-2020','DD-MM-YYYY')) WHERE id =  19 ; 
UPDATE contrato set duracion =(to_date('01-01-2018','DD-MM-YYYY'),to_date('31-12-2019','DD-MM-YYYY')) WHERE id =  20 ; 
UPDATE contrato set duracion =(to_date('01-01-2020','DD-MM-YYYY'),to_date('31-12-2020','DD-MM-YYYY')) WHERE id =  21 ; 
UPDATE contrato set duracion =(to_date('01-01-2018','DD-MM-YYYY'),to_date('31-12-2019','DD-MM-YYYY')) WHERE id =  22 ; 
UPDATE contrato set duracion =(to_date('01-01-2017','DD-MM-YYYY'),to_date('31-12-2019','DD-MM-YYYY')) WHERE id =  23; 
UPDATE contrato set duracion =(to_date('01-01-2020','DD-MM-YYYY'),to_date('31-12-2020','DD-MM-YYYY')) WHERE id =  24 ; 
UPDATE contrato set duracion =(to_date('01-01-2018','DD-MM-YYYY'),to_date('31-12-2019','DD-MM-YYYY')) WHERE id =  25 ; 
UPDATE contrato set duracion =(to_date('01-01-2018','DD-MM-YYYY'),to_date('31-12-2019','DD-MM-YYYY')) WHERE id =  26 ; 
UPDATE contrato set duracion =(to_date('01-01-2020','DD-MM-YYYY'),to_date('31-12-2020','DD-MM-YYYY')) WHERE id =  27 ; 
UPDATE contrato set duracion =(to_date('01-01-2017','DD-MM-YYYY'),to_date('31-12-2019','DD-MM-YYYY')) WHERE id =  28 ; 
UPDATE contrato set duracion =(to_date('01-01-2020','DD-MM-YYYY'),to_date('31-12-2020','DD-MM-YYYY')) WHERE id =  29 ; 
UPDATE contrato set duracion =(to_date('01-01-2017','DD-MM-YYYY'),to_date('31-12-2019','DD-MM-YYYY')) WHERE id =  30 ; 
UPDATE contrato set duracion =(to_date('01-01-2020','DD-MM-YYYY'),to_date('31-12-2020','DD-MM-YYYY')) WHERE id =  31 ; 
UPDATE contrato set duracion =(to_date('01-01-2018','DD-MM-YYYY'),to_date('31-12-2019','DD-MM-YYYY')) WHERE id =  32 ; 
UPDATE contrato set duracion =(to_date('01-01-2018','DD-MM-YYYY'),to_date('31-12-2020','DD-MM-YYYY')) WHERE id =  33 ; 
UPDATE contrato set duracion =(to_date('01-01-2018','DD-MM-YYYY'),to_date('31-12-2020','DD-MM-YYYY')) WHERE id =  34 ; 
UPDATE contrato set duracion =(to_date('01-01-2018','DD-MM-YYYY'),to_date('31-12-2020','DD-MM-YYYY')) WHERE id =  35 ; 
UPDATE contrato set duracion =(to_date('01-01-2018','DD-MM-YYYY'),to_date('31-12-2019','DD-MM-YYYY')) WHERE id =  36 ; 
UPDATE contrato set duracion =(to_date('01-01-2020','DD-MM-YYYY'),to_date('31-12-2020','DD-MM-YYYY')) WHERE id =  37 ; 
UPDATE contrato set duracion =(to_date('01-01-2018','DD-MM-YYYY'),to_date('31-12-2019','DD-MM-YYYY')) WHERE id =  38 ; 
UPDATE contrato set duracion =(to_date('01-01-2020','DD-MM-YYYY'),to_date('31-12-2020','DD-MM-YYYY')) WHERE id =  39 ; 
UPDATE contrato set duracion =(to_date('01-01-2018','DD-MM-YYYY'),to_date('31-12-2019','DD-MM-YYYY')) WHERE id =  40 ; 
UPDATE contrato set duracion =(to_date('01-01-2020','DD-MM-YYYY'),to_date('31-12-2020','DD-MM-YYYY')) WHERE id =  41 ; 
UPDATE contrato set duracion =(to_date('01-01-2014','DD-MM-YYYY'),to_date('31-12-2020','DD-MM-YYYY')) WHERE id =  42 ; 
UPDATE contrato set duracion =(to_date('01-01-2019','DD-MM-YYYY'),to_date('31-12-2019','DD-MM-YYYY')) WHERE id =  43 ; 
UPDATE contrato set duracion =(to_date('01-01-2020','DD-MM-YYYY'),to_date('31-12-2020','DD-MM-YYYY')) WHERE id =  44 ; 
UPDATE contrato set duracion =(to_date('01-01-2018','DD-MM-YYYY'),to_date('31-12-2020','DD-MM-YYYY')) WHERE id =  45 ; 
UPDATE contrato set duracion =(to_date('01-01-2019','DD-MM-YYYY'),to_date('31-12-2019','DD-MM-YYYY')) WHERE id =  46 ; 
UPDATE contrato set duracion =(to_date('01-01-2020','DD-MM-YYYY'),to_date('31-12-2020','DD-MM-YYYY')) WHERE id =  47 ; 
UPDATE contrato set duracion =(to_date('01-01-2019','DD-MM-YYYY'),to_date('31-12-2019','DD-MM-YYYY')) WHERE id =  48 ; 
UPDATE contrato set duracion =(to_date('01-01-2020','DD-MM-YYYY'),to_date('31-12-2020','DD-MM-YYYY')) WHERE id =  49 ; 
UPDATE contrato set duracion =(to_date('01-01-2019','DD-MM-YYYY'),to_date('31-12-2019','DD-MM-YYYY')) WHERE id =  50 ; 
UPDATE contrato set duracion =(to_date('01-01-2020','DD-MM-YYYY'),to_date('31-12-2020','DD-MM-YYYY')) WHERE id =  51 ; 
UPDATE contrato set duracion =(to_date('01-01-2019','DD-MM-YYYY'),to_date('31-12-2019','DD-MM-YYYY')) WHERE id =  52 ; 
UPDATE contrato set duracion =(to_date('01-01-2020','DD-MM-YYYY'),to_date('31-12-2020','DD-MM-YYYY')) WHERE id =  53 ; 
UPDATE contrato set duracion =(to_date('01-01-2018','DD-MM-YYYY'),to_date('31-12-2019','DD-MM-YYYY')) WHERE id =  54 ; 
UPDATE contrato set duracion =(to_date('01-01-2020','DD-MM-YYYY'),to_date('31-12-2020','DD-MM-YYYY')) WHERE id =  55 ; 
UPDATE contrato set duracion =(to_date('01-01-2018','DD-MM-YYYY'),to_date('31-12-2019','DD-MM-YYYY')) WHERE id =  56 ; 
UPDATE contrato set duracion =(to_date('01-01-2020','DD-MM-YYYY'),to_date('31-12-2020','DD-MM-YYYY')) WHERE id =  57 ; 
UPDATE contrato set duracion =(to_date('01-01-2019','DD-MM-YYYY'),to_date('31-12-2019','DD-MM-YYYY')) WHERE id =  58 ; 
UPDATE contrato set duracion =(to_date('01-01-2020','DD-MM-YYYY'),to_date('31-12-2020','DD-MM-YYYY')) WHERE id =  59 ; 
UPDATE contrato set duracion =(to_date('01-01-2019','DD-MM-YYYY'),to_date('31-12-2019','DD-MM-YYYY')) WHERE id =  60 ; 
UPDATE contrato set duracion =(to_date('01-01-2020','DD-MM-YYYY'),to_date('31-12-2020','DD-MM-YYYY')) WHERE id =  61 ; 
UPDATE contrato set duracion =(to_date('01-01-2019','DD-MM-YYYY'),to_date('31-12-2019','DD-MM-YYYY')) WHERE id =  62 ; 
UPDATE contrato set duracion =(to_date('01-01-2020','DD-MM-YYYY'),to_date('31-12-2020','DD-MM-YYYY')) WHERE id =  63 ; 
UPDATE contrato set duracion =(to_date('01-01-2019','DD-MM-YYYY'),to_date('31-12-2019','DD-MM-YYYY')) WHERE id =  64 ; 
UPDATE contrato set duracion =(to_date('01-01-2019','DD-MM-YYYY'),to_date('31-12-2019','DD-MM-YYYY')) WHERE id =  65 ; 
UPDATE contrato set duracion =(to_date('01-01-2019','DD-MM-YYYY'),to_date('31-12-2020','DD-MM-YYYY')) WHERE id =  66 ; 
UPDATE contrato set duracion =(to_date('01-01-2019','DD-MM-YYYY'),to_date('31-12-2020','DD-MM-YYYY')) WHERE id =  67 ; 
UPDATE contrato set duracion =(to_date('01-01-2019','DD-MM-YYYY'),to_date('31-12-2019','DD-MM-YYYY')) WHERE id =  68 ; 
UPDATE contrato set duracion =(to_date('01-01-2019','DD-MM-YYYY'),to_date('31-12-2019','DD-MM-YYYY')) WHERE id =  69 ; 
UPDATE contrato set duracion =(to_date('01-01-2018','DD-MM-YYYY'),to_date('31-12-2019','DD-MM-YYYY')) WHERE id =  70 ; 
UPDATE contrato set duracion =(to_date('01-01-2018','DD-MM-YYYY'),to_date('31-12-2019','DD-MM-YYYY')) WHERE id =  71 ; 
UPDATE contrato set duracion =(to_date('01-01-2019','DD-MM-YYYY'),to_date('31-12-2019','DD-MM-YYYY')) WHERE id =  72 ; 
UPDATE contrato set duracion =(to_date('01-01-2019','DD-MM-YYYY'),to_date('31-12-2019','DD-MM-YYYY')) WHERE id =  73 ; 
UPDATE contrato set duracion =(to_date('01-01-2020','DD-MM-YYYY'),to_date('31-12-2020','DD-MM-YYYY')) WHERE id =  74 ; 
UPDATE contrato set duracion =(to_date('01-01-2019','DD-MM-YYYY'),to_date('31-12-2019','DD-MM-YYYY')) WHERE id =  75 ; 
UPDATE contrato set duracion =(to_date('01-01-2020','DD-MM-YYYY'),to_date('31-12-2020','DD-MM-YYYY')) WHERE id =  76 ; 
UPDATE contrato set duracion =(to_date('01-01-2019','DD-MM-YYYY'),to_date('31-12-2019','DD-MM-YYYY')) WHERE id =  77 ; 
UPDATE contrato set duracion =(to_date('01-01-2020','DD-MM-YYYY'),to_date('31-12-2020','DD-MM-YYYY')) WHERE id =  78 ; 
UPDATE contrato set duracion =(to_date('01-01-2019','DD-MM-YYYY'),to_date('31-12-2019','DD-MM-YYYY')) WHERE id =  79 ; 
UPDATE contrato set duracion =(to_date('01-01-2020','DD-MM-YYYY'),to_date('31-12-2020','DD-MM-YYYY')) WHERE id =  80 ; 
UPDATE contrato set duracion =(to_date('01-01-2019','DD-MM-YYYY'),to_date('31-12-2020','DD-MM-YYYY')) WHERE id =  81 ; 
UPDATE contrato set duracion =(to_date('01-01-2014','DD-MM-YYYY'),to_date('31-12-2020','DD-MM-YYYY')) WHERE id =  82 ; 
UPDATE contrato set duracion =(to_date('01-01-2016','DD-MM-YYYY'),to_date('31-12-2020','DD-MM-YYYY')) WHERE id =  83 ; 
UPDATE contrato set duracion =(to_date('01-01-2015','DD-MM-YYYY'),to_date('31-12-2020','DD-MM-YYYY')) WHERE id =  84 ; 
UPDATE contrato set duracion =(to_date('01-01-2018','DD-MM-YYYY'),to_date('31-12-2020','DD-MM-YYYY')) WHERE id =  85 ; 
UPDATE contrato set duracion =(to_date('01-01-2017','DD-MM-YYYY'),to_date('31-12-2020','DD-MM-YYYY')) WHERE id =  86 ; 
UPDATE contrato set duracion =(to_date('01-01-2018','DD-MM-YYYY'),to_date('31-12-2020','DD-MM-YYYY')) WHERE id =  87 ; 
UPDATE contrato set duracion =(to_date('01-01-2017','DD-MM-YYYY'),to_date('31-12-2020','DD-MM-YYYY')) WHERE id =  88 ; 
UPDATE contrato set duracion =(to_date('01-01-2018','DD-MM-YYYY'),to_date('31-12-2019','DD-MM-YYYY')) WHERE id =  89 ;   
UPDATE contrato set duracion =(to_date('01-01-2020','DD-MM-YYYY'),to_date('31-12-2020','DD-MM-YYYY')) WHERE id =  90 ; 
UPDATE contrato set duracion =(to_date('01-01-2018','DD-MM-YYYY'),to_date('31-12-2019','DD-MM-YYYY')) WHERE id =  91 ; 
UPDATE contrato set duracion =(to_date('01-01-2018','DD-MM-YYYY'),to_date('31-12-2019','DD-MM-YYYY')) WHERE id =  92 ; 
UPDATE contrato set duracion =(to_date('01-01-2020','DD-MM-YYYY'),to_date('31-12-2020','DD-MM-YYYY')) WHERE id =  93 ; 
UPDATE contrato set duracion =(to_date('01-01-2016','DD-MM-YYYY'),to_date('31-12-2019','DD-MM-YYYY')) WHERE id =  94 ; 
UPDATE contrato set duracion =(to_date('01-01-2016','DD-MM-YYYY'),to_date('31-12-2019','DD-MM-YYYY')) WHERE id =  95 ; 
UPDATE contrato set duracion =(to_date('01-01-2020','DD-MM-YYYY'),to_date('31-12-2020','DD-MM-YYYY')) WHERE id =  96 ; 
UPDATE contrato set duracion =(to_date('01-01-2019','DD-MM-YYYY'),to_date('31-12-2019','DD-MM-YYYY')) WHERE id =  97 ; 
UPDATE contrato set duracion =(to_date('01-01-2016','DD-MM-YYYY'),to_date('31-12-2019','DD-MM-YYYY')) WHERE id =  98 ; 
UPDATE contrato set duracion =(to_date('01-01-2016','DD-MM-YYYY'),to_date('31-12-2019','DD-MM-YYYY')) WHERE id =  99 ; 
UPDATE contrato set duracion =(to_date('01-01-2020','DD-MM-YYYY'),to_date('31-12-2020','DD-MM-YYYY')) WHERE id = 100 ; 
UPDATE contrato set duracion =(to_date('01-01-2016','DD-MM-YYYY'),to_date('31-12-2019','DD-MM-YYYY')) WHERE id =  101 ; 
UPDATE contrato set duracion =(to_date('01-01-2016','DD-MM-YYYY'),to_date('31-12-2019','DD-MM-YYYY')) WHERE id =  102 ; 
UPDATE contrato set duracion =(to_date('01-01-2016','DD-MM-YYYY'),to_date('31-12-2019','DD-MM-YYYY')) WHERE id =  103 ; 
UPDATE contrato set duracion =(to_date('01-01-2020','DD-MM-YYYY'),to_date('31-12-2020','DD-MM-YYYY')) WHERE id =  104 ; 
UPDATE contrato set duracion =(to_date('01-01-2016','DD-MM-YYYY'),to_date('31-12-2019','DD-MM-YYYY')) WHERE id =  105 ; 
UPDATE contrato set duracion =(to_date('01-01-2016','DD-MM-YYYY'),to_date('31-12-2020','DD-MM-YYYY')) WHERE id =  106 ; 
UPDATE contrato set duracion =(to_date('01-01-2018','DD-MM-YYYY'),to_date('31-12-2020','DD-MM-YYYY')) WHERE id =  107 ; 
UPDATE contrato set duracion =(to_date('01-01-2019','DD-MM-YYYY'),to_date('31-12-2020','DD-MM-YYYY')) WHERE id =  108 ; 
UPDATE contrato set duracion =(to_date('01-01-2018','DD-MM-YYYY'),to_date('31-12-2019','DD-MM-YYYY')) WHERE id =  109 ; 
UPDATE contrato set duracion =(to_date('01-01-2019','DD-MM-YYYY'),to_date('31-12-2019','DD-MM-YYYY')) WHERE id =  110 ; 
UPDATE contrato set duracion =(to_date('01-01-2019','DD-MM-YYYY'),to_date('31-12-2019','DD-MM-YYYY')) WHERE id =  111 ; 
UPDATE contrato set duracion =(to_date('01-01-2019','DD-MM-YYYY'),to_date('31-12-2019','DD-MM-YYYY')) WHERE id =  112 ; 
UPDATE contrato set duracion =(to_date('01-01-2020','DD-MM-YYYY'),to_date('31-12-2020','DD-MM-YYYY')) WHERE id =  113 ; 
UPDATE contrato set duracion =(to_date('01-01-2019','DD-MM-YYYY'),to_date('31-12-2019','DD-MM-YYYY')) WHERE id =  114 ; 
UPDATE contrato set duracion =(to_date('01-01-2019','DD-MM-YYYY'),to_date('31-12-2019','DD-MM-YYYY')) WHERE id =  115 ; 
UPDATE contrato set duracion =(to_date('01-01-2017','DD-MM-YYYY'),to_date('31-12-2020','DD-MM-YYYY')) WHERE id =  116 ; 
UPDATE contrato set duracion =(to_date('01-01-2017','DD-MM-YYYY'),to_date('31-12-2020','DD-MM-YYYY')) WHERE id =  117 ; 
UPDATE contrato set duracion =(to_date('01-01-2018','DD-MM-YYYY'),to_date('31-12-2020','DD-MM-YYYY')) WHERE id =  118 ; 
UPDATE contrato set duracion =(to_date('01-01-2018','DD-MM-YYYY'),to_date('31-12-2019','DD-MM-YYYY')) WHERE id =  119 ; 
UPDATE contrato set duracion =(to_date('01-01-2020','DD-MM-YYYY'),to_date('31-12-2020','DD-MM-YYYY')) WHERE id =  120 ; 
UPDATE contrato set duracion =(to_date('01-01-2018','DD-MM-YYYY'),to_date('31-12-2019','DD-MM-YYYY')) WHERE id =  121 ; 
UPDATE contrato set duracion =(to_date('01-01-2020','DD-MM-YYYY'),to_date('31-12-2020','DD-MM-YYYY')) WHERE id =  122 ; 
UPDATE contrato set duracion =(to_date('01-01-2019','DD-MM-YYYY'),to_date('31-12-2019','DD-MM-YYYY')) WHERE id =  123 ; 
UPDATE contrato set duracion =(to_date('01-01-2018','DD-MM-YYYY'),to_date('31-12-2019','DD-MM-YYYY')) WHERE id =  124 ; 
UPDATE contrato set duracion =(to_date('01-01-2018','DD-MM-YYYY'),to_date('31-12-2019','DD-MM-YYYY')) WHERE id =  125 ; 
UPDATE contrato set duracion =(to_date('01-01-2018','DD-MM-YYYY'),to_date('31-12-2020','DD-MM-YYYY')) WHERE id =  126 ; 
UPDATE contrato set duracion =(to_date('01-01-2018','DD-MM-YYYY'),to_date('31-12-2019','DD-MM-YYYY')) WHERE id =  127 ; 
UPDATE contrato set duracion =(to_date('01-01-2020','DD-MM-YYYY'),to_date('31-12-2020','DD-MM-YYYY')) WHERE id =  128 ; 
UPDATE contrato set duracion =(to_date('01-01-2019','DD-MM-YYYY'),to_date('31-12-2019','DD-MM-YYYY')) WHERE id =  129 ; 
UPDATE contrato set duracion =(to_date('01-01-2019','DD-MM-YYYY'),to_date('31-12-2019','DD-MM-YYYY')) WHERE id =  130 ; 
UPDATE contrato set duracion =(to_date('01-01-2019','DD-MM-YYYY'),to_date('31-12-2019','DD-MM-YYYY')) WHERE id =  131 ; 
UPDATE contrato set duracion =(to_date('01-01-2020','DD-MM-YYYY'),to_date('31-12-2020','DD-MM-YYYY')) WHERE id =  132 ; 
UPDATE contrato set duracion =(to_date('01-01-2019','DD-MM-YYYY'),to_date('31-12-2019','DD-MM-YYYY')) WHERE id =  133 ; 
UPDATE contrato set duracion =(to_date('01-01-2020','DD-MM-YYYY'),to_date('31-12-2020','DD-MM-YYYY')) WHERE id =  134 ; 
UPDATE contrato set duracion =(to_date('01-01-2019','DD-MM-YYYY'),to_date('31-12-2019','DD-MM-YYYY')) WHERE id =  135 ; 
UPDATE contrato set duracion =(to_date('01-01-2018','DD-MM-YYYY'),to_date('31-12-2020','DD-MM-YYYY')) WHERE id =  136 ; 
UPDATE contrato set duracion =(to_date('01-01-2017','DD-MM-YYYY'),to_date('31-12-2020','DD-MM-YYYY')) WHERE id =  137 ; 
UPDATE contrato set duracion =(to_date('01-01-2018','DD-MM-YYYY'),to_date('31-12-2019','DD-MM-YYYY')) WHERE id =  138 ; 
UPDATE contrato set duracion =(to_date('01-01-2019','DD-MM-YYYY'),to_date('31-12-2019','DD-MM-YYYY')) WHERE id =  139 ; 
UPDATE contrato set duracion =(to_date('01-01-2020','DD-MM-YYYY'),to_date('31-12-2020','DD-MM-YYYY')) WHERE id =  140 ; 
UPDATE contrato set duracion =(to_date('01-01-2019','DD-MM-YYYY'),to_date('31-12-2019','DD-MM-YYYY')) WHERE id =  141 ; 
UPDATE contrato set duracion =(to_date('01-01-2020','DD-MM-YYYY'),to_date('31-12-2020','DD-MM-YYYY')) WHERE id =  142 ; 
UPDATE contrato set duracion =(to_date('01-01-2019','DD-MM-YYYY'),to_date('31-12-2019','DD-MM-YYYY')) WHERE id =  143 ; 
UPDATE contrato set duracion =(to_date('01-01-2020','DD-MM-YYYY'),to_date('31-12-2020','DD-MM-YYYY')) WHERE id =  144 ; 
UPDATE contrato set duracion =(to_date('01-01-2019','DD-MM-YYYY'),to_date('31-12-2019','DD-MM-YYYY')) WHERE id =  145 ; 
UPDATE contrato set duracion =(to_date('01-01-2019','DD-MM-YYYY'),to_date('31-12-2019','DD-MM-YYYY')) WHERE id =  146 ; 
UPDATE contrato set duracion =(to_date('01-01-2019','DD-MM-YYYY'),to_date('31-12-2019','DD-MM-YYYY')) WHERE id =  147 ; 
UPDATE contrato set duracion =(to_date('01-01-2020','DD-MM-YYYY'),to_date('31-12-2020','DD-MM-YYYY')) WHERE id =  148 ; 
UPDATE contrato set duracion =(to_date('01-01-2019','DD-MM-YYYY'),to_date('31-12-2019','DD-MM-YYYY')) WHERE id =  149 ; 
UPDATE contrato set duracion =(to_date('01-01-2017','DD-MM-YYYY'),to_date('31-12-2019','DD-MM-YYYY')) WHERE id =  150 ; 
UPDATE contrato set duracion =(to_date('01-01-2020','DD-MM-YYYY'),to_date('31-12-2020','DD-MM-YYYY')) WHERE id =  151 ; 
UPDATE contrato set duracion =(to_date('01-01-2019','DD-MM-YYYY'),to_date('31-12-2019','DD-MM-YYYY')) WHERE id =  152 ; 
UPDATE contrato set duracion =(to_date('01-01-2020','DD-MM-YYYY'),to_date('31-12-2020','DD-MM-YYYY')) WHERE id =  153 ; 
UPDATE contrato set duracion =(to_date('01-01-2016','DD-MM-YYYY'),to_date('31-12-2020','DD-MM-YYYY')) WHERE id =  154 ; 
UPDATE contrato set duracion =(to_date('01-01-2016','DD-MM-YYYY'),to_date('31-12-2020','DD-MM-YYYY')) WHERE id =  155 ; 
UPDATE contrato set duracion =(to_date('01-01-2019','DD-MM-YYYY'),to_date('31-12-2019','DD-MM-YYYY')) WHERE id =  156 ; 
UPDATE contrato set duracion =(to_date('01-01-2020','DD-MM-YYYY'),to_date('31-12-2020','DD-MM-YYYY')) WHERE id =  157 ; 
UPDATE contrato set duracion =(to_date('01-01-2019','DD-MM-YYYY'),to_date('31-12-2019','DD-MM-YYYY')) WHERE id =  158 ; 
UPDATE contrato set duracion =(to_date('01-01-2020','DD-MM-YYYY'),to_date('31-12-2020','DD-MM-YYYY')) WHERE id =  159 ; 
UPDATE contrato set duracion =(to_date('01-01-2019','DD-MM-YYYY'),to_date('31-12-2019','DD-MM-YYYY')) WHERE id =  160 ; 
UPDATE contrato set duracion =(to_date('01-01-2020','DD-MM-YYYY'),to_date('31-12-2020','DD-MM-YYYY')) WHERE id =  161 ; 
UPDATE contrato set duracion =(to_date('01-01-2019','DD-MM-YYYY'),to_date('31-12-2019','DD-MM-YYYY')) WHERE id =  162 ;  
UPDATE contrato set duracion =(to_date('01-01-2020','DD-MM-YYYY'),to_date('31-12-2020','DD-MM-YYYY')) WHERE id =  163 ; 
UPDATE contrato set duracion =(to_date('01-01-2019','DD-MM-YYYY'),to_date('31-12-2019','DD-MM-YYYY')) WHERE id =  164 ; 
UPDATE contrato set duracion =(to_date('01-01-2019','DD-MM-YYYY'),to_date('31-12-2019','DD-MM-YYYY')) WHERE id =  165 ; 
UPDATE contrato set duracion =(to_date('01-01-2020','DD-MM-YYYY'),to_date('31-12-2020','DD-MM-YYYY')) WHERE id =  166 ; 
UPDATE contrato set duracion =(to_date('01-01-2019','DD-MM-YYYY'),to_date('31-12-2019','DD-MM-YYYY')) WHERE id =  167 ; 
UPDATE contrato set duracion =(to_date('01-01-2020','DD-MM-YYYY'),to_date('31-12-2020','DD-MM-YYYY')) WHERE id =  168 ; 
UPDATE contrato set duracion =(to_date('01-01-2018','DD-MM-YYYY'),to_date('31-12-2019','DD-MM-YYYY')) WHERE id =  169 ; 
UPDATE contrato set duracion =(to_date('01-01-2018','DD-MM-YYYY'),to_date('31-12-2019','DD-MM-YYYY')) WHERE id =  170 ; 
UPDATE contrato set duracion =(to_date('01-01-2018','DD-MM-YYYY'),to_date('31-12-2019','DD-MM-YYYY')) WHERE id =  171 ; 
UPDATE contrato set duracion =(to_date('01-01-2017','DD-MM-YYYY'),to_date('31-12-2020','DD-MM-YYYY')) WHERE id =  172 ; 
UPDATE contrato set duracion =(to_date('01-01-2017','DD-MM-YYYY'),to_date('31-12-2019','DD-MM-YYYY')) WHERE id =  173 ; 
UPDATE contrato set duracion =(to_date('01-01-2018','DD-MM-YYYY'),to_date('31-12-2020','DD-MM-YYYY')) WHERE id =  174 ; 
UPDATE contrato set duracion =(to_date('01-01-2017','DD-MM-YYYY'),to_date('31-12-2019','DD-MM-YYYY')) WHERE id =  175 ; 
UPDATE contrato set duracion =(to_date('01-01-2020','DD-MM-YYYY'),to_date('31-12-2020','DD-MM-YYYY')) WHERE id =  176 ; 
UPDATE contrato set duracion =(to_date('01-01-2017','DD-MM-YYYY'),to_date('31-12-2019','DD-MM-YYYY')) WHERE id =  177 ; 
UPDATE contrato set duracion =(to_date('01-01-2020','DD-MM-YYYY'),to_date('31-12-2020','DD-MM-YYYY')) WHERE id =  178 ; 
UPDATE contrato set duracion =(to_date('01-01-2018','DD-MM-YYYY'),to_date('31-12-2019','DD-MM-YYYY')) WHERE id =  179 ; 
UPDATE contrato set duracion =(to_date('01-01-2020','DD-MM-YYYY'),to_date('31-12-2020','DD-MM-YYYY')) WHERE id =  180 ; 
UPDATE contrato set duracion =(to_date('01-01-2018','DD-MM-YYYY'),to_date('31-12-2020','DD-MM-YYYY')) WHERE id =  181 ; 
UPDATE contrato set duracion =(to_date('01-01-2018','DD-MM-YYYY'),to_date('31-12-2020','DD-MM-YYYY')) WHERE id =  182 ; 
UPDATE contrato set duracion =(to_date('01-01-2016','DD-MM-YYYY'),to_date('31-12-2019','DD-MM-YYYY')) WHERE id =  183 ; 
UPDATE contrato set duracion =(to_date('01-01-2020','DD-MM-YYYY'),to_date('31-12-2020','DD-MM-YYYY')) WHERE id =  184 ; 
UPDATE contrato set duracion =(to_date('01-01-2019','DD-MM-YYYY'),to_date('31-12-2020','DD-MM-YYYY')) WHERE id =  185 ; 
UPDATE contrato set duracion =(to_date('01-01-2019','DD-MM-YYYY'),to_date('31-12-2019','DD-MM-YYYY')) WHERE id =  186 ; 
UPDATE contrato set duracion =(to_date('01-01-2019','DD-MM-YYYY'),to_date('31-12-2019','DD-MM-YYYY')) WHERE id =  187 ; 
UPDATE contrato set duracion =(to_date('01-01-2019','DD-MM-YYYY'),to_date('31-12-2019','DD-MM-YYYY')) WHERE id =  188 ; 
UPDATE contrato set duracion =(to_date('01-01-2020','DD-MM-YYYY'),to_date('31-12-2020','DD-MM-YYYY')) WHERE id =  189 ; 
UPDATE contrato set duracion =(to_date('01-01-2019','DD-MM-YYYY'),to_date('31-12-2019','DD-MM-YYYY')) WHERE id =  190 ; 
UPDATE contrato set duracion =(to_date('01-01-2020','DD-MM-YYYY'),to_date('31-12-2020','DD-MM-YYYY')) WHERE id =  191 ; 
UPDATE contrato set duracion =(to_date('01-01-2019','DD-MM-YYYY'),to_date('31-12-2019','DD-MM-YYYY')) WHERE id =  192 ; 
UPDATE contrato set duracion =(to_date('01-01-2020','DD-MM-YYYY'),to_date('31-12-2020','DD-MM-YYYY')) WHERE id =  193 ; 
UPDATE contrato set duracion =(to_date('01-01-2018','DD-MM-YYYY'),to_date('31-12-2019','DD-MM-YYYY')) WHERE id =  194 ; 
UPDATE contrato set duracion =(to_date('01-01-2018','DD-MM-YYYY'),to_date('31-12-2019','DD-MM-YYYY')) WHERE id =  195 ; 
UPDATE contrato set duracion =(to_date('01-01-2019','DD-MM-YYYY'),to_date('31-12-2019','DD-MM-YYYY')) WHERE id =  196 ; 
UPDATE contrato set duracion =(to_date('01-01-2019','DD-MM-YYYY'),to_date('31-12-2019','DD-MM-YYYY')) WHERE id =  197 ; 
UPDATE contrato set duracion =(to_date('01-01-2019','DD-MM-YYYY'),to_date('31-12-2019','DD-MM-YYYY')) WHERE id =  198 ; 
UPDATE contrato set duracion =(to_date('01-01-2019','DD-MM-YYYY'),to_date('31-12-2019','DD-MM-YYYY')) WHERE id =  199 ; 
UPDATE contrato set duracion =(to_date('01-01-2020','DD-MM-YYYY'),to_date('31-12-2020','DD-MM-YYYY')) WHERE id =  200 ; 
UPDATE contrato set duracion =(to_date('01-01-2018','DD-MM-YYYY'),to_date('31-12-2019','DD-MM-YYYY')) WHERE id =  201 ; 
UPDATE contrato set duracion =(to_date('01-01-2020','DD-MM-YYYY'),to_date('31-12-2020','DD-MM-YYYY')) WHERE id =  202 ; 
UPDATE contrato set duracion =(to_date('01-01-2018','DD-MM-YYYY'),to_date('31-12-2019','DD-MM-YYYY')) WHERE id =  203 ; 
UPDATE contrato set duracion =(to_date('01-01-2019','DD-MM-YYYY'),to_date('31-12-2019','DD-MM-YYYY')) WHERE id =  204 ; 
UPDATE contrato set duracion =(to_date('01-01-2020','DD-MM-YYYY'),to_date('31-12-2020','DD-MM-YYYY')) WHERE id =  205 ; 
UPDATE contrato set duracion =(to_date('01-01-2019','DD-MM-YYYY'),to_date('31-12-2019','DD-MM-YYYY')) WHERE id =  206 ; 
UPDATE contrato set duracion =(to_date('01-01-2019','DD-MM-YYYY'),to_date('31-12-2019','DD-MM-YYYY')) WHERE id =  207 ; 
UPDATE contrato set duracion =(to_date('01-01-2019','DD-MM-YYYY'),to_date('31-12-2019','DD-MM-YYYY')) WHERE id =  208 ; 
UPDATE contrato set duracion =(to_date('01-01-2018','DD-MM-YYYY'),to_date('31-12-2019','DD-MM-YYYY')) WHERE id =  209 ; 
UPDATE contrato set duracion =(to_date('01-01-2018','DD-MM-YYYY'),to_date('31-12-2019','DD-MM-YYYY')) WHERE id =  210 ; 
UPDATE contrato set duracion =(to_date('01-01-2019','DD-MM-YYYY'),to_date('31-12-2019','DD-MM-YYYY')) WHERE id =  211 ; 
UPDATE contrato set duracion =(to_date('01-01-2018','DD-MM-YYYY'),to_date('31-12-2020','DD-MM-YYYY')) WHERE id =  212 ; 
UPDATE contrato set duracion =(to_date('01-01-2016','DD-MM-YYYY'),to_date('31-12-2020','DD-MM-YYYY')) WHERE id =  213 ; 
UPDATE contrato set duracion =(to_date('01-01-2019','DD-MM-YYYY'),to_date('31-12-2019','DD-MM-YYYY')) WHERE id =  214 ; 
UPDATE contrato set duracion =(to_date('01-01-2020','DD-MM-YYYY'),to_date('31-12-2020','DD-MM-YYYY')) WHERE id =  215 ; 
UPDATE contrato set duracion =(to_date('01-01-2019','DD-MM-YYYY'),to_date('31-12-2019','DD-MM-YYYY')) WHERE id =  216 ; 
UPDATE contrato set duracion =(to_date('01-01-2019','DD-MM-YYYY'),to_date('31-12-2019','DD-MM-YYYY')) WHERE id =  217 ; 
UPDATE contrato set duracion =(to_date('01-01-2019','DD-MM-YYYY'),to_date('31-12-2019','DD-MM-YYYY')) WHERE id =  218 ; 
UPDATE contrato set duracion =(to_date('01-01-2020','DD-MM-YYYY'),to_date('31-12-2020','DD-MM-YYYY')) WHERE id =  219 ; 
UPDATE contrato set duracion =(to_date('01-01-2014','DD-MM-YYYY'),to_date('31-12-2020','DD-MM-YYYY')) WHERE id =  220 ; 
UPDATE contrato set duracion =(to_date('01-01-2016','DD-MM-YYYY'),to_date('31-12-2020','DD-MM-YYYY')) WHERE id =  221 ; 
UPDATE contrato set duracion =(to_date('01-01-2017','DD-MM-YYYY'),to_date('31-12-2020','DD-MM-YYYY')) WHERE id =  222 ; 
UPDATE contrato set duracion =(to_date('01-01-2014','DD-MM-YYYY'),to_date('31-12-2020','DD-MM-YYYY')) WHERE id =  223 ; 
UPDATE contrato set duracion =(to_date('01-01-2015','DD-MM-YYYY'),to_date('31-12-2020','DD-MM-YYYY')) WHERE id =  224 ; 
UPDATE contrato set duracion =(to_date('01-01-2018','DD-MM-YYYY'),to_date('31-12-2019','DD-MM-YYYY')) WHERE id =  225 ; 
UPDATE contrato set duracion =(to_date('01-01-2013','DD-MM-YYYY'),to_date('31-12-2020','DD-MM-YYYY')) WHERE id =  226 ; 
UPDATE contrato set duracion =(to_date('01-01-2013','DD-MM-YYYY'),to_date('31-12-2019','DD-MM-YYYY')) WHERE id =  227 ; 
UPDATE contrato set duracion =(to_date('01-01-2015','DD-MM-YYYY'),to_date('31-12-2019','DD-MM-YYYY')) WHERE id =  228 ; 
UPDATE contrato set duracion =(to_date('01-01-2019','DD-MM-YYYY'),to_date('31-12-2019','DD-MM-YYYY')) WHERE id =  229 ; 
UPDATE contrato set duracion =(to_date('01-01-2019','DD-MM-YYYY'),to_date('31-12-2019','DD-MM-YYYY')) WHERE id =  230 ; 
UPDATE contrato set duracion =(to_date('01-01-2019','DD-MM-YYYY'),to_date('31-12-2019','DD-MM-YYYY')) WHERE id =  231 ; 
UPDATE contrato set duracion =(to_date('01-01-2019','DD-MM-YYYY'),to_date('31-12-2019','DD-MM-YYYY')) WHERE id =  232 ; 
UPDATE contrato set duracion =(to_date('01-01-2019','DD-MM-YYYY'),to_date('31-12-2019','DD-MM-YYYY')) WHERE id =  233 ; 
UPDATE contrato set duracion =(to_date('01-01-2019','DD-MM-YYYY'),to_date('31-12-2019','DD-MM-YYYY')) WHERE id =  234 ; 
UPDATE contrato set duracion =(to_date('01-01-2020','DD-MM-YYYY'),to_date('31-12-2020','DD-MM-YYYY')) WHERE id =  235 ; 
UPDATE contrato set duracion =(to_date('01-01-2018','DD-MM-YYYY'),to_date('31-12-2019','DD-MM-YYYY')) WHERE id =  236 ; 
UPDATE contrato set duracion =(to_date('01-01-2020','DD-MM-YYYY'),to_date('31-12-2020','DD-MM-YYYY')) WHERE id =  237 ; 
UPDATE contrato set duracion =(to_date('01-01-2018','DD-MM-YYYY'),to_date('31-12-2019','DD-MM-YYYY')) WHERE id =  238 ; 
UPDATE contrato set duracion =(to_date('01-01-2020','DD-MM-YYYY'),to_date('31-12-2020','DD-MM-YYYY')) WHERE id =  239 ; 
UPDATE contrato set duracion =(to_date('01-01-2018','DD-MM-YYYY'),to_date('31-12-2019','DD-MM-YYYY')) WHERE id =  240 ; 
UPDATE contrato set duracion =(to_date('01-01-2020','DD-MM-YYYY'),to_date('31-12-2020','DD-MM-YYYY')) WHERE id =  241 ; 
UPDATE contrato set duracion =(to_date('01-01-2016','DD-MM-YYYY'),to_date('31-12-2019','DD-MM-YYYY')) WHERE id =  242 ; 
UPDATE contrato set duracion =(to_date('01-01-2016','DD-MM-YYYY'),to_date('31-12-2019','DD-MM-YYYY')) WHERE id =  243 ; 
UPDATE contrato set duracion =(to_date('01-01-2018','DD-MM-YYYY'),to_date('31-12-2019','DD-MM-YYYY')) WHERE id =  244 ; 
UPDATE contrato set duracion =(to_date('01-01-2020','DD-MM-YYYY'),to_date('31-12-2020','DD-MM-YYYY')) WHERE id =  245 ; 
UPDATE contrato set duracion =(to_date('01-01-2019','DD-MM-YYYY'),to_date('31-12-2019','DD-MM-YYYY')) WHERE id =  246 ; 
UPDATE contrato set duracion =(to_date('01-01-2020','DD-MM-YYYY'),to_date('31-12-2020','DD-MM-YYYY')) WHERE id =  247 ; 
UPDATE contrato set duracion =(to_date('01-01-2019','DD-MM-YYYY'),to_date('31-12-2019','DD-MM-YYYY')) WHERE id =  248 ; 
UPDATE contrato set duracion =(to_date('01-01-2020','DD-MM-YYYY'),to_date('31-12-2020','DD-MM-YYYY')) WHERE id =  249 ; 
UPDATE contrato set duracion =(to_date('01-01-2019','DD-MM-YYYY'),to_date('31-12-2019','DD-MM-YYYY')) WHERE id =  250 ; 
UPDATE contrato set duracion =(to_date('01-01-2020','DD-MM-YYYY'),to_date('31-12-2020','DD-MM-YYYY')) WHERE id =  251 ; 
UPDATE contrato set duracion =(to_date('01-01-2019','DD-MM-YYYY'),to_date('31-12-2019','DD-MM-YYYY')) WHERE id =  252 ; 
UPDATE contrato set duracion =(to_date('01-01-2019','DD-MM-YYYY'),to_date('31-12-2019','DD-MM-YYYY')) WHERE id =  253 ; 
UPDATE contrato set duracion =(to_date('01-01-2019','DD-MM-YYYY'),to_date('31-12-2019','DD-MM-YYYY')) WHERE id =  254 ; 
UPDATE contrato set duracion =(to_date('01-01-2020','DD-MM-YYYY'),to_date('31-12-2020','DD-MM-YYYY')) WHERE id =  255 ; 
UPDATE contrato set duracion =(to_date('01-01-2020','DD-MM-YYYY'),to_date('31-12-2020','DD-MM-YYYY')) WHERE id =  256 ; 
UPDATE contrato set duracion =(to_date('01-01-2020','DD-MM-YYYY'),to_date('31-12-2020','DD-MM-YYYY')) WHERE id =  258 ; 
UPDATE contrato set duracion =(to_date('01-01-2020','DD-MM-YYYY'),to_date('31-12-2020','DD-MM-YYYY')) WHERE id =  259 ; 
UPDATE contrato set duracion =(to_date('01-01-2020','DD-MM-YYYY'),to_date('31-12-2020','DD-MM-YYYY')) WHERE id =  260 ; 
UPDATE contrato set duracion =(to_date('01-01-2020','DD-MM-YYYY'),to_date('31-12-2020','DD-MM-YYYY')) WHERE id =  261 ; 
UPDATE contrato set duracion =(to_date('01-01-2020','DD-MM-YYYY'),to_date('31-12-2020','DD-MM-YYYY')) WHERE id =  262 ; 
UPDATE contrato set duracion =(to_date('01-01-2020','DD-MM-YYYY'),to_date('31-12-2020','DD-MM-YYYY')) WHERE id =  263 ; 
UPDATE contrato set duracion =(to_date('01-01-2020','DD-MM-YYYY'),to_date('31-12-2020','DD-MM-YYYY')) WHERE id =  264 ; 
UPDATE contrato set duracion =(to_date('01-01-2020','DD-MM-YYYY'),to_date('31-12-2020','DD-MM-YYYY')) WHERE id =  265 ; 
UPDATE contrato set duracion =(to_date('01-01-2020','DD-MM-YYYY'),to_date('31-12-2020','DD-MM-YYYY')) WHERE id =  266 ; 
UPDATE contrato set duracion =(to_date('01-01-2020','DD-MM-YYYY'),to_date('31-12-2020','DD-MM-YYYY')) WHERE id =  267 ; 
UPDATE contrato set duracion =(to_date('01-01-2020','DD-MM-YYYY'),to_date('31-12-2020','DD-MM-YYYY')) WHERE id =  268 ; 
UPDATE contrato set duracion =(to_date('01-01-2020','DD-MM-YYYY'),to_date('31-12-2020','DD-MM-YYYY')) WHERE id =  269 ; 
UPDATE contrato set duracion =(to_date('01-01-2020','DD-MM-YYYY'),to_date('31-12-2020','DD-MM-YYYY')) WHERE id =  270 ; 
UPDATE contrato set duracion =(to_date('01-01-2020','DD-MM-YYYY'),to_date('31-12-2020','DD-MM-YYYY')) WHERE id =  271 ; 
UPDATE contrato set duracion =(to_date('01-01-2020','DD-MM-YYYY'),to_date('31-12-2020','DD-MM-YYYY')) WHERE id =  272 ; 
UPDATE contrato set duracion =(to_date('01-01-2020','DD-MM-YYYY'),to_date('31-12-2020','DD-MM-YYYY')) WHERE id =  273 ; 
UPDATE contrato set duracion =(to_date('01-01-2020','DD-MM-YYYY'),to_date('31-12-2020','DD-MM-YYYY')) WHERE id =  274 ; 
UPDATE contrato set duracion =(to_date('01-01-2020','DD-MM-YYYY'),to_date('31-12-2020','DD-MM-YYYY')) WHERE id =  275 ; 
UPDATE contrato set duracion =(to_date('01-01-2020','DD-MM-YYYY'),to_date('31-12-2020','DD-MM-YYYY')) WHERE id =  276 ; 
UPDATE contrato set duracion =(to_date('01-01-2020','DD-MM-YYYY'),to_date('31-12-2020','DD-MM-YYYY')) WHERE id =  277 ; 
UPDATE contrato set duracion =(to_date('01-01-2020','DD-MM-YYYY'),to_date('31-12-2020','DD-MM-YYYY')) WHERE id =  278 ; 
UPDATE contrato set duracion =(to_date('01-01-2020','DD-MM-YYYY'),to_date('31-12-2020','DD-MM-YYYY')) WHERE id =  279 ; 
UPDATE contrato set duracion =(to_date('01-01-2020','DD-MM-YYYY'),to_date('31-12-2020','DD-MM-YYYY')) WHERE id =  280 ; 
UPDATE contrato set duracion =(to_date('01-01-2020','DD-MM-YYYY'),to_date('31-12-2020','DD-MM-YYYY')) WHERE id =  281 ; 
UPDATE contrato set duracion =(to_date('01-01-2020','DD-MM-YYYY'),to_date('31-12-2020','DD-MM-YYYY')) WHERE id =  282 ; 
UPDATE contrato set duracion =(to_date('01-01-2020','DD-MM-YYYY'),to_date('31-12-2020','DD-MM-YYYY')) WHERE id =  283 ; 
UPDATE contrato set duracion =(to_date('01-01-2020','DD-MM-YYYY'),to_date('31-12-2020','DD-MM-YYYY')) WHERE id =  284 ; 
UPDATE contrato set duracion =(to_date('01-01-2020','DD-MM-YYYY'),to_date('31-12-2020','DD-MM-YYYY')) WHERE id =  285 ; 
UPDATE contrato set duracion =(to_date('01-01-2020','DD-MM-YYYY'),to_date('31-12-2020','DD-MM-YYYY')) WHERE id =  286 ; 
UPDATE contrato set duracion =(to_date('01-01-2020','DD-MM-YYYY'),to_date('31-12-2020','DD-MM-YYYY')) WHERE id =  287 ; 
UPDATE contrato set duracion =(to_date('01-01-2020','DD-MM-YYYY'),to_date('31-12-2020','DD-MM-YYYY')) WHERE id =  288 ; 
UPDATE contrato set duracion =(to_date('01-01-2020','DD-MM-YYYY'),to_date('31-12-2020','DD-MM-YYYY')) WHERE id =  289 ; 
UPDATE contrato set duracion =(to_date('01-01-2020','DD-MM-YYYY'),to_date('31-12-2020','DD-MM-YYYY')) WHERE id =  290 ; 
UPDATE contrato set duracion =(to_date('01-01-2020','DD-MM-YYYY'),to_date('31-12-2020','DD-MM-YYYY')) WHERE id =  291 ; 
UPDATE contrato set duracion =(to_date('01-01-2020','DD-MM-YYYY'),to_date('31-12-2020','DD-MM-YYYY')) WHERE id =  292 ; 
UPDATE contrato set duracion =(to_date('01-01-2020','DD-MM-YYYY'),to_date('31-12-2020','DD-MM-YYYY')) WHERE id =  293 ; 
UPDATE contrato set duracion =(to_date('01-01-2020','DD-MM-YYYY'),to_date('31-12-2020','DD-MM-YYYY')) WHERE id =  294 ; 
UPDATE contrato set duracion =(to_date('01-01-2020','DD-MM-YYYY'),to_date('31-12-2020','DD-MM-YYYY')) WHERE id =  295 ; 
UPDATE contrato set duracion =(to_date('01-01-2020','DD-MM-YYYY'),to_date('31-12-2020','DD-MM-YYYY')) WHERE id =  296 ; 
UPDATE contrato set duracion =(to_date('01-01-2020','DD-MM-YYYY'),to_date('31-12-2020','DD-MM-YYYY')) WHERE id =  297 ; 
UPDATE contrato set duracion =(to_date('01-01-2020','DD-MM-YYYY'),to_date('31-12-2020','DD-MM-YYYY')) WHERE id =  298 ; 
UPDATE contrato set duracion =(to_date('01-01-2020','DD-MM-YYYY'),to_date('31-12-2020','DD-MM-YYYY')) WHERE id =  299 ; 
UPDATE contrato set duracion =(to_date('01-01-2020','DD-MM-YYYY'),to_date('31-12-2020','DD-MM-YYYY')) WHERE id =  300 ; 
UPDATE contrato set duracion =(to_date('01-01-2020','DD-MM-YYYY'),to_date('31-12-2020','DD-MM-YYYY')) WHERE id =  301 ; 
UPDATE contrato set duracion =(to_date('01-01-2020','DD-MM-YYYY'),to_date('31-12-2020','DD-MM-YYYY')) WHERE id =  302 ; 
UPDATE contrato set duracion =(to_date('01-01-2020','DD-MM-YYYY'),to_date('31-12-2020','DD-MM-YYYY')) WHERE id =  303 ; 
UPDATE contrato set duracion =(to_date('01-01-2020','DD-MM-YYYY'),to_date('31-12-2020','DD-MM-YYYY')) WHERE id =  304 ; 
UPDATE contrato set duracion =(to_date('01-01-2020','DD-MM-YYYY'),to_date('31-12-2020','DD-MM-YYYY')) WHERE id =  305 ; 
UPDATE contrato set duracion =(to_date('01-01-2020','DD-MM-YYYY'),to_date('31-12-2020','DD-MM-YYYY')) WHERE id =  306 ; 
UPDATE contrato set duracion =(to_date('01-01-2020','DD-MM-YYYY'),to_date('31-12-2020','DD-MM-YYYY')) WHERE id =  307 ; 
UPDATE contrato set duracion =(to_date('01-01-2020','DD-MM-YYYY'),to_date('31-12-2020','DD-MM-YYYY')) WHERE id =  308 ; 
UPDATE contrato set duracion =(to_date('01-01-2020','DD-MM-YYYY'),to_date('31-12-2020','DD-MM-YYYY')) WHERE id =  309 ; 
UPDATE contrato set duracion =(to_date('01-01-2020','DD-MM-YYYY'),to_date('31-12-2020','DD-MM-YYYY')) WHERE id =  310 ; 
UPDATE contrato set duracion =(to_date('01-01-2020','DD-MM-YYYY'),to_date('31-12-2020','DD-MM-YYYY')) WHERE id =  311 ; 
UPDATE contrato set duracion =(to_date('01-01-2020','DD-MM-YYYY'),to_date('31-12-2020','DD-MM-YYYY')) WHERE id =  312 ; 
UPDATE contrato set duracion =(to_date('01-01-2020','DD-MM-YYYY'),to_date('31-12-2020','DD-MM-YYYY')) WHERE id =  313 ; 
UPDATE contrato set duracion =(to_date('01-01-2020','DD-MM-YYYY'),to_date('31-12-2020','DD-MM-YYYY')) WHERE id =  314 ; 
UPDATE contrato set duracion =(to_date('01-01-2020','DD-MM-YYYY'),to_date('31-12-2020','DD-MM-YYYY')) WHERE id =  315 ; 
UPDATE contrato set duracion =(to_date('01-01-2020','DD-MM-YYYY'),to_date('31-12-2020','DD-MM-YYYY')) WHERE id =  316 ; 
UPDATE contrato set duracion =(to_date('01-01-2020','DD-MM-YYYY'),to_date('31-12-2020','DD-MM-YYYY')) WHERE id =  317 ; 
UPDATE contrato set duracion =(to_date('01-01-2020','DD-MM-YYYY'),to_date('31-12-2020','DD-MM-YYYY')) WHERE id =  318 ; 
UPDATE contrato set duracion =(to_date('01-01-2020','DD-MM-YYYY'),to_date('31-12-2020','DD-MM-YYYY')) WHERE id =  319 ; 
UPDATE contrato set duracion =(to_date('01-01-2020','DD-MM-YYYY'),to_date('31-12-2020','DD-MM-YYYY')) WHERE id =  320 ; 
UPDATE contrato set duracion =(to_date('01-01-2020','DD-MM-YYYY'),to_date('31-12-2020','DD-MM-YYYY')) WHERE id =  321 ; 
