-- Fabricantes
INSERT INTO fabricante(id,nombre) VALUES (1,'Toyota');
INSERT INTO fabricante(id,nombre) VALUES (2,'BG Engineering Group, LLC');
INSERT INTO fabricante(id,nombre) VALUES (3,'Rebellion');
INSERT INTO fabricante(id,nombre) VALUES (4,'Alpine');
INSERT INTO fabricante(id,nombre) VALUES (5,'Oreca');
INSERT INTO fabricante(id,nombre) VALUES (6,'Ligier');
INSERT INTO fabricante(id,nombre) VALUES (7,'Aurus');
INSERT INTO fabricante(id,nombre) VALUES (8,'Dallara');
INSERT INTO fabricante(id,nombre) VALUES (9,'Ferrari');
INSERT INTO fabricante(id,nombre) VALUES (10,'Porsche');
INSERT INTO fabricante(id,nombre) VALUES (11,'Ford');
INSERT INTO fabricante(id,nombre) VALUES (12,'Chevrolet');
INSERT INTO fabricante(id,nombre) VALUES (13,'BMW');
INSERT INTO fabricante(id,nombre) VALUES (14,'Aston Martin');
INSERT INTO fabricante(id,nombre) VALUES (15,'Enso');

--Modelos
INSERT INTO modelo(id,nombre,id_fabricante) VALUES (1,'TS050 Hybrid',1);
INSERT INTO modelo(id,nombre,id_fabricante) VALUES (2,'BR1',2);
INSERT INTO modelo(id,nombre,id_fabricante) VALUES (3,'R13',3);
INSERT INTO modelo(id,nombre,id_fabricante) VALUES (4,'A470',4);
INSERT INTO modelo(id,nombre,id_fabricante) VALUES (5,'07',5);
INSERT INTO modelo(id,nombre,id_fabricante) VALUES (6,'JSP217',6);
INSERT INTO modelo(id,nombre,id_fabricante) VALUES (7,'01',7);
INSERT INTO modelo(id,nombre,id_fabricante) VALUES (8,'P217',8);
INSERT INTO modelo(id,nombre,id_fabricante) VALUES (9,'488 GTE EVO',9);
INSERT INTO modelo(id,nombre,id_fabricante) VALUES (10,'911 RSR',10);
INSERT INTO modelo(id,nombre,id_fabricante) VALUES (11,'GT',11);
INSERT INTO modelo(id,nombre,id_fabricante) VALUES (12,'Corvette C7R',12);
INSERT INTO modelo(id,nombre,id_fabricante) VALUES (13,'M8 GTE',13);
INSERT INTO modelo(id,nombre,id_fabricante) VALUES (14,'488 GTE',9);
INSERT INTO modelo(id,nombre,id_fabricante) VALUES (15,'Vantage',14);
INSERT INTO modelo(id,nombre,id_fabricante) VALUES (16,'CLM P1/01',15);
INSERT INTO modelo(id,nombre,id_fabricante) VALUES (17,'Vantage AMR',14);
INSERT INTO modelo(id,nombre,id_fabricante) VALUES (18,'911 RSR - 19',10);

--Equipos
INSERT INTO equipo(id,nombre,numero_equipo,id_fabricante,activo) VALUES (1,'TOYOTA GAZOO RACING',8,1,'T');
INSERT INTO equipo(id,nombre,numero_equipo,id_fabricante,activo) VALUES (2,'TOYOTA GAZOO RACING',7,1,'T');
INSERT INTO equipo(id,nombre,numero_equipo,id_fabricante,activo) VALUES (3,'SMP RACING',11,2,'F');
INSERT INTO equipo(id,nombre,numero_equipo,id_fabricante,activo) VALUES (4,'REBELLION RACING',1,3,'T');
INSERT INTO equipo(id,nombre,numero_equipo,id_fabricante,activo) VALUES (5,'REBELLION RACING',3,3,'T');
INSERT INTO equipo(id,nombre,numero_equipo,id_fabricante,activo) VALUES (6,'SIGNATECH ALPINE MATMUT',36,4,'F');
INSERT INTO equipo(id,nombre,numero_equipo,id_fabricante,activo) VALUES (7,'JACKIE CHAN DC RACING',38,5,'F');
INSERT INTO equipo(id,nombre,numero_equipo,id_fabricante,activo) VALUES (8,'TDS RACING',28,5,'F');
INSERT INTO equipo(id,nombre,numero_equipo,id_fabricante,activo) VALUES (9,'UNITED AUTOSPORTS',22,6,'T');
INSERT INTO equipo(id,nombre,numero_equipo,id_fabricante,activo) VALUES (10,'IDEC SPORT',48,5,'F');
INSERT INTO equipo(id,nombre,numero_equipo,id_fabricante,activo) VALUES (11,'G-DRIVE RACING',26,7,'T');
INSERT INTO equipo(id,nombre,numero_equipo,id_fabricante,activo) VALUES (12,'DUQUEINE ENGINEERING',30,5,'F');
INSERT INTO equipo(id,nombre,numero_equipo,id_fabricante,activo) VALUES (13,'PANIS BARTHEZ COMPETITION',23,6,'F');
INSERT INTO equipo(id,nombre,numero_equipo,id_fabricante,activo) VALUES (14,'GRAFF',39,5,'F');
INSERT INTO equipo(id,nombre,numero_equipo,id_fabricante,activo) VALUES (15,'ALGARVE PRO RACING',25,5,'T');
INSERT INTO equipo(id,nombre,numero_equipo,id_fabricante,activo) VALUES (16,'HIGH CLASS RACING',20,5,'F');
INSERT INTO equipo(id,nombre,numero_equipo,id_fabricante,activo) VALUES (17,'LARBRE COMPETITON',50,6,'F');
INSERT INTO equipo(id,nombre,numero_equipo,id_fabricante,activo) VALUES (18,'CETILAR R. VILLORBA CORSE',47,8,'F');
INSERT INTO equipo(id,nombre,numero_equipo,id_fabricante,activo) VALUES (19,'UNITED AUTOSPORTS',32,6,'T');
INSERT INTO equipo(id,nombre,numero_equipo,id_fabricante,activo) VALUES (20,'AF CORSE',51,9,'T');
INSERT INTO equipo(id,nombre,numero_equipo,id_fabricante,activo) VALUES (21,'PORSCHE GT TEAM',91,10,'T');
INSERT INTO equipo(id,nombre,numero_equipo,id_fabricante,activo) VALUES (22,'PORSCHE GT TEAM',93,10,'F');
INSERT INTO equipo(id,nombre,numero_equipo,id_fabricante,activo) VALUES (23,'FORD CHIP GANASSI TEAM UK',67,11,'F');
INSERT INTO equipo(id,nombre,numero_equipo,id_fabricante,activo) VALUES (24,'FORD CHIP GANASSI TEAM USA',69,11,'F');
INSERT INTO equipo(id,nombre,numero_equipo,id_fabricante,activo) VALUES (25,'FORD CHIP GANASSI TEAM UK',66,11,'F');
INSERT INTO equipo(id,nombre,numero_equipo,id_fabricante,activo) VALUES (26,'RACING TEAM NEDERLAND',29,8,'T');
INSERT INTO equipo(id,nombre,numero_equipo,id_fabricante,activo) VALUES (27,'PORSCHE GT TEAM',94,10,'F');
INSERT INTO equipo(id,nombre,numero_equipo,id_fabricante,activo) VALUES (28,'CORVETTE RACING',63,12,'F');
INSERT INTO equipo(id,nombre,numero_equipo,id_fabricante,activo) VALUES (29,'PORSCHE GT TEAM',92,10,'T');
INSERT INTO equipo(id,nombre,numero_equipo,id_fabricante,activo) VALUES (30,'BMW TEAM MTEK',82,13,'F');
INSERT INTO equipo(id,nombre,numero_equipo,id_fabricante,activo) VALUES (31,'TEAM PROJECT 1',56,10,'T');
INSERT INTO equipo(id,nombre,numero_equipo,id_fabricante,activo) VALUES (32,'JMW MOTORSPORT',84,9,'F');
INSERT INTO equipo(id,nombre,numero_equipo,id_fabricante,activo) VALUES (33,'WEATHERTECH RACING',62,9,'F');
INSERT INTO equipo(id,nombre,numero_equipo,id_fabricante,activo) VALUES (34,'DEMPSEY-PROTON RACING',77,10,'T');
INSERT INTO equipo(id,nombre,numero_equipo,id_fabricante,activo) VALUES (35,'CAR GUY RACING',57,9,'F');
INSERT INTO equipo(id,nombre,numero_equipo,id_fabricante,activo) VALUES (36,'PROTON COMPETITION',78,10,'T');
INSERT INTO equipo(id,nombre,numero_equipo,id_fabricante,activo) VALUES (37,'CLEARWATER RACING',61,9,'F');
INSERT INTO equipo(id,nombre,numero_equipo,id_fabricante,activo) VALUES (38,'GULF RACING',86,10,'T');
INSERT INTO equipo(id,nombre,numero_equipo,id_fabricante,activo) VALUES (39,'KESSEL RACING',83,9,'F');
INSERT INTO equipo(id,nombre,numero_equipo,id_fabricante,activo) VALUES (40,'RISI COMPETIZIONE',89,9,'F');
INSERT INTO equipo(id,nombre,numero_equipo,id_fabricante,activo) VALUES (41,'MR RACING',70,9,'T');
INSERT INTO equipo(id,nombre,numero_equipo,id_fabricante,activo) VALUES (42,'TF SPORT',90,14,'T');
INSERT INTO equipo(id,nombre,numero_equipo,id_fabricante,activo) VALUES (43,'SPIRIT OF RACE',54,9,'F');
INSERT INTO equipo(id,nombre,numero_equipo,id_fabricante,activo) VALUES (44,'ASTON MARTIN RACING',97,14,'T');
INSERT INTO equipo(id,nombre,numero_equipo,id_fabricante,activo) VALUES (45,'INTER EUROPOL COMPETITION',34,6,'T');
INSERT INTO equipo(id,nombre,numero_equipo,id_fabricante,activo) VALUES (46,'KESSEL RACING',60,9,'F');
INSERT INTO equipo(id,nombre,numero_equipo,id_fabricante,activo) VALUES (47,'BMW TEAM MTEK',81,13,'F');
INSERT INTO equipo(id,nombre,numero_equipo,id_fabricante,activo) VALUES (48,'RLR M SPORT/TOWER EVENTS',43,5,'F');
INSERT INTO equipo(id,nombre,numero_equipo,id_fabricante,activo) VALUES (49,'DRAGONSPEED',31,5,'F');
INSERT INTO equipo(id,nombre,numero_equipo,id_fabricante,activo) VALUES (50,'JACKIE CHAN DC RACING',37,5,'F');
INSERT INTO equipo(id,nombre,numero_equipo,id_fabricante,activo) VALUES (51,'SMP RACING',17,2,'F');
INSERT INTO equipo(id,nombre,numero_equipo,id_fabricante,activo) VALUES (52,'BYKOLLES RACING TEAM',4,15,'T');
INSERT INTO equipo(id,nombre,numero_equipo,id_fabricante,activo) VALUES (53,'ARC BRATISLAVA',49,6,'F');
INSERT INTO equipo(id,nombre,numero_equipo,id_fabricante,activo) VALUES (54,'AF CORSE',71,9,'T');
INSERT INTO equipo(id,nombre,numero_equipo,id_fabricante,activo) VALUES (55,'ASTON MARTIN RACING',95,15,'T');
INSERT INTO equipo(id,nombre,numero_equipo,id_fabricante,activo) VALUES (56,'ASTON MARTIN RACING',98,15,'T');
INSERT INTO equipo(id,nombre,numero_equipo,id_fabricante,activo) VALUES (57,'CORVETTE RACING',64,12,'F');
INSERT INTO equipo(id,nombre,numero_equipo,id_fabricante,activo) VALUES (58,'DEMPSEY-PROTON RACING',88,10,'T');
INSERT INTO equipo(id,nombre,numero_equipo,id_fabricante,activo) VALUES (59,'DRAGONSPEED',10,2,'F');
INSERT INTO equipo(id,nombre,numero_equipo,id_fabricante,activo) VALUES (60,'FORD CHIP GANASSI TEAM USA',68,11,'F');
INSERT INTO equipo(id,nombre,numero_equipo,id_fabricante,activo) VALUES (61,'KEATING MOTORSPORTS',85,11,'F');
INSERT INTO equipo(id,nombre,numero_equipo,id_fabricante,activo) VALUES (62,'DEMPSEY-PROTON RACING',99,10,'T');
INSERT INTO equipo(id,nombre,numero_equipo,id_fabricante,activo) VALUES (63,'JOTA',38,5,'T');
INSERT INTO equipo(id,nombre,numero_equipo,id_fabricante,activo) VALUES (64,'PANIS RACING',31,5,'T');
INSERT INTO equipo(id,nombre,numero_equipo,id_fabricante,activo) VALUES (65,'SIGNATECH ALPINE ELF',36,4,'T');
INSERT INTO equipo(id,nombre,numero_equipo,id_fabricante,activo) VALUES (66,'IDEC SPORT',28,5,'T');
INSERT INTO equipo(id,nombre,numero_equipo,id_fabricante,activo) VALUES (67,'COOL RACING',42,5,'T');
INSERT INTO equipo(id,nombre,numero_equipo,id_fabricante,activo) VALUES (68,'RICHARD MILLE RACING TEAM',50,5,'T');
INSERT INTO equipo(id,nombre,numero_equipo,id_fabricante,activo) VALUES (69,'CETILAR RACING',47,8,'T');
INSERT INTO equipo(id,nombre,numero_equipo,id_fabricante,activo) VALUES (70,'IDEC SPORT',17,5,'T');
INSERT INTO equipo(id,nombre,numero_equipo,id_fabricante,activo) VALUES (71,'DRAGONSPEED USA',27,5,'T');
INSERT INTO equipo(id,nombre,numero_equipo,id_fabricante,activo) VALUES (72,'EURASIA MOTORSPORT',35,6,'T');
INSERT INTO equipo(id,nombre,numero_equipo,id_fabricante,activo) VALUES (73,'RISI COMPETIZIONE',82,9,'T');
INSERT INTO equipo(id,nombre,numero_equipo,id_fabricante,activo) VALUES (74,'AF CORSE',83,9,'T');
INSERT INTO equipo(id,nombre,numero_equipo,id_fabricante,activo) VALUES (75,'NIELSEN RACING',24,5,'T');
INSERT INTO equipo(id,nombre,numero_equipo,id_fabricante,activo) VALUES (76,'JMW MOTORSPORT',66,9,'T');
INSERT INTO equipo(id,nombre,numero_equipo,id_fabricante,activo) VALUES (77,'LUZICH RACING',61,9,'T');
INSERT INTO equipo(id,nombre,numero_equipo,id_fabricante,activo) VALUES (78,'IRON LYNX',85,9,'T');
INSERT INTO equipo(id,nombre,numero_equipo,id_fabricante,activo) VALUES (79,'IRON LYNX',60,9,'T');
INSERT INTO equipo(id,nombre,numero_equipo,id_fabricante,activo) VALUES (80,'AF CORSE',54,9,'T');
INSERT INTO equipo(id,nombre,numero_equipo,id_fabricante,activo) VALUES (81,'TEAM PROJECT 1',57,10,'T');
INSERT INTO equipo(id,nombre,numero_equipo,id_fabricante,activo) VALUES (82,'RED RIVER SPORT',62,9,'T');
INSERT INTO equipo(id,nombre,numero_equipo,id_fabricante,activo) VALUES (83,'TEAM PROJECT 1',89,10,'T');
INSERT INTO equipo(id,nombre,numero_equipo,id_fabricante,activo) VALUES (84,'SO24-HAS BY GRAFF',39,5,'T');
INSERT INTO equipo(id,nombre,numero_equipo,id_fabricante,activo) VALUES (85,'HUB AUTO RACING',72,9,'T');
INSERT INTO equipo(id,nombre,numero_equipo,id_fabricante,activo) VALUES (87,'IRON LYNX',75,9,'T');
INSERT INTO equipo(id,nombre,numero_equipo,id_fabricante,activo) VALUES (88,'DRAGONSPEED USA',21,5,'T');
INSERT INTO equipo(id,nombre,numero_equipo,id_fabricante,activo) VALUES (89,'WEATHERTECH RACING',63,9,'T');
INSERT INTO equipo(id,nombre,numero_equipo,id_fabricante,activo) VALUES (90,'G-DRIVE RACING BY ALGARVE',16,5,'T');
INSERT INTO equipo(id,nombre,numero_equipo,id_fabricante,activo) VALUES (91,'DUQUEINE TEAM',30,5,'T');
INSERT INTO equipo(id,nombre,numero_equipo,id_fabricante,activo) VALUES (92,'HIGH CLASS RACING',33,5,'T');
INSERT INTO equipo(id,nombre,numero_equipo,id_fabricante,activo) VALUES (93,'AF CORSE',52,9,'T');
INSERT INTO equipo(id,nombre,numero_equipo,id_fabricante,activo) VALUES (94,'SPIRIT OF RACE',55,9,'T');
INSERT INTO equipo(id,nombre,numero_equipo,id_fabricante,activo) VALUES (95,'EUROINTERNATIONAL',11,6,'T');
INSERT INTO equipo(id,nombre,numero_equipo,id_fabricante,activo) VALUES (96,'JACKIE CHAN DC RACING',37,5,'T');

--Organizacion
INSERT INTO organizacion(id,nombre) VALUES (1,'Automobile Club de l`Ouest');

--Pistas
INSERT INTO pista(id, nombre, kilometraje) VALUES (1,'Circuito de la Sarthe',13.626);

--Sectores
INSERT INTO sector(id,nombre,id_pista) VALUES (1,'Chicanas Ford',1);
INSERT INTO sector(id,nombre,id_pista) VALUES (2,'Curvas Porsche',1);
INSERT INTO sector(id,nombre,id_pista) VALUES (3,'Arnage',1);
INSERT INTO sector(id,nombre,id_pista) VALUES (4,'Indianapolis',1);
INSERT INTO sector(id,nombre,id_pista) VALUES (5,'Mulsanne',1);
INSERT INTO sector(id,nombre,id_pista) VALUES (6,'Recta Mulsanne',1);
INSERT INTO sector(id,nombre,id_pista) VALUES (7,'Chicana Michelin',1);
INSERT INTO sector(id,nombre,id_pista) VALUES (8,'Chicana Playstation',1);
INSERT INTO sector(id,nombre,id_pista) VALUES (9,'Tertre Rouge',1);
INSERT INTO sector(id,nombre,id_pista) VALUES (10,'Eses',1);
INSERT INTO sector(id,nombre,id_pista) VALUES (11,'Chicana Dunlop',1);
INSERT INTO sector(id,nombre,id_pista) VALUES (12,'Curva Dunlop',1);
INSERT INTO sector(id,nombre,id_pista) VALUES (13,'General',1);

--Eventos
INSERT INTO evento(id,ano,tipo,id_organizacion,id_pista) VALUES (1,2019,'Ensayo',1,1);
INSERT INTO evento(id,ano,tipo,id_organizacion,id_pista) VALUES (2,2019,'Carrera',1,1);
INSERT INTO evento(id,ano,tipo,id_organizacion,id_pista) VALUES (3,2020,'Ensayo',1,1);
INSERT INTO evento(id,ano,tipo,id_organizacion,id_pista) VALUES (4,2020,'Carrera',1,1);

--Equipo-Evento
INSERT INTO equipo_evento(id_equipo,id_evento) VALUES (1,1);
INSERT INTO equipo_evento(id_equipo,id_evento) VALUES (2,1);
INSERT INTO equipo_evento(id_equipo,id_evento) VALUES (3,1);
INSERT INTO equipo_evento(id_equipo,id_evento) VALUES (4,1);
INSERT INTO equipo_evento(id_equipo,id_evento) VALUES (5,1);
INSERT INTO equipo_evento(id_equipo,id_evento) VALUES (6,1);
INSERT INTO equipo_evento(id_equipo,id_evento) VALUES (7,1);
INSERT INTO equipo_evento(id_equipo,id_evento) VALUES (8,1);
INSERT INTO equipo_evento(id_equipo,id_evento) VALUES (9,1);
INSERT INTO equipo_evento(id_equipo,id_evento) VALUES (10,1);
INSERT INTO equipo_evento(id_equipo,id_evento) VALUES (11,1);
INSERT INTO equipo_evento(id_equipo,id_evento) VALUES (12,1);
INSERT INTO equipo_evento(id_equipo,id_evento) VALUES (13,1);
INSERT INTO equipo_evento(id_equipo,id_evento) VALUES (14,1);
INSERT INTO equipo_evento(id_equipo,id_evento) VALUES (15,1);
INSERT INTO equipo_evento(id_equipo,id_evento) VALUES (16,1);
INSERT INTO equipo_evento(id_equipo,id_evento) VALUES (17,1);
INSERT INTO equipo_evento(id_equipo,id_evento) VALUES (18,1);
INSERT INTO equipo_evento(id_equipo,id_evento) VALUES (19,1);
INSERT INTO equipo_evento(id_equipo,id_evento) VALUES (20,1);
INSERT INTO equipo_evento(id_equipo,id_evento) VALUES (21,1);
INSERT INTO equipo_evento(id_equipo,id_evento) VALUES (22,1);
INSERT INTO equipo_evento(id_equipo,id_evento) VALUES (23,1);
INSERT INTO equipo_evento(id_equipo,id_evento) VALUES (24,1);
INSERT INTO equipo_evento(id_equipo,id_evento) VALUES (25,1);
INSERT INTO equipo_evento(id_equipo,id_evento) VALUES (26,1);
INSERT INTO equipo_evento(id_equipo,id_evento) VALUES (27,1);
INSERT INTO equipo_evento(id_equipo,id_evento) VALUES (28,1);
INSERT INTO equipo_evento(id_equipo,id_evento) VALUES (29,1);
INSERT INTO equipo_evento(id_equipo,id_evento) VALUES (30,1);
INSERT INTO equipo_evento(id_equipo,id_evento) VALUES (31,1);
INSERT INTO equipo_evento(id_equipo,id_evento) VALUES (32,1);
INSERT INTO equipo_evento(id_equipo,id_evento) VALUES (33,1);
INSERT INTO equipo_evento(id_equipo,id_evento) VALUES (34,1);
INSERT INTO equipo_evento(id_equipo,id_evento) VALUES (35,1);
INSERT INTO equipo_evento(id_equipo,id_evento) VALUES (36,1);
INSERT INTO equipo_evento(id_equipo,id_evento) VALUES (37,1);
INSERT INTO equipo_evento(id_equipo,id_evento) VALUES (38,1);
INSERT INTO equipo_evento(id_equipo,id_evento) VALUES (39,1);
INSERT INTO equipo_evento(id_equipo,id_evento) VALUES (40,1);
INSERT INTO equipo_evento(id_equipo,id_evento) VALUES (41,1);
INSERT INTO equipo_evento(id_equipo,id_evento) VALUES (42,1);
INSERT INTO equipo_evento(id_equipo,id_evento) VALUES (43,1);
INSERT INTO equipo_evento(id_equipo,id_evento) VALUES (44,1);
INSERT INTO equipo_evento(id_equipo,id_evento) VALUES (45,1);
INSERT INTO equipo_evento(id_equipo,id_evento) VALUES (46,1);
INSERT INTO equipo_evento(id_equipo,id_evento) VALUES (47,1);
INSERT INTO equipo_evento(id_equipo,id_evento) VALUES (48,1);
INSERT INTO equipo_evento(id_equipo,id_evento) VALUES (49,1);
INSERT INTO equipo_evento(id_equipo,id_evento) VALUES (50,1);
INSERT INTO equipo_evento(id_equipo,id_evento) VALUES (51,1);
INSERT INTO equipo_evento(id_equipo,id_evento) VALUES (52,1);
INSERT INTO equipo_evento(id_equipo,id_evento) VALUES (53,1);
INSERT INTO equipo_evento(id_equipo,id_evento) VALUES (54,1);
INSERT INTO equipo_evento(id_equipo,id_evento) VALUES (55,1);
INSERT INTO equipo_evento(id_equipo,id_evento) VALUES (56,1);
INSERT INTO equipo_evento(id_equipo,id_evento) VALUES (57,1);
INSERT INTO equipo_evento(id_equipo,id_evento) VALUES (58,1);
INSERT INTO equipo_evento(id_equipo,id_evento) VALUES (59,1);
INSERT INTO equipo_evento(id_equipo,id_evento) VALUES (60,1);
INSERT INTO equipo_evento(id_equipo,id_evento) VALUES (61,1);
INSERT INTO equipo_evento(id_equipo,id_evento) VALUES (62,1);
INSERT INTO equipo_evento(id_equipo,id_evento) VALUES (1,2);
INSERT INTO equipo_evento(id_equipo,id_evento) VALUES (2,2);
INSERT INTO equipo_evento(id_equipo,id_evento) VALUES (3,2);
INSERT INTO equipo_evento(id_equipo,id_evento) VALUES (4,2);
INSERT INTO equipo_evento(id_equipo,id_evento) VALUES (5,2);
INSERT INTO equipo_evento(id_equipo,id_evento) VALUES (6,2);
INSERT INTO equipo_evento(id_equipo,id_evento) VALUES (7,2);
INSERT INTO equipo_evento(id_equipo,id_evento) VALUES (8,2);
INSERT INTO equipo_evento(id_equipo,id_evento) VALUES (9,2);
INSERT INTO equipo_evento(id_equipo,id_evento) VALUES (10,2);
INSERT INTO equipo_evento(id_equipo,id_evento) VALUES (11,2);
INSERT INTO equipo_evento(id_equipo,id_evento) VALUES (12,2);
INSERT INTO equipo_evento(id_equipo,id_evento) VALUES (13,2);
INSERT INTO equipo_evento(id_equipo,id_evento) VALUES (14,2);
INSERT INTO equipo_evento(id_equipo,id_evento) VALUES (15,2);
INSERT INTO equipo_evento(id_equipo,id_evento) VALUES (16,2);
INSERT INTO equipo_evento(id_equipo,id_evento) VALUES (17,2);
INSERT INTO equipo_evento(id_equipo,id_evento) VALUES (18,2);
INSERT INTO equipo_evento(id_equipo,id_evento) VALUES (19,2);
INSERT INTO equipo_evento(id_equipo,id_evento) VALUES (20,2);
INSERT INTO equipo_evento(id_equipo,id_evento) VALUES (21,2);
INSERT INTO equipo_evento(id_equipo,id_evento) VALUES (22,2);
INSERT INTO equipo_evento(id_equipo,id_evento) VALUES (23,2);
INSERT INTO equipo_evento(id_equipo,id_evento) VALUES (24,2);
INSERT INTO equipo_evento(id_equipo,id_evento) VALUES (25,2);
INSERT INTO equipo_evento(id_equipo,id_evento) VALUES (26,2);
INSERT INTO equipo_evento(id_equipo,id_evento) VALUES (27,2);
INSERT INTO equipo_evento(id_equipo,id_evento) VALUES (28,2);
INSERT INTO equipo_evento(id_equipo,id_evento) VALUES (29,2);
INSERT INTO equipo_evento(id_equipo,id_evento) VALUES (30,2);
INSERT INTO equipo_evento(id_equipo,id_evento) VALUES (31,2);
INSERT INTO equipo_evento(id_equipo,id_evento) VALUES (32,2);
INSERT INTO equipo_evento(id_equipo,id_evento) VALUES (33,2);
INSERT INTO equipo_evento(id_equipo,id_evento) VALUES (34,2);
INSERT INTO equipo_evento(id_equipo,id_evento) VALUES (35,2);
INSERT INTO equipo_evento(id_equipo,id_evento) VALUES (36,2);
INSERT INTO equipo_evento(id_equipo,id_evento) VALUES (37,2);
INSERT INTO equipo_evento(id_equipo,id_evento) VALUES (38,2);
INSERT INTO equipo_evento(id_equipo,id_evento) VALUES (39,2);
INSERT INTO equipo_evento(id_equipo,id_evento) VALUES (40,2);
INSERT INTO equipo_evento(id_equipo,id_evento) VALUES (41,2);
INSERT INTO equipo_evento(id_equipo,id_evento) VALUES (42,2);
INSERT INTO equipo_evento(id_equipo,id_evento) VALUES (43,2);
INSERT INTO equipo_evento(id_equipo,id_evento) VALUES (44,2);
INSERT INTO equipo_evento(id_equipo,id_evento) VALUES (45,2);
INSERT INTO equipo_evento(id_equipo,id_evento) VALUES (46,2);
INSERT INTO equipo_evento(id_equipo,id_evento) VALUES (47,2);
INSERT INTO equipo_evento(id_equipo,id_evento) VALUES (48,2);
INSERT INTO equipo_evento(id_equipo,id_evento) VALUES (49,2);
INSERT INTO equipo_evento(id_equipo,id_evento) VALUES (50,2);
INSERT INTO equipo_evento(id_equipo,id_evento) VALUES (51,2);
INSERT INTO equipo_evento(id_equipo,id_evento) VALUES (52,2);
INSERT INTO equipo_evento(id_equipo,id_evento) VALUES (53,2);
INSERT INTO equipo_evento(id_equipo,id_evento) VALUES (54,2);
INSERT INTO equipo_evento(id_equipo,id_evento) VALUES (55,2);
INSERT INTO equipo_evento(id_equipo,id_evento) VALUES (56,2);
INSERT INTO equipo_evento(id_equipo,id_evento) VALUES (57,2);
INSERT INTO equipo_evento(id_equipo,id_evento) VALUES (58,2);
INSERT INTO equipo_evento(id_equipo,id_evento) VALUES (59,2);
INSERT INTO equipo_evento(id_equipo,id_evento) VALUES (60,2);
INSERT INTO equipo_evento(id_equipo,id_evento) VALUES (61,2);
INSERT INTO equipo_evento(id_equipo,id_evento) VALUES (62,2);
INSERT INTO equipo_evento(id_equipo,id_evento) VALUES (1,3);
INSERT INTO equipo_evento(id_equipo,id_evento) VALUES (2,3);
INSERT INTO equipo_evento(id_equipo,id_evento) VALUES (4,3);
INSERT INTO equipo_evento(id_equipo,id_evento) VALUES (5,3);
INSERT INTO equipo_evento(id_equipo,id_evento) VALUES (9,3);
INSERT INTO equipo_evento(id_equipo,id_evento) VALUES (11,3);
INSERT INTO equipo_evento(id_equipo,id_evento) VALUES (15,3);
INSERT INTO equipo_evento(id_equipo,id_evento) VALUES (19,3);
INSERT INTO equipo_evento(id_equipo,id_evento) VALUES (20,3);
INSERT INTO equipo_evento(id_equipo,id_evento) VALUES (21,3);
INSERT INTO equipo_evento(id_equipo,id_evento) VALUES (26,3);
INSERT INTO equipo_evento(id_equipo,id_evento) VALUES (29,3);
INSERT INTO equipo_evento(id_equipo,id_evento) VALUES (31,3);
INSERT INTO equipo_evento(id_equipo,id_evento) VALUES (34,3);
INSERT INTO equipo_evento(id_equipo,id_evento) VALUES (36,3);
INSERT INTO equipo_evento(id_equipo,id_evento) VALUES (38,3);
INSERT INTO equipo_evento(id_equipo,id_evento) VALUES (41,3);
INSERT INTO equipo_evento(id_equipo,id_evento) VALUES (42,3);
INSERT INTO equipo_evento(id_equipo,id_evento) VALUES (44,3);
INSERT INTO equipo_evento(id_equipo,id_evento) VALUES (45,3);
INSERT INTO equipo_evento(id_equipo,id_evento) VALUES (52,3);
INSERT INTO equipo_evento(id_equipo,id_evento) VALUES (54,3);
INSERT INTO equipo_evento(id_equipo,id_evento) VALUES (55,3);
INSERT INTO equipo_evento(id_equipo,id_evento) VALUES (56,3);
INSERT INTO equipo_evento(id_equipo,id_evento) VALUES (58,3);
INSERT INTO equipo_evento(id_equipo,id_evento) VALUES (62,3);
INSERT INTO equipo_evento(id_equipo,id_evento) VALUES (63,3);
INSERT INTO equipo_evento(id_equipo,id_evento) VALUES (64,3);
INSERT INTO equipo_evento(id_equipo,id_evento) VALUES (65,3);
INSERT INTO equipo_evento(id_equipo,id_evento) VALUES (66,3);
INSERT INTO equipo_evento(id_equipo,id_evento) VALUES (67,3);
INSERT INTO equipo_evento(id_equipo,id_evento) VALUES (68,3);
INSERT INTO equipo_evento(id_equipo,id_evento) VALUES (69,3);
INSERT INTO equipo_evento(id_equipo,id_evento) VALUES (70,3);
INSERT INTO equipo_evento(id_equipo,id_evento) VALUES (71,3);
INSERT INTO equipo_evento(id_equipo,id_evento) VALUES (72,3);
INSERT INTO equipo_evento(id_equipo,id_evento) VALUES (73,3);
INSERT INTO equipo_evento(id_equipo,id_evento) VALUES (74,3);
INSERT INTO equipo_evento(id_equipo,id_evento) VALUES (75,3);
INSERT INTO equipo_evento(id_equipo,id_evento) VALUES (76,3);
INSERT INTO equipo_evento(id_equipo,id_evento) VALUES (77,3);
INSERT INTO equipo_evento(id_equipo,id_evento) VALUES (78,3);
INSERT INTO equipo_evento(id_equipo,id_evento) VALUES (79,3);
INSERT INTO equipo_evento(id_equipo,id_evento) VALUES (80,3);
INSERT INTO equipo_evento(id_equipo,id_evento) VALUES (81,3);
INSERT INTO equipo_evento(id_equipo,id_evento) VALUES (82,3);
INSERT INTO equipo_evento(id_equipo,id_evento) VALUES (83,3);
INSERT INTO equipo_evento(id_equipo,id_evento) VALUES (84,3);
INSERT INTO equipo_evento(id_equipo,id_evento) VALUES (85,3);
INSERT INTO equipo_evento(id_equipo,id_evento) VALUES (87,3);
INSERT INTO equipo_evento(id_equipo,id_evento) VALUES (88,3);
INSERT INTO equipo_evento(id_equipo,id_evento) VALUES (89,3);
INSERT INTO equipo_evento(id_equipo,id_evento) VALUES (90,3);
INSERT INTO equipo_evento(id_equipo,id_evento) VALUES (91,3);
INSERT INTO equipo_evento(id_equipo,id_evento) VALUES (92,3);
INSERT INTO equipo_evento(id_equipo,id_evento) VALUES (93,3);
INSERT INTO equipo_evento(id_equipo,id_evento) VALUES (94,3);
INSERT INTO equipo_evento(id_equipo,id_evento) VALUES (95,3);
INSERT INTO equipo_evento(id_equipo,id_evento) VALUES (96,3);
INSERT INTO equipo_evento(id_equipo,id_evento) VALUES (1,4);
INSERT INTO equipo_evento(id_equipo,id_evento) VALUES (2,4);
INSERT INTO equipo_evento(id_equipo,id_evento) VALUES (4,4);
INSERT INTO equipo_evento(id_equipo,id_evento) VALUES (5,4);
INSERT INTO equipo_evento(id_equipo,id_evento) VALUES (9,4);
INSERT INTO equipo_evento(id_equipo,id_evento) VALUES (11,4);
INSERT INTO equipo_evento(id_equipo,id_evento) VALUES (15,4);
INSERT INTO equipo_evento(id_equipo,id_evento) VALUES (19,4);
INSERT INTO equipo_evento(id_equipo,id_evento) VALUES (20,4);
INSERT INTO equipo_evento(id_equipo,id_evento) VALUES (21,4);
INSERT INTO equipo_evento(id_equipo,id_evento) VALUES (26,4);
INSERT INTO equipo_evento(id_equipo,id_evento) VALUES (29,4);
INSERT INTO equipo_evento(id_equipo,id_evento) VALUES (31,4);
INSERT INTO equipo_evento(id_equipo,id_evento) VALUES (34,4);
INSERT INTO equipo_evento(id_equipo,id_evento) VALUES (36,4);
INSERT INTO equipo_evento(id_equipo,id_evento) VALUES (38,4);
INSERT INTO equipo_evento(id_equipo,id_evento) VALUES (41,4);
INSERT INTO equipo_evento(id_equipo,id_evento) VALUES (42,4);
INSERT INTO equipo_evento(id_equipo,id_evento) VALUES (44,4);
INSERT INTO equipo_evento(id_equipo,id_evento) VALUES (45,4);
INSERT INTO equipo_evento(id_equipo,id_evento) VALUES (52,4);
INSERT INTO equipo_evento(id_equipo,id_evento) VALUES (54,4);
INSERT INTO equipo_evento(id_equipo,id_evento) VALUES (55,4);
INSERT INTO equipo_evento(id_equipo,id_evento) VALUES (56,4);
INSERT INTO equipo_evento(id_equipo,id_evento) VALUES (58,4);
INSERT INTO equipo_evento(id_equipo,id_evento) VALUES (62,4);
INSERT INTO equipo_evento(id_equipo,id_evento) VALUES (63,4);
INSERT INTO equipo_evento(id_equipo,id_evento) VALUES (64,4);
INSERT INTO equipo_evento(id_equipo,id_evento) VALUES (65,4);
INSERT INTO equipo_evento(id_equipo,id_evento) VALUES (66,4);
INSERT INTO equipo_evento(id_equipo,id_evento) VALUES (67,4);
INSERT INTO equipo_evento(id_equipo,id_evento) VALUES (68,4);
INSERT INTO equipo_evento(id_equipo,id_evento) VALUES (69,4);
INSERT INTO equipo_evento(id_equipo,id_evento) VALUES (70,4);
INSERT INTO equipo_evento(id_equipo,id_evento) VALUES (71,4);
INSERT INTO equipo_evento(id_equipo,id_evento) VALUES (72,4);
INSERT INTO equipo_evento(id_equipo,id_evento) VALUES (73,4);
INSERT INTO equipo_evento(id_equipo,id_evento) VALUES (74,4);
INSERT INTO equipo_evento(id_equipo,id_evento) VALUES (75,4);
INSERT INTO equipo_evento(id_equipo,id_evento) VALUES (76,4);
INSERT INTO equipo_evento(id_equipo,id_evento) VALUES (77,4);
INSERT INTO equipo_evento(id_equipo,id_evento) VALUES (78,4);
INSERT INTO equipo_evento(id_equipo,id_evento) VALUES (79,4);
INSERT INTO equipo_evento(id_equipo,id_evento) VALUES (80,4);
INSERT INTO equipo_evento(id_equipo,id_evento) VALUES (81,4);
INSERT INTO equipo_evento(id_equipo,id_evento) VALUES (82,4);
INSERT INTO equipo_evento(id_equipo,id_evento) VALUES (83,4);
INSERT INTO equipo_evento(id_equipo,id_evento) VALUES (84,4);
INSERT INTO equipo_evento(id_equipo,id_evento) VALUES (85,4);
INSERT INTO equipo_evento(id_equipo,id_evento) VALUES (87,4);
INSERT INTO equipo_evento(id_equipo,id_evento) VALUES (88,4);
INSERT INTO equipo_evento(id_equipo,id_evento) VALUES (89,4);
INSERT INTO equipo_evento(id_equipo,id_evento) VALUES (90,4);
INSERT INTO equipo_evento(id_equipo,id_evento) VALUES (91,4);
INSERT INTO equipo_evento(id_equipo,id_evento) VALUES (92,4);
INSERT INTO equipo_evento(id_equipo,id_evento) VALUES (93,4);
INSERT INTO equipo_evento(id_equipo,id_evento) VALUES (94,4);
INSERT INTO equipo_evento(id_equipo,id_evento) VALUES (95,4);
INSERT INTO equipo_evento(id_equipo,id_evento) VALUES (96,4);

--Nacionalidades
INSERT INTO nacionalidad(id,gentilicio,nombre_pais) VALUES (1,'Austriaco/a','Austria');
INSERT INTO nacionalidad(id,gentilicio,nombre_pais) VALUES (2,'Frances/a','Francia');
INSERT INTO nacionalidad(id,gentilicio,nombre_pais) VALUES (3,'Portugues/a','Portugal');
INSERT INTO nacionalidad(id,gentilicio,nombre_pais) VALUES (4,'Britanico/a','Gran Bretaña');
INSERT INTO nacionalidad(id,gentilicio,nombre_pais) VALUES (5,'Italiano/a','Italia');
INSERT INTO nacionalidad(id,gentilicio,nombre_pais) VALUES (6,'Danes/a','Dinamarca');
INSERT INTO nacionalidad(id,gentilicio,nombre_pais) VALUES (7,'Mexicano/a','Mexico');
INSERT INTO nacionalidad(id,gentilicio,nombre_pais) VALUES (8,'Aleman/a','Alemania');
INSERT INTO nacionalidad(id,gentilicio,nombre_pais) VALUES (9,'Ruso/a','Rusia');
INSERT INTO nacionalidad(id,gentilicio,nombre_pais) VALUES (10,'Noruego/a','Noruega');
INSERT INTO nacionalidad(id,gentilicio,nombre_pais) VALUES (11,'Brasilero/a','Brasil');
INSERT INTO nacionalidad(id,gentilicio,nombre_pais) VALUES (12,'Español/a','España');
INSERT INTO nacionalidad(id,gentilicio,nombre_pais) VALUES (13,'Finlandes/a','Finlandia');
INSERT INTO nacionalidad(id,gentilicio,nombre_pais) VALUES (14,'Argentino/a','Argentina');
INSERT INTO nacionalidad(id,gentilicio,nombre_pais) VALUES (15,'Suizo/a','Suiza');
INSERT INTO nacionalidad(id,gentilicio,nombre_pais) VALUES (16,'Monegasco/a','Monaco');
INSERT INTO nacionalidad(id,gentilicio,nombre_pais) VALUES (17,'Eslovaco/a','Eslovaquia');
INSERT INTO nacionalidad(id,gentilicio,nombre_pais) VALUES (18,'Sueco/a','Suecia');
INSERT INTO nacionalidad(id,gentilicio,nombre_pais) VALUES (19,'Neerlandes/a','Paises Bajos');
INSERT INTO nacionalidad(id,gentilicio,nombre_pais) VALUES (20,'Canadiense','Canada');
INSERT INTO nacionalidad(id,gentilicio,nombre_pais) VALUES (21,'Escoces/a','Escocia');
INSERT INTO nacionalidad(id,gentilicio,nombre_pais) VALUES (22,'Belga','Belgica');
INSERT INTO nacionalidad(id,gentilicio,nombre_pais) VALUES (23,'Japones/a','Japon');
INSERT INTO nacionalidad(id,gentilicio,nombre_pais) VALUES (24,'Chino/a','China');
INSERT INTO nacionalidad(id,gentilicio,nombre_pais) VALUES (25,'Australiano/a','Australia');
INSERT INTO nacionalidad(id,gentilicio,nombre_pais) VALUES (26,'Irlandes/a','Irlanda');
INSERT INTO nacionalidad(id,gentilicio,nombre_pais) VALUES (27,'Neozelandes/a','Nueva Zelanda');
INSERT INTO nacionalidad(id,gentilicio,nombre_pais) VALUES (28,'Taiwanes/a','Taiwan');
INSERT INTO nacionalidad(id,gentilicio,nombre_pais) VALUES (29,'Turco/a','Turquia');
INSERT INTO nacionalidad(id,gentilicio,nombre_pais) VALUES (30,'Estadounidense','USA');
INSERT INTO nacionalidad(id,gentilicio,nombre_pais) VALUES (31,'Venezolano/a','Venezuela');
INSERT INTO nacionalidad(id,gentilicio,nombre_pais) VALUES (32,'Colombiano/a','Colombia');
INSERT INTO nacionalidad(id,gentilicio,nombre_pais) VALUES (33,'Polaco/a','Polonia');
INSERT INTO nacionalidad(id,gentilicio,nombre_pais) VALUES (34,'Hindu','India');
INSERT INTO nacionalidad(id,gentilicio,nombre_pais) VALUES (35,'Tailandes/a','Tailandia');


--------------------------------------------------------------------------------------------------------------------------------------------
--                  HASTA AQUI CORRE BIEN
--------------------------------------------------------------------------------------------------------------------------------------------
--Ranking General


--Ranking por hora
INSERT INTO ranking_por_hora(id_evento,posicion,hora) VALUES (64,1,1);
INSERT INTO ranking_por_hora(id_evento,posicion,hora) VALUES (63,2,1);
INSERT INTO ranking_por_hora(id_evento,posicion,hora) VALUES (67,3,1);
INSERT INTO ranking_por_hora(id_evento,posicion,hora) VALUES (65,4,1);
INSERT INTO ranking_por_hora(id_evento,posicion,hora) VALUES (113,5,1);
INSERT INTO ranking_por_hora(id_evento,posicion,hora) VALUES (121,6,1);
INSERT INTO ranking_por_hora(id_evento,posicion,hora) VALUES (68,7,1);
INSERT INTO ranking_por_hora(id_evento,posicion,hora) VALUES (70,8,1);
INSERT INTO ranking_por_hora(id_evento,posicion,hora) VALUES (73,9,1);
INSERT INTO ranking_por_hora(id_evento,posicion,hora) VALUES (114,10,1);
INSERT INTO ranking_por_hora(id_evento,posicion,hora) VALUES (72,11,1);
INSERT INTO ranking_por_hora(id_evento,posicion,hora) VALUES (111,12,1);
INSERT INTO ranking_por_hora(id_evento,posicion,hora) VALUES (69,13,1);
INSERT INTO ranking_por_hora(id_evento,posicion,hora) VALUES (112,14,1);
INSERT INTO ranking_por_hora(id_evento,posicion,hora) VALUES (81,15,1);
INSERT INTO ranking_por_hora(id_evento,posicion,hora) VALUES (77,16,1);
INSERT INTO ranking_por_hora(id_evento,posicion,hora) VALUES (71,17,1);
INSERT INTO ranking_por_hora(id_evento,posicion,hora) VALUES (78,18,1);
INSERT INTO ranking_por_hora(id_evento,posicion,hora) VALUES (110,19,1);
INSERT INTO ranking_por_hora(id_evento,posicion,hora) VALUES (76,20,1);
INSERT INTO ranking_por_hora(id_evento,posicion,hora) VALUES (75,21,1);
INSERT INTO ranking_por_hora(id_evento,posicion,hora) VALUES (80,22,1);
INSERT INTO ranking_por_hora(id_evento,posicion,hora) VALUES (88,23,1);
INSERT INTO ranking_por_hora(id_evento,posicion,hora) VALUES (107,24,1);
INSERT INTO ranking_por_hora(id_evento,posicion,hora) VALUES (66,25,1);
INSERT INTO ranking_por_hora(id_evento,posicion,hora) VALUES (79,26,1);
INSERT INTO ranking_por_hora(id_evento,posicion,hora) VALUES (115,27,1);
INSERT INTO ranking_por_hora(id_evento,posicion,hora) VALUES (90,28,1);
INSERT INTO ranking_por_hora(id_evento,posicion,hora) VALUES (91,29,1);
INSERT INTO ranking_por_hora(id_evento,posicion,hora) VALUES (84,30,1);
INSERT INTO ranking_por_hora(id_evento,posicion,hora) VALUES (119,31,1);
INSERT INTO ranking_por_hora(id_evento,posicion,hora) VALUES (83,32,1);
INSERT INTO ranking_por_hora(id_evento,posicion,hora) VALUES (122,33,1);
INSERT INTO ranking_por_hora(id_evento,posicion,hora) VALUES (82,34,1);
INSERT INTO ranking_por_hora(id_evento,posicion,hora) VALUES (85,35,1);
INSERT INTO ranking_por_hora(id_evento,posicion,hora) VALUES (116,36,1);
INSERT INTO ranking_por_hora(id_evento,posicion,hora) VALUES (117,37,1);
INSERT INTO ranking_por_hora(id_evento,posicion,hora) VALUES (87,38,1);
INSERT INTO ranking_por_hora(id_evento,posicion,hora) VALUES (86,39,1);
INSERT INTO ranking_por_hora(id_evento,posicion,hora) VALUES (89,40,1);
INSERT INTO ranking_por_hora(id_evento,posicion,hora) VALUES (109,41,1);
INSERT INTO ranking_por_hora(id_evento,posicion,hora) VALUES (92,42,1);
INSERT INTO ranking_por_hora(id_evento,posicion,hora) VALUES (102,43,1);
INSERT INTO ranking_por_hora(id_evento,posicion,hora) VALUES (106,44,1);
INSERT INTO ranking_por_hora(id_evento,posicion,hora) VALUES (105,45,1);
INSERT INTO ranking_por_hora(id_evento,posicion,hora) VALUES (96,46,1);
INSERT INTO ranking_por_hora(id_evento,posicion,hora) VALUES (100,47,1);
INSERT INTO ranking_por_hora(id_evento,posicion,hora) VALUES (123,48,1);
INSERT INTO ranking_por_hora(id_evento,posicion,hora) VALUES (95,49,1);
INSERT INTO ranking_por_hora(id_evento,posicion,hora) VALUES (93,50,1);
INSERT INTO ranking_por_hora(id_evento,posicion,hora) VALUES (94,51,1);
INSERT INTO ranking_por_hora(id_evento,posicion,hora) VALUES (104,52,1);
INSERT INTO ranking_por_hora(id_evento,posicion,hora) VALUES (118,53,1);
INSERT INTO ranking_por_hora(id_evento,posicion,hora) VALUES (98,54,1);
INSERT INTO ranking_por_hora(id_evento,posicion,hora) VALUES (97,55,1);
INSERT INTO ranking_por_hora(id_evento,posicion,hora) VALUES (74,56,1);
INSERT INTO ranking_por_hora(id_evento,posicion,hora) VALUES (101,57,1);
INSERT INTO ranking_por_hora(id_evento,posicion,hora) VALUES (99,58,1);
INSERT INTO ranking_por_hora(id_evento,posicion,hora) VALUES (103,59,1);
INSERT INTO ranking_por_hora(id_evento,posicion,hora) VALUES (108,60,1);
INSERT INTO ranking_por_hora(id_evento,posicion,hora) VALUES (120,61,1);
INSERT INTO ranking_por_hora(id_evento,posicion,hora) VALUES (64,1,2);
INSERT INTO ranking_por_hora(id_evento,posicion,hora) VALUES (63,2,2);
INSERT INTO ranking_por_hora(id_evento,posicion,hora) VALUES (67,3,2);
INSERT INTO ranking_por_hora(id_evento,posicion,hora) VALUES (65,4,2);
INSERT INTO ranking_por_hora(id_evento,posicion,hora) VALUES (113,5,2);
INSERT INTO ranking_por_hora(id_evento,posicion,hora) VALUES (66,6,2);
INSERT INTO ranking_por_hora(id_evento,posicion,hora) VALUES (68,7,2);
INSERT INTO ranking_por_hora(id_evento,posicion,hora) VALUES (73,8,2);
INSERT INTO ranking_por_hora(id_evento,posicion,hora) VALUES (114,9,2);
INSERT INTO ranking_por_hora(id_evento,posicion,hora) VALUES (88,10,2);
INSERT INTO ranking_por_hora(id_evento,posicion,hora) VALUES (111,11,2);
INSERT INTO ranking_por_hora(id_evento,posicion,hora) VALUES (69,12,2);
INSERT INTO ranking_por_hora(id_evento,posicion,hora) VALUES (112,13,2);
INSERT INTO ranking_por_hora(id_evento,posicion,hora) VALUES (71,14,2);
INSERT INTO ranking_por_hora(id_evento,posicion,hora) VALUES (78,15,2);
INSERT INTO ranking_por_hora(id_evento,posicion,hora) VALUES (77,16,2);
INSERT INTO ranking_por_hora(id_evento,posicion,hora) VALUES (72,17,2);
INSERT INTO ranking_por_hora(id_evento,posicion,hora) VALUES (81,18,2);
INSERT INTO ranking_por_hora(id_evento,posicion,hora) VALUES (75,19,2);
INSERT INTO ranking_por_hora(id_evento,posicion,hora) VALUES (70,20,2);
INSERT INTO ranking_por_hora(id_evento,posicion,hora) VALUES (110,21,2);
INSERT INTO ranking_por_hora(id_evento,posicion,hora) VALUES (80,22,2);
INSERT INTO ranking_por_hora(id_evento,posicion,hora) VALUES (76,23,2);
INSERT INTO ranking_por_hora(id_evento,posicion,hora) VALUES (107,24,2);
INSERT INTO ranking_por_hora(id_evento,posicion,hora) VALUES (79,25,2);
INSERT INTO ranking_por_hora(id_evento,posicion,hora) VALUES (74,26,2);
INSERT INTO ranking_por_hora(id_evento,posicion,hora) VALUES (115,27,2);
INSERT INTO ranking_por_hora(id_evento,posicion,hora) VALUES (90,28,2);
INSERT INTO ranking_por_hora(id_evento,posicion,hora) VALUES (84,29,2);
INSERT INTO ranking_por_hora(id_evento,posicion,hora) VALUES (91,30,2);
INSERT INTO ranking_por_hora(id_evento,posicion,hora) VALUES (85,31,2);
INSERT INTO ranking_por_hora(id_evento,posicion,hora) VALUES (83,32,2);
INSERT INTO ranking_por_hora(id_evento,posicion,hora) VALUES (122,33,2);
INSERT INTO ranking_por_hora(id_evento,posicion,hora) VALUES (82,34,2);
INSERT INTO ranking_por_hora(id_evento,posicion,hora) VALUES (116,35,2);
INSERT INTO ranking_por_hora(id_evento,posicion,hora) VALUES (86,36,2);
INSERT INTO ranking_por_hora(id_evento,posicion,hora) VALUES (119,37,2);
INSERT INTO ranking_por_hora(id_evento,posicion,hora) VALUES (87,38,2);
INSERT INTO ranking_por_hora(id_evento,posicion,hora) VALUES (109,39,2);
INSERT INTO ranking_por_hora(id_evento,posicion,hora) VALUES (117,40,2);
INSERT INTO ranking_por_hora(id_evento,posicion,hora) VALUES (92,41,2);
INSERT INTO ranking_por_hora(id_evento,posicion,hora) VALUES (102,42,2);
INSERT INTO ranking_por_hora(id_evento,posicion,hora) VALUES (89,43,2);
INSERT INTO ranking_por_hora(id_evento,posicion,hora) VALUES (106,44,2);
INSERT INTO ranking_por_hora(id_evento,posicion,hora) VALUES (96,45,2);
INSERT INTO ranking_por_hora(id_evento,posicion,hora) VALUES (105,46,2);
INSERT INTO ranking_por_hora(id_evento,posicion,hora) VALUES (123,47,2);
INSERT INTO ranking_por_hora(id_evento,posicion,hora) VALUES (104,48,2);
INSERT INTO ranking_por_hora(id_evento,posicion,hora) VALUES (94,49,2);
INSERT INTO ranking_por_hora(id_evento,posicion,hora) VALUES (95,50,2);
INSERT INTO ranking_por_hora(id_evento,posicion,hora) VALUES (93,51,2);
INSERT INTO ranking_por_hora(id_evento,posicion,hora) VALUES (100,52,2);
INSERT INTO ranking_por_hora(id_evento,posicion,hora) VALUES (98,53,2);
INSERT INTO ranking_por_hora(id_evento,posicion,hora) VALUES (101,54,2);
INSERT INTO ranking_por_hora(id_evento,posicion,hora) VALUES (99,55,2);
INSERT INTO ranking_por_hora(id_evento,posicion,hora) VALUES (97,56,2);
INSERT INTO ranking_por_hora(id_evento,posicion,hora) VALUES (108,57,2);
INSERT INTO ranking_por_hora(id_evento,posicion,hora) VALUES (103,58,2);
INSERT INTO ranking_por_hora(id_evento,posicion,hora) VALUES (121,59,2);
INSERT INTO ranking_por_hora(id_evento,posicion,hora) VALUES (120,60,2);
INSERT INTO ranking_por_hora(id_evento,posicion,hora) VALUES (118,61,2);
INSERT INTO ranking_por_hora(id_evento,posicion,hora) VALUES (64,1,3);
INSERT INTO ranking_por_hora(id_evento,posicion,hora) VALUES (63,2,3);
INSERT INTO ranking_por_hora(id_evento,posicion,hora) VALUES (67,3,3);
INSERT INTO ranking_por_hora(id_evento,posicion,hora) VALUES (65,4,3);
INSERT INTO ranking_por_hora(id_evento,posicion,hora) VALUES (113,5,3);
INSERT INTO ranking_por_hora(id_evento,posicion,hora) VALUES (73,6,3);
INSERT INTO ranking_por_hora(id_evento,posicion,hora) VALUES (68,7,3);
INSERT INTO ranking_por_hora(id_evento,posicion,hora) VALUES (112,8,3);
INSERT INTO ranking_por_hora(id_evento,posicion,hora) VALUES (111,9,3);
INSERT INTO ranking_por_hora(id_evento,posicion,hora) VALUES (69,10,3);
INSERT INTO ranking_por_hora(id_evento,posicion,hora) VALUES (71,11,3);
INSERT INTO ranking_por_hora(id_evento,posicion,hora) VALUES (66,12,3);
INSERT INTO ranking_por_hora(id_evento,posicion,hora) VALUES (114,13,3);
INSERT INTO ranking_por_hora(id_evento,posicion,hora) VALUES (72,14,3);
INSERT INTO ranking_por_hora(id_evento,posicion,hora) VALUES (75,15,3);
INSERT INTO ranking_por_hora(id_evento,posicion,hora) VALUES (78,16,3);
INSERT INTO ranking_por_hora(id_evento,posicion,hora) VALUES (81,17,3);
INSERT INTO ranking_por_hora(id_evento,posicion,hora) VALUES (110,18,3);
INSERT INTO ranking_por_hora(id_evento,posicion,hora) VALUES (76,19,3);
INSERT INTO ranking_por_hora(id_evento,posicion,hora) VALUES (70,20,3);
INSERT INTO ranking_por_hora(id_evento,posicion,hora) VALUES (77,21,3);
INSERT INTO ranking_por_hora(id_evento,posicion,hora) VALUES (88,22,3);
INSERT INTO ranking_por_hora(id_evento,posicion,hora) VALUES (80,23,3);
INSERT INTO ranking_por_hora(id_evento,posicion,hora) VALUES (107,24,3);
INSERT INTO ranking_por_hora(id_evento,posicion,hora) VALUES (79,25,3);
INSERT INTO ranking_por_hora(id_evento,posicion,hora) VALUES (74,26,3);
INSERT INTO ranking_por_hora(id_evento,posicion,hora) VALUES (115,27,3);
INSERT INTO ranking_por_hora(id_evento,posicion,hora) VALUES (90,28,3);
INSERT INTO ranking_por_hora(id_evento,posicion,hora) VALUES (85,29,3);
INSERT INTO ranking_por_hora(id_evento,posicion,hora) VALUES (82,30,3);
INSERT INTO ranking_por_hora(id_evento,posicion,hora) VALUES (84,31,3);
INSERT INTO ranking_por_hora(id_evento,posicion,hora) VALUES (122,32,3);
INSERT INTO ranking_por_hora(id_evento,posicion,hora) VALUES (116,33,3);
INSERT INTO ranking_por_hora(id_evento,posicion,hora) VALUES (83,34,3);
INSERT INTO ranking_por_hora(id_evento,posicion,hora) VALUES (119,35,3);
INSERT INTO ranking_por_hora(id_evento,posicion,hora) VALUES (91,36,3);
INSERT INTO ranking_por_hora(id_evento,posicion,hora) VALUES (86,37,3);
INSERT INTO ranking_por_hora(id_evento,posicion,hora) VALUES (87,38,3);
INSERT INTO ranking_por_hora(id_evento,posicion,hora) VALUES (117,39,3);
INSERT INTO ranking_por_hora(id_evento,posicion,hora) VALUES (92,40,3);
INSERT INTO ranking_por_hora(id_evento,posicion,hora) VALUES (102,41,3);
INSERT INTO ranking_por_hora(id_evento,posicion,hora) VALUES (89,42,3);
INSERT INTO ranking_por_hora(id_evento,posicion,hora) VALUES (106,43,3);
INSERT INTO ranking_por_hora(id_evento,posicion,hora) VALUES (109,44,3);
INSERT INTO ranking_por_hora(id_evento,posicion,hora) VALUES (96,45,3);
INSERT INTO ranking_por_hora(id_evento,posicion,hora) VALUES (123,46,3);
INSERT INTO ranking_por_hora(id_evento,posicion,hora) VALUES (94,47,3);
INSERT INTO ranking_por_hora(id_evento,posicion,hora) VALUES (95,48,3);
INSERT INTO ranking_por_hora(id_evento,posicion,hora) VALUES (121,49,3);
INSERT INTO ranking_por_hora(id_evento,posicion,hora) VALUES (93,50,3);
INSERT INTO ranking_por_hora(id_evento,posicion,hora) VALUES (104,51,3);
INSERT INTO ranking_por_hora(id_evento,posicion,hora) VALUES (105,52,3);
INSERT INTO ranking_por_hora(id_evento,posicion,hora) VALUES (98,53,3);
INSERT INTO ranking_por_hora(id_evento,posicion,hora) VALUES (100,54,3);
INSERT INTO ranking_por_hora(id_evento,posicion,hora) VALUES (99,55,3);
INSERT INTO ranking_por_hora(id_evento,posicion,hora) VALUES (97,56,3);
INSERT INTO ranking_por_hora(id_evento,posicion,hora) VALUES (101,57,3);
INSERT INTO ranking_por_hora(id_evento,posicion,hora) VALUES (108,58,3);
INSERT INTO ranking_por_hora(id_evento,posicion,hora) VALUES (103,59,3);
INSERT INTO ranking_por_hora(id_evento,posicion,hora) VALUES (120,60,3);
INSERT INTO ranking_por_hora(id_evento,posicion,hora) VALUES (118,61,3);
INSERT INTO ranking_por_hora(id_evento,posicion,hora) VALUES (64,1,4);
INSERT INTO ranking_por_hora(id_evento,posicion,hora) VALUES (67,2,4);
INSERT INTO ranking_por_hora(id_evento,posicion,hora) VALUES (65,3,4);
INSERT INTO ranking_por_hora(id_evento,posicion,hora) VALUES (113,4,4);
INSERT INTO ranking_por_hora(id_evento,posicion,hora) VALUES (66,5,4);
INSERT INTO ranking_por_hora(id_evento,posicion,hora) VALUES (73,6,4);
INSERT INTO ranking_por_hora(id_evento,posicion,hora) VALUES (68,7,4);
INSERT INTO ranking_por_hora(id_evento,posicion,hora) VALUES (69,8,4);
INSERT INTO ranking_por_hora(id_evento,posicion,hora) VALUES (111,9,4);
INSERT INTO ranking_por_hora(id_evento,posicion,hora) VALUES (112,10,4);
INSERT INTO ranking_por_hora(id_evento,posicion,hora) VALUES (114,11,4);
INSERT INTO ranking_por_hora(id_evento,posicion,hora) VALUES (71,12,4);
INSERT INTO ranking_por_hora(id_evento,posicion,hora) VALUES (70,13,4);
INSERT INTO ranking_por_hora(id_evento,posicion,hora) VALUES (72,14,4);
INSERT INTO ranking_por_hora(id_evento,posicion,hora) VALUES (76,15,4);
INSERT INTO ranking_por_hora(id_evento,posicion,hora) VALUES (75,16,4);
INSERT INTO ranking_por_hora(id_evento,posicion,hora) VALUES (81,17,4);
INSERT INTO ranking_por_hora(id_evento,posicion,hora) VALUES (78,18,4);
INSERT INTO ranking_por_hora(id_evento,posicion,hora) VALUES (110,19,4);
INSERT INTO ranking_por_hora(id_evento,posicion,hora) VALUES (77,20,4);
INSERT INTO ranking_por_hora(id_evento,posicion,hora) VALUES (80,21,4);
INSERT INTO ranking_por_hora(id_evento,posicion,hora) VALUES (88,22,4);
INSERT INTO ranking_por_hora(id_evento,posicion,hora) VALUES (107,23,4);
INSERT INTO ranking_por_hora(id_evento,posicion,hora) VALUES (79,24,4);
INSERT INTO ranking_por_hora(id_evento,posicion,hora) VALUES (74,25,4);
INSERT INTO ranking_por_hora(id_evento,posicion,hora) VALUES (115,26,4);
INSERT INTO ranking_por_hora(id_evento,posicion,hora) VALUES (121,27,4);
INSERT INTO ranking_por_hora(id_evento,posicion,hora) VALUES (90,28,4);
INSERT INTO ranking_por_hora(id_evento,posicion,hora) VALUES (84,29,4);
INSERT INTO ranking_por_hora(id_evento,posicion,hora) VALUES (82,30,4);
INSERT INTO ranking_por_hora(id_evento,posicion,hora) VALUES (91,31,4);
INSERT INTO ranking_por_hora(id_evento,posicion,hora) VALUES (122,32,4);
INSERT INTO ranking_por_hora(id_evento,posicion,hora) VALUES (116,33,4);
INSERT INTO ranking_por_hora(id_evento,posicion,hora) VALUES (86,34,4);
INSERT INTO ranking_por_hora(id_evento,posicion,hora) VALUES (119,35,4);
INSERT INTO ranking_por_hora(id_evento,posicion,hora) VALUES (83,36,4);
INSERT INTO ranking_por_hora(id_evento,posicion,hora) VALUES (87,37,4);
INSERT INTO ranking_por_hora(id_evento,posicion,hora) VALUES (85,38,4);
INSERT INTO ranking_por_hora(id_evento,posicion,hora) VALUES (92,39,4);
INSERT INTO ranking_por_hora(id_evento,posicion,hora) VALUES (89,40,4);
INSERT INTO ranking_por_hora(id_evento,posicion,hora) VALUES (102,41,4);
INSERT INTO ranking_por_hora(id_evento,posicion,hora) VALUES (117,42,4);
INSERT INTO ranking_por_hora(id_evento,posicion,hora) VALUES (106,43,4);
INSERT INTO ranking_por_hora(id_evento,posicion,hora) VALUES (109,44,4);
INSERT INTO ranking_por_hora(id_evento,posicion,hora) VALUES (96,45,4);
INSERT INTO ranking_por_hora(id_evento,posicion,hora) VALUES (123,46,4);
INSERT INTO ranking_por_hora(id_evento,posicion,hora) VALUES (94,47,4);
INSERT INTO ranking_por_hora(id_evento,posicion,hora) VALUES (95,48,4);
INSERT INTO ranking_por_hora(id_evento,posicion,hora) VALUES (104,49,4);
INSERT INTO ranking_por_hora(id_evento,posicion,hora) VALUES (93,50,4);
INSERT INTO ranking_por_hora(id_evento,posicion,hora) VALUES (99,51,4);
INSERT INTO ranking_por_hora(id_evento,posicion,hora) VALUES (105,52,4);
INSERT INTO ranking_por_hora(id_evento,posicion,hora) VALUES (100,53,4);
INSERT INTO ranking_por_hora(id_evento,posicion,hora) VALUES (98,54,4);
INSERT INTO ranking_por_hora(id_evento,posicion,hora) VALUES (97,55,4);
INSERT INTO ranking_por_hora(id_evento,posicion,hora) VALUES (108,56,4);
INSERT INTO ranking_por_hora(id_evento,posicion,hora) VALUES (101,57,4);
INSERT INTO ranking_por_hora(id_evento,posicion,hora) VALUES (103,58,4);
INSERT INTO ranking_por_hora(id_evento,posicion,hora) VALUES (120,59,4);
INSERT INTO ranking_por_hora(id_evento,posicion,hora) VALUES (118,60,4);
INSERT INTO ranking_por_hora(id_evento,posicion,hora) VALUES (64,1,5);
INSERT INTO ranking_por_hora(id_evento,posicion,hora) VALUES (63,2,5);
INSERT INTO ranking_por_hora(id_evento,posicion,hora) VALUES (65,3,5);
INSERT INTO ranking_por_hora(id_evento,posicion,hora) VALUES (113,4,5);
INSERT INTO ranking_por_hora(id_evento,posicion,hora) VALUES (67,5,5);
INSERT INTO ranking_por_hora(id_evento,posicion,hora) VALUES (66,6,5);
INSERT INTO ranking_por_hora(id_evento,posicion,hora) VALUES (114,7,5);
INSERT INTO ranking_por_hora(id_evento,posicion,hora) VALUES (73,8,5);
INSERT INTO ranking_por_hora(id_evento,posicion,hora) VALUES (68,9,5);
INSERT INTO ranking_por_hora(id_evento,posicion,hora) VALUES (69,10,5);
INSERT INTO ranking_por_hora(id_evento,posicion,hora) VALUES (111,11,5);
INSERT INTO ranking_por_hora(id_evento,posicion,hora) VALUES (70,12,5);
INSERT INTO ranking_por_hora(id_evento,posicion,hora) VALUES (71,13,5);
INSERT INTO ranking_por_hora(id_evento,posicion,hora) VALUES (112,14,5);
INSERT INTO ranking_por_hora(id_evento,posicion,hora) VALUES (76,15,5);
INSERT INTO ranking_por_hora(id_evento,posicion,hora) VALUES (72,16,5);
INSERT INTO ranking_por_hora(id_evento,posicion,hora) VALUES (81,17,5);
INSERT INTO ranking_por_hora(id_evento,posicion,hora) VALUES (75,18,5);
INSERT INTO ranking_por_hora(id_evento,posicion,hora) VALUES (110,19,5);
INSERT INTO ranking_por_hora(id_evento,posicion,hora) VALUES (80,20,5);
INSERT INTO ranking_por_hora(id_evento,posicion,hora) VALUES (78,21,5);
INSERT INTO ranking_por_hora(id_evento,posicion,hora) VALUES (107,22,5);
INSERT INTO ranking_por_hora(id_evento,posicion,hora) VALUES (88,23,5);
INSERT INTO ranking_por_hora(id_evento,posicion,hora) VALUES (77,24,5);
INSERT INTO ranking_por_hora(id_evento,posicion,hora) VALUES (74,25,5);
INSERT INTO ranking_por_hora(id_evento,posicion,hora) VALUES (79,26,5);
INSERT INTO ranking_por_hora(id_evento,posicion,hora) VALUES (115,27,5);
INSERT INTO ranking_por_hora(id_evento,posicion,hora) VALUES (91,28,5);
INSERT INTO ranking_por_hora(id_evento,posicion,hora) VALUES (82,29,5);
INSERT INTO ranking_por_hora(id_evento,posicion,hora) VALUES (90,30,5);
INSERT INTO ranking_por_hora(id_evento,posicion,hora) VALUES (84,31,5);
INSERT INTO ranking_por_hora(id_evento,posicion,hora) VALUES (86,32,5);
INSERT INTO ranking_por_hora(id_evento,posicion,hora) VALUES (122,33,5);
INSERT INTO ranking_por_hora(id_evento,posicion,hora) VALUES (116,34,5);
INSERT INTO ranking_por_hora(id_evento,posicion,hora) VALUES (83,35,5);
INSERT INTO ranking_por_hora(id_evento,posicion,hora) VALUES (119,36,5);
INSERT INTO ranking_por_hora(id_evento,posicion,hora) VALUES (87,37,5);
INSERT INTO ranking_por_hora(id_evento,posicion,hora) VALUES (85,38,5);
INSERT INTO ranking_por_hora(id_evento,posicion,hora) VALUES (89,39,5);
INSERT INTO ranking_por_hora(id_evento,posicion,hora) VALUES (109,40,5);
INSERT INTO ranking_por_hora(id_evento,posicion,hora) VALUES (102,41,5);
INSERT INTO ranking_por_hora(id_evento,posicion,hora) VALUES (117,42,5);
INSERT INTO ranking_por_hora(id_evento,posicion,hora) VALUES (106,43,5);
INSERT INTO ranking_por_hora(id_evento,posicion,hora) VALUES (92,44,5);
INSERT INTO ranking_por_hora(id_evento,posicion,hora) VALUES (123,45,5);
INSERT INTO ranking_por_hora(id_evento,posicion,hora) VALUES (96,46,5);
INSERT INTO ranking_por_hora(id_evento,posicion,hora) VALUES (94,47,5);
INSERT INTO ranking_por_hora(id_evento,posicion,hora) VALUES (95,48,5);
INSERT INTO ranking_por_hora(id_evento,posicion,hora) VALUES (104,49,5);
INSERT INTO ranking_por_hora(id_evento,posicion,hora) VALUES (93,50,5);
INSERT INTO ranking_por_hora(id_evento,posicion,hora) VALUES (99,51,5);
INSERT INTO ranking_por_hora(id_evento,posicion,hora) VALUES (100,52,5);
INSERT INTO ranking_por_hora(id_evento,posicion,hora) VALUES (97,53,5);
INSERT INTO ranking_por_hora(id_evento,posicion,hora) VALUES (121,54,5);
INSERT INTO ranking_por_hora(id_evento,posicion,hora) VALUES (98,55,5);
INSERT INTO ranking_por_hora(id_evento,posicion,hora) VALUES (101,56,5);
INSERT INTO ranking_por_hora(id_evento,posicion,hora) VALUES (108,57,5);
INSERT INTO ranking_por_hora(id_evento,posicion,hora) VALUES (103,58,5);
INSERT INTO ranking_por_hora(id_evento,posicion,hora) VALUES (105,59,5);
INSERT INTO ranking_por_hora(id_evento,posicion,hora) VALUES (120,60,5);
INSERT INTO ranking_por_hora(id_evento,posicion,hora) VALUES (118,61,5);
INSERT INTO ranking_por_hora(id_evento,posicion,hora) VALUES (64,1,6);
INSERT INTO ranking_por_hora(id_evento,posicion,hora) VALUES (63,2,6);
INSERT INTO ranking_por_hora(id_evento,posicion,hora) VALUES (67,3,6);
INSERT INTO ranking_por_hora(id_evento,posicion,hora) VALUES (65,4,6);
INSERT INTO ranking_por_hora(id_evento,posicion,hora) VALUES (113,5,6);
INSERT INTO ranking_por_hora(id_evento,posicion,hora) VALUES (66,6,6);
INSERT INTO ranking_por_hora(id_evento,posicion,hora) VALUES (68,7,6);
INSERT INTO ranking_por_hora(id_evento,posicion,hora) VALUES (73,8,6);
INSERT INTO ranking_por_hora(id_evento,posicion,hora) VALUES (111,9,6);
INSERT INTO ranking_por_hora(id_evento,posicion,hora) VALUES (69,10,6);
INSERT INTO ranking_por_hora(id_evento,posicion,hora) VALUES (71,11,6);
INSERT INTO ranking_por_hora(id_evento,posicion,hora) VALUES (112,12,6);
INSERT INTO ranking_por_hora(id_evento,posicion,hora) VALUES (76,13,6);
INSERT INTO ranking_por_hora(id_evento,posicion,hora) VALUES (70,14,6);
INSERT INTO ranking_por_hora(id_evento,posicion,hora) VALUES (72,15,6);
INSERT INTO ranking_por_hora(id_evento,posicion,hora) VALUES (81,16,6);
INSERT INTO ranking_por_hora(id_evento,posicion,hora) VALUES (75,17,6);
INSERT INTO ranking_por_hora(id_evento,posicion,hora) VALUES (88,18,6);
INSERT INTO ranking_por_hora(id_evento,posicion,hora) VALUES (80,19,6);
INSERT INTO ranking_por_hora(id_evento,posicion,hora) VALUES (77,20,6);
INSERT INTO ranking_por_hora(id_evento,posicion,hora) VALUES (74,21,6);
INSERT INTO ranking_por_hora(id_evento,posicion,hora) VALUES (107,22,6);
INSERT INTO ranking_por_hora(id_evento,posicion,hora) VALUES (79,23,6);
INSERT INTO ranking_por_hora(id_evento,posicion,hora) VALUES (110,24,6);
INSERT INTO ranking_por_hora(id_evento,posicion,hora) VALUES (115,25,6);
INSERT INTO ranking_por_hora(id_evento,posicion,hora) VALUES (78,26,6);
INSERT INTO ranking_por_hora(id_evento,posicion,hora) VALUES (91,27,6);
INSERT INTO ranking_por_hora(id_evento,posicion,hora) VALUES (82,28,6);
INSERT INTO ranking_por_hora(id_evento,posicion,hora) VALUES (90,29,6);
INSERT INTO ranking_por_hora(id_evento,posicion,hora) VALUES (84,30,6);
INSERT INTO ranking_por_hora(id_evento,posicion,hora) VALUES (85,31,6);
INSERT INTO ranking_por_hora(id_evento,posicion,hora) VALUES (83,32,6);
INSERT INTO ranking_por_hora(id_evento,posicion,hora) VALUES (116,33,6);
INSERT INTO ranking_por_hora(id_evento,posicion,hora) VALUES (122,34,6);
INSERT INTO ranking_por_hora(id_evento,posicion,hora) VALUES (86,35,6);
INSERT INTO ranking_por_hora(id_evento,posicion,hora) VALUES (87,36,6);
INSERT INTO ranking_por_hora(id_evento,posicion,hora) VALUES (89,37,6);
INSERT INTO ranking_por_hora(id_evento,posicion,hora) VALUES (92,38,6);
INSERT INTO ranking_por_hora(id_evento,posicion,hora) VALUES (106,39,6);
INSERT INTO ranking_por_hora(id_evento,posicion,hora) VALUES (117,40,6);
INSERT INTO ranking_por_hora(id_evento,posicion,hora) VALUES (109,41,6);
INSERT INTO ranking_por_hora(id_evento,posicion,hora) VALUES (102,42,6);
INSERT INTO ranking_por_hora(id_evento,posicion,hora) VALUES (114,43,6);
INSERT INTO ranking_por_hora(id_evento,posicion,hora) VALUES (123,44,6);
INSERT INTO ranking_por_hora(id_evento,posicion,hora) VALUES (94,45,6);
INSERT INTO ranking_por_hora(id_evento,posicion,hora) VALUES (93,46,6);
INSERT INTO ranking_por_hora(id_evento,posicion,hora) VALUES (104,47,6);
INSERT INTO ranking_por_hora(id_evento,posicion,hora) VALUES (96,48,6);
INSERT INTO ranking_por_hora(id_evento,posicion,hora) VALUES (95,49,6);
INSERT INTO ranking_por_hora(id_evento,posicion,hora) VALUES (99,50,6);
INSERT INTO ranking_por_hora(id_evento,posicion,hora) VALUES (98,51,6);
INSERT INTO ranking_por_hora(id_evento,posicion,hora) VALUES (100,52,6);
INSERT INTO ranking_por_hora(id_evento,posicion,hora) VALUES (97,53,6);
INSERT INTO ranking_por_hora(id_evento,posicion,hora) VALUES (101,54,6);
INSERT INTO ranking_por_hora(id_evento,posicion,hora) VALUES (103,55,6);
INSERT INTO ranking_por_hora(id_evento,posicion,hora) VALUES (105,56,6);
INSERT INTO ranking_por_hora(id_evento,posicion,hora) VALUES (119,57,6);
INSERT INTO ranking_por_hora(id_evento,posicion,hora) VALUES (108,58,6);
INSERT INTO ranking_por_hora(id_evento,posicion,hora) VALUES (120,59,6);
INSERT INTO ranking_por_hora(id_evento,posicion,hora) VALUES (118,60,6);
INSERT INTO ranking_por_hora(id_evento,posicion,hora) VALUES (121,61,6);
INSERT INTO ranking_por_hora(id_evento,posicion,hora) VALUES (63,1,7);
INSERT INTO ranking_por_hora(id_evento,posicion,hora) VALUES (64,2,7);
INSERT INTO ranking_por_hora(id_evento,posicion,hora) VALUES (113,3,7);
INSERT INTO ranking_por_hora(id_evento,posicion,hora) VALUES (65,4,7);
INSERT INTO ranking_por_hora(id_evento,posicion,hora) VALUES (67,5,7);
INSERT INTO ranking_por_hora(id_evento,posicion,hora) VALUES (66,6,7);
INSERT INTO ranking_por_hora(id_evento,posicion,hora) VALUES (73,7,7);
INSERT INTO ranking_por_hora(id_evento,posicion,hora) VALUES (68,8,7);
INSERT INTO ranking_por_hora(id_evento,posicion,hora) VALUES (111,9,7);
INSERT INTO ranking_por_hora(id_evento,posicion,hora) VALUES (69,10,7);
INSERT INTO ranking_por_hora(id_evento,posicion,hora) VALUES (112,11,7);
INSERT INTO ranking_por_hora(id_evento,posicion,hora) VALUES (71,12,7);
INSERT INTO ranking_por_hora(id_evento,posicion,hora) VALUES (70,13,7);
INSERT INTO ranking_por_hora(id_evento,posicion,hora) VALUES (81,14,7);
INSERT INTO ranking_por_hora(id_evento,posicion,hora) VALUES (72,15,7);
INSERT INTO ranking_por_hora(id_evento,posicion,hora) VALUES (75,16,7);
INSERT INTO ranking_por_hora(id_evento,posicion,hora) VALUES (74,17,7);
INSERT INTO ranking_por_hora(id_evento,posicion,hora) VALUES (77,18,7);
INSERT INTO ranking_por_hora(id_evento,posicion,hora) VALUES (80,19,7);
INSERT INTO ranking_por_hora(id_evento,posicion,hora) VALUES (110,20,7);
INSERT INTO ranking_por_hora(id_evento,posicion,hora) VALUES (76,21,7);
INSERT INTO ranking_por_hora(id_evento,posicion,hora) VALUES (79,22,7);
INSERT INTO ranking_por_hora(id_evento,posicion,hora) VALUES (107,23,7);
INSERT INTO ranking_por_hora(id_evento,posicion,hora) VALUES (78,24,7);
INSERT INTO ranking_por_hora(id_evento,posicion,hora) VALUES (115,25,7);
INSERT INTO ranking_por_hora(id_evento,posicion,hora) VALUES (88,26,7);
INSERT INTO ranking_por_hora(id_evento,posicion,hora) VALUES (91,27,7);
INSERT INTO ranking_por_hora(id_evento,posicion,hora) VALUES (90,28,7);
INSERT INTO ranking_por_hora(id_evento,posicion,hora) VALUES (82,29,7);
INSERT INTO ranking_por_hora(id_evento,posicion,hora) VALUES (85,30,7);
INSERT INTO ranking_por_hora(id_evento,posicion,hora) VALUES (86,31,7);
INSERT INTO ranking_por_hora(id_evento,posicion,hora) VALUES (84,32,7);
INSERT INTO ranking_por_hora(id_evento,posicion,hora) VALUES (116,33,7);
INSERT INTO ranking_por_hora(id_evento,posicion,hora) VALUES (122,34,7);
INSERT INTO ranking_por_hora(id_evento,posicion,hora) VALUES (83,35,7);
INSERT INTO ranking_por_hora(id_evento,posicion,hora) VALUES (89,36,7);
INSERT INTO ranking_por_hora(id_evento,posicion,hora) VALUES (92,37,7);
INSERT INTO ranking_por_hora(id_evento,posicion,hora) VALUES (106,38,7);
INSERT INTO ranking_por_hora(id_evento,posicion,hora) VALUES (87,39,7);
INSERT INTO ranking_por_hora(id_evento,posicion,hora) VALUES (117,40,7);
INSERT INTO ranking_por_hora(id_evento,posicion,hora) VALUES (109,41,7);
INSERT INTO ranking_por_hora(id_evento,posicion,hora) VALUES (102,42,7);
INSERT INTO ranking_por_hora(id_evento,posicion,hora) VALUES (123,43,7);
INSERT INTO ranking_por_hora(id_evento,posicion,hora) VALUES (94,44,7);
INSERT INTO ranking_por_hora(id_evento,posicion,hora) VALUES (93,45,7);
INSERT INTO ranking_por_hora(id_evento,posicion,hora) VALUES (104,46,7);
INSERT INTO ranking_por_hora(id_evento,posicion,hora) VALUES (96,47,7);
INSERT INTO ranking_por_hora(id_evento,posicion,hora) VALUES (95,48,7);
INSERT INTO ranking_por_hora(id_evento,posicion,hora) VALUES (99,49,7);
INSERT INTO ranking_por_hora(id_evento,posicion,hora) VALUES (98,50,7);
INSERT INTO ranking_por_hora(id_evento,posicion,hora) VALUES (101,51,7);
INSERT INTO ranking_por_hora(id_evento,posicion,hora) VALUES (97,52,7);
INSERT INTO ranking_por_hora(id_evento,posicion,hora) VALUES (100,53,7);
INSERT INTO ranking_por_hora(id_evento,posicion,hora) VALUES (103,54,7);
INSERT INTO ranking_por_hora(id_evento,posicion,hora) VALUES (105,55,7);
INSERT INTO ranking_por_hora(id_evento,posicion,hora) VALUES (108,56,7);
INSERT INTO ranking_por_hora(id_evento,posicion,hora) VALUES (114,57,7);
INSERT INTO ranking_por_hora(id_evento,posicion,hora) VALUES (118,58,7);
INSERT INTO ranking_por_hora(id_evento,posicion,hora) VALUES (120,59,7);
INSERT INTO ranking_por_hora(id_evento,posicion,hora) VALUES (121,60,7);
INSERT INTO ranking_por_hora(id_evento,posicion,hora) VALUES (63,1,8);
INSERT INTO ranking_por_hora(id_evento,posicion,hora) VALUES (64,2,8);
INSERT INTO ranking_por_hora(id_evento,posicion,hora) VALUES (113,3,8);
INSERT INTO ranking_por_hora(id_evento,posicion,hora) VALUES (65,4,8);
INSERT INTO ranking_por_hora(id_evento,posicion,hora) VALUES (67,5,8);
INSERT INTO ranking_por_hora(id_evento,posicion,hora) VALUES (66,6,8);
INSERT INTO ranking_por_hora(id_evento,posicion,hora) VALUES (73,7,8);
INSERT INTO ranking_por_hora(id_evento,posicion,hora) VALUES (68,8,8);
INSERT INTO ranking_por_hora(id_evento,posicion,hora) VALUES (111,9,8);
INSERT INTO ranking_por_hora(id_evento,posicion,hora) VALUES (69,10,8);
INSERT INTO ranking_por_hora(id_evento,posicion,hora) VALUES (112,11,8);
INSERT INTO ranking_por_hora(id_evento,posicion,hora) VALUES (71,12,8);
INSERT INTO ranking_por_hora(id_evento,posicion,hora) VALUES (70,13,8);
INSERT INTO ranking_por_hora(id_evento,posicion,hora) VALUES (81,14,8);
INSERT INTO ranking_por_hora(id_evento,posicion,hora) VALUES (72,15,8);
INSERT INTO ranking_por_hora(id_evento,posicion,hora) VALUES (75,16,8);
INSERT INTO ranking_por_hora(id_evento,posicion,hora) VALUES (74,17,8);
INSERT INTO ranking_por_hora(id_evento,posicion,hora) VALUES (77,18,8);
INSERT INTO ranking_por_hora(id_evento,posicion,hora) VALUES (80,19,8);
INSERT INTO ranking_por_hora(id_evento,posicion,hora) VALUES (110,20,8);
INSERT INTO ranking_por_hora(id_evento,posicion,hora) VALUES (76,21,8);
INSERT INTO ranking_por_hora(id_evento,posicion,hora) VALUES (79,22,8);
INSERT INTO ranking_por_hora(id_evento,posicion,hora) VALUES (107,23,8);
INSERT INTO ranking_por_hora(id_evento,posicion,hora) VALUES (78,24,8);
INSERT INTO ranking_por_hora(id_evento,posicion,hora) VALUES (115,25,8);
INSERT INTO ranking_por_hora(id_evento,posicion,hora) VALUES (88,26,8);
INSERT INTO ranking_por_hora(id_evento,posicion,hora) VALUES (91,27,8);
INSERT INTO ranking_por_hora(id_evento,posicion,hora) VALUES (90,28,8);
INSERT INTO ranking_por_hora(id_evento,posicion,hora) VALUES (82,29,8);
INSERT INTO ranking_por_hora(id_evento,posicion,hora) VALUES (85,30,8);
INSERT INTO ranking_por_hora(id_evento,posicion,hora) VALUES (86,31,8);
INSERT INTO ranking_por_hora(id_evento,posicion,hora) VALUES (84,32,8);
INSERT INTO ranking_por_hora(id_evento,posicion,hora) VALUES (116,33,8);
INSERT INTO ranking_por_hora(id_evento,posicion,hora) VALUES (122,34,8);
INSERT INTO ranking_por_hora(id_evento,posicion,hora) VALUES (83,35,8);
INSERT INTO ranking_por_hora(id_evento,posicion,hora) VALUES (89,36,8);
INSERT INTO ranking_por_hora(id_evento,posicion,hora) VALUES (92,37,8);
INSERT INTO ranking_por_hora(id_evento,posicion,hora) VALUES (106,38,8);
INSERT INTO ranking_por_hora(id_evento,posicion,hora) VALUES (87,39,8);
INSERT INTO ranking_por_hora(id_evento,posicion,hora) VALUES (117,40,8);
INSERT INTO ranking_por_hora(id_evento,posicion,hora) VALUES (109,41,8);
INSERT INTO ranking_por_hora(id_evento,posicion,hora) VALUES (102,42,8);
INSERT INTO ranking_por_hora(id_evento,posicion,hora) VALUES (123,43,8);
INSERT INTO ranking_por_hora(id_evento,posicion,hora) VALUES (94,44,8);
INSERT INTO ranking_por_hora(id_evento,posicion,hora) VALUES (93,45,8);
INSERT INTO ranking_por_hora(id_evento,posicion,hora) VALUES (104,46,8);
INSERT INTO ranking_por_hora(id_evento,posicion,hora) VALUES (96,47,8);
INSERT INTO ranking_por_hora(id_evento,posicion,hora) VALUES (95,48,8);
INSERT INTO ranking_por_hora(id_evento,posicion,hora) VALUES (99,49,8);
INSERT INTO ranking_por_hora(id_evento,posicion,hora) VALUES (98,50,8);
INSERT INTO ranking_por_hora(id_evento,posicion,hora) VALUES (101,51,8);
INSERT INTO ranking_por_hora(id_evento,posicion,hora) VALUES (97,52,8);
INSERT INTO ranking_por_hora(id_evento,posicion,hora) VALUES (100,53,8);
INSERT INTO ranking_por_hora(id_evento,posicion,hora) VALUES (103,54,8);
INSERT INTO ranking_por_hora(id_evento,posicion,hora) VALUES (105,55,8);
INSERT INTO ranking_por_hora(id_evento,posicion,hora) VALUES (108,56,8);
INSERT INTO ranking_por_hora(id_evento,posicion,hora) VALUES (114,57,8);
INSERT INTO ranking_por_hora(id_evento,posicion,hora) VALUES (118,58,8);
INSERT INTO ranking_por_hora(id_evento,posicion,hora) VALUES (120,59,8);
INSERT INTO ranking_por_hora(id_evento,posicion,hora) VALUES (121,60,8);
INSERT INTO ranking_por_hora(id_evento,posicion,hora) VALUES (64,1,9);
INSERT INTO ranking_por_hora(id_evento,posicion,hora) VALUES (63,2,9);
INSERT INTO ranking_por_hora(id_evento,posicion,hora) VALUES (113,3,9);
INSERT INTO ranking_por_hora(id_evento,posicion,hora) VALUES (65,4,9);
INSERT INTO ranking_por_hora(id_evento,posicion,hora) VALUES (67,5,9);
INSERT INTO ranking_por_hora(id_evento,posicion,hora) VALUES (66,6,9);
INSERT INTO ranking_por_hora(id_evento,posicion,hora) VALUES (73,7,9);
INSERT INTO ranking_por_hora(id_evento,posicion,hora) VALUES (68,8,9);
INSERT INTO ranking_por_hora(id_evento,posicion,hora) VALUES (69,9,9);
INSERT INTO ranking_por_hora(id_evento,posicion,hora) VALUES (111,10,9);
INSERT INTO ranking_por_hora(id_evento,posicion,hora) VALUES (112,11,9);
INSERT INTO ranking_por_hora(id_evento,posicion,hora) VALUES (71,12,9);
INSERT INTO ranking_por_hora(id_evento,posicion,hora) VALUES (70,13,9);
INSERT INTO ranking_por_hora(id_evento,posicion,hora) VALUES (81,14,9);
INSERT INTO ranking_por_hora(id_evento,posicion,hora) VALUES (72,15,9);
INSERT INTO ranking_por_hora(id_evento,posicion,hora) VALUES (75,16,9);
INSERT INTO ranking_por_hora(id_evento,posicion,hora) VALUES (74,17,9);
INSERT INTO ranking_por_hora(id_evento,posicion,hora) VALUES (77,18,9);
INSERT INTO ranking_por_hora(id_evento,posicion,hora) VALUES (80,19,9);
INSERT INTO ranking_por_hora(id_evento,posicion,hora) VALUES (110,20,9);
INSERT INTO ranking_por_hora(id_evento,posicion,hora) VALUES (79,21,9);
INSERT INTO ranking_por_hora(id_evento,posicion,hora) VALUES (76,22,9);
INSERT INTO ranking_por_hora(id_evento,posicion,hora) VALUES (88,23,9);
INSERT INTO ranking_por_hora(id_evento,posicion,hora) VALUES (78,24,9);
INSERT INTO ranking_por_hora(id_evento,posicion,hora) VALUES (115,25,9);
INSERT INTO ranking_por_hora(id_evento,posicion,hora) VALUES (91,26,9);
INSERT INTO ranking_por_hora(id_evento,posicion,hora) VALUES (90,27,9);
INSERT INTO ranking_por_hora(id_evento,posicion,hora) VALUES (82,28,9);
INSERT INTO ranking_por_hora(id_evento,posicion,hora) VALUES (85,29,9);
INSERT INTO ranking_por_hora(id_evento,posicion,hora) VALUES (84,30,9);
INSERT INTO ranking_por_hora(id_evento,posicion,hora) VALUES (116,31,9);
INSERT INTO ranking_por_hora(id_evento,posicion,hora) VALUES (83,32,9);
INSERT INTO ranking_por_hora(id_evento,posicion,hora) VALUES (86,33,9);
INSERT INTO ranking_por_hora(id_evento,posicion,hora) VALUES (122,34,9);
INSERT INTO ranking_por_hora(id_evento,posicion,hora) VALUES (89,35,9);
INSERT INTO ranking_por_hora(id_evento,posicion,hora) VALUES (92,36,9);
INSERT INTO ranking_por_hora(id_evento,posicion,hora) VALUES (107,37,9);
INSERT INTO ranking_por_hora(id_evento,posicion,hora) VALUES (87,38,9);
INSERT INTO ranking_por_hora(id_evento,posicion,hora) VALUES (106,39,9);
INSERT INTO ranking_por_hora(id_evento,posicion,hora) VALUES (117,40,9);
INSERT INTO ranking_por_hora(id_evento,posicion,hora) VALUES (102,41,9);
INSERT INTO ranking_por_hora(id_evento,posicion,hora) VALUES (123,42,9);
INSERT INTO ranking_por_hora(id_evento,posicion,hora) VALUES (94,43,9);
INSERT INTO ranking_por_hora(id_evento,posicion,hora) VALUES (93,44,9);
INSERT INTO ranking_por_hora(id_evento,posicion,hora) VALUES (96,45,9);
INSERT INTO ranking_por_hora(id_evento,posicion,hora) VALUES (109,46,9);
INSERT INTO ranking_por_hora(id_evento,posicion,hora) VALUES (95,47,9);
INSERT INTO ranking_por_hora(id_evento,posicion,hora) VALUES (104,48,9);
INSERT INTO ranking_por_hora(id_evento,posicion,hora) VALUES (99,49,9);
INSERT INTO ranking_por_hora(id_evento,posicion,hora) VALUES (98,50,9);
INSERT INTO ranking_por_hora(id_evento,posicion,hora) VALUES (97,51,9);
INSERT INTO ranking_por_hora(id_evento,posicion,hora) VALUES (100,52,9);
INSERT INTO ranking_por_hora(id_evento,posicion,hora) VALUES (101,53,9);
INSERT INTO ranking_por_hora(id_evento,posicion,hora) VALUES (105,54,9);
INSERT INTO ranking_por_hora(id_evento,posicion,hora) VALUES (103,55,9);
INSERT INTO ranking_por_hora(id_evento,posicion,hora) VALUES (108,56,9);
INSERT INTO ranking_por_hora(id_evento,posicion,hora) VALUES (114,57,9);
INSERT INTO ranking_por_hora(id_evento,posicion,hora) VALUES (118,58,9);
INSERT INTO ranking_por_hora(id_evento,posicion,hora) VALUES (120,59,9);
INSERT INTO ranking_por_hora(id_evento,posicion,hora) VALUES (121,60,9);
INSERT INTO ranking_por_hora(id_evento,posicion,hora) VALUES (64,1,10);
INSERT INTO ranking_por_hora(id_evento,posicion,hora) VALUES (63,2,10);
INSERT INTO ranking_por_hora(id_evento,posicion,hora) VALUES (113,3,10);
INSERT INTO ranking_por_hora(id_evento,posicion,hora) VALUES (65,4,10);
INSERT INTO ranking_por_hora(id_evento,posicion,hora) VALUES (67,5,10);
INSERT INTO ranking_por_hora(id_evento,posicion,hora) VALUES (66,6,10);
INSERT INTO ranking_por_hora(id_evento,posicion,hora) VALUES (73,7,10);
INSERT INTO ranking_por_hora(id_evento,posicion,hora) VALUES (68,8,10);
INSERT INTO ranking_por_hora(id_evento,posicion,hora) VALUES (69,9,10);
INSERT INTO ranking_por_hora(id_evento,posicion,hora) VALUES (111,10,10);
INSERT INTO ranking_por_hora(id_evento,posicion,hora) VALUES (112,11,10);
INSERT INTO ranking_por_hora(id_evento,posicion,hora) VALUES (70,12,10);
INSERT INTO ranking_por_hora(id_evento,posicion,hora) VALUES (81,13,10);
INSERT INTO ranking_por_hora(id_evento,posicion,hora) VALUES (71,14,10);
INSERT INTO ranking_por_hora(id_evento,posicion,hora) VALUES (72,15,10);
INSERT INTO ranking_por_hora(id_evento,posicion,hora) VALUES (74,16,10);
INSERT INTO ranking_por_hora(id_evento,posicion,hora) VALUES (75,17,10);
INSERT INTO ranking_por_hora(id_evento,posicion,hora) VALUES (77,18,10);
INSERT INTO ranking_por_hora(id_evento,posicion,hora) VALUES (80,19,10);
INSERT INTO ranking_por_hora(id_evento,posicion,hora) VALUES (76,20,10);
INSERT INTO ranking_por_hora(id_evento,posicion,hora) VALUES (110,21,10);
INSERT INTO ranking_por_hora(id_evento,posicion,hora) VALUES (79,22,10);
INSERT INTO ranking_por_hora(id_evento,posicion,hora) VALUES (78,23,10);
INSERT INTO ranking_por_hora(id_evento,posicion,hora) VALUES (88,24,10);
INSERT INTO ranking_por_hora(id_evento,posicion,hora) VALUES (115,25,10);
INSERT INTO ranking_por_hora(id_evento,posicion,hora) VALUES (82,26,10);
INSERT INTO ranking_por_hora(id_evento,posicion,hora) VALUES (91,27,10);
INSERT INTO ranking_por_hora(id_evento,posicion,hora) VALUES (90,28,10);
INSERT INTO ranking_por_hora(id_evento,posicion,hora) VALUES (85,29,10);
INSERT INTO ranking_por_hora(id_evento,posicion,hora) VALUES (86,30,10);
INSERT INTO ranking_por_hora(id_evento,posicion,hora) VALUES (84,31,10);
INSERT INTO ranking_por_hora(id_evento,posicion,hora) VALUES (83,32,10);
INSERT INTO ranking_por_hora(id_evento,posicion,hora) VALUES (122,33,10);
INSERT INTO ranking_por_hora(id_evento,posicion,hora) VALUES (107,34,10);
INSERT INTO ranking_por_hora(id_evento,posicion,hora) VALUES (89,35,10);
INSERT INTO ranking_por_hora(id_evento,posicion,hora) VALUES (92,36,10);
INSERT INTO ranking_por_hora(id_evento,posicion,hora) VALUES (87,37,10);
INSERT INTO ranking_por_hora(id_evento,posicion,hora) VALUES (102,38,10);
INSERT INTO ranking_por_hora(id_evento,posicion,hora) VALUES (116,39,10);
INSERT INTO ranking_por_hora(id_evento,posicion,hora) VALUES (123,40,10);
INSERT INTO ranking_por_hora(id_evento,posicion,hora) VALUES (93,41,10);
INSERT INTO ranking_por_hora(id_evento,posicion,hora) VALUES (94,42,10);
INSERT INTO ranking_por_hora(id_evento,posicion,hora) VALUES (96,43,10);
INSERT INTO ranking_por_hora(id_evento,posicion,hora) VALUES (109,44,10);
INSERT INTO ranking_por_hora(id_evento,posicion,hora) VALUES (95,45,10);
INSERT INTO ranking_por_hora(id_evento,posicion,hora) VALUES (104,46,10);
INSERT INTO ranking_por_hora(id_evento,posicion,hora) VALUES (99,47,10);
INSERT INTO ranking_por_hora(id_evento,posicion,hora) VALUES (98,48,10);
INSERT INTO ranking_por_hora(id_evento,posicion,hora) VALUES (97,49,10);
INSERT INTO ranking_por_hora(id_evento,posicion,hora) VALUES (100,50,10);
INSERT INTO ranking_por_hora(id_evento,posicion,hora) VALUES (105,51,10);
INSERT INTO ranking_por_hora(id_evento,posicion,hora) VALUES (101,52,10);
INSERT INTO ranking_por_hora(id_evento,posicion,hora) VALUES (103,53,10);
INSERT INTO ranking_por_hora(id_evento,posicion,hora) VALUES (106,54,10);
INSERT INTO ranking_por_hora(id_evento,posicion,hora) VALUES (108,55,10);
INSERT INTO ranking_por_hora(id_evento,posicion,hora) VALUES (117,56,10);
INSERT INTO ranking_por_hora(id_evento,posicion,hora) VALUES (114,57,10);
INSERT INTO ranking_por_hora(id_evento,posicion,hora) VALUES (118,58,10);
INSERT INTO ranking_por_hora(id_evento,posicion,hora) VALUES (120,59,10);
INSERT INTO ranking_por_hora(id_evento,posicion,hora) VALUES (121,60,10);
INSERT INTO ranking_por_hora(id_evento,posicion,hora) VALUES (63,1,11);
INSERT INTO ranking_por_hora(id_evento,posicion,hora) VALUES (64,2,11);
INSERT INTO ranking_por_hora(id_evento,posicion,hora) VALUES (67,3,11);
INSERT INTO ranking_por_hora(id_evento,posicion,hora) VALUES (65,4,11);
INSERT INTO ranking_por_hora(id_evento,posicion,hora) VALUES (66,5,11);
INSERT INTO ranking_por_hora(id_evento,posicion,hora) VALUES (73,6,11);
INSERT INTO ranking_por_hora(id_evento,posicion,hora) VALUES (68,7,11);
INSERT INTO ranking_por_hora(id_evento,posicion,hora) VALUES (69,8,11);
INSERT INTO ranking_por_hora(id_evento,posicion,hora) VALUES (111,9,11);
INSERT INTO ranking_por_hora(id_evento,posicion,hora) VALUES (70,10,11);
INSERT INTO ranking_por_hora(id_evento,posicion,hora) VALUES (112,11,11);
INSERT INTO ranking_por_hora(id_evento,posicion,hora) VALUES (71,12,11);
INSERT INTO ranking_por_hora(id_evento,posicion,hora) VALUES (81,13,11);
INSERT INTO ranking_por_hora(id_evento,posicion,hora) VALUES (72,14,11);
INSERT INTO ranking_por_hora(id_evento,posicion,hora) VALUES (74,15,11);
INSERT INTO ranking_por_hora(id_evento,posicion,hora) VALUES (75,16,11);
INSERT INTO ranking_por_hora(id_evento,posicion,hora) VALUES (113,17,11);
INSERT INTO ranking_por_hora(id_evento,posicion,hora) VALUES (77,18,11);
INSERT INTO ranking_por_hora(id_evento,posicion,hora) VALUES (76,19,11);
INSERT INTO ranking_por_hora(id_evento,posicion,hora) VALUES (80,20,11);
INSERT INTO ranking_por_hora(id_evento,posicion,hora) VALUES (110,21,11);
INSERT INTO ranking_por_hora(id_evento,posicion,hora) VALUES (79,22,11);
INSERT INTO ranking_por_hora(id_evento,posicion,hora) VALUES (78,23,11);
INSERT INTO ranking_por_hora(id_evento,posicion,hora) VALUES (88,24,11);
INSERT INTO ranking_por_hora(id_evento,posicion,hora) VALUES (91,25,11);
INSERT INTO ranking_por_hora(id_evento,posicion,hora) VALUES (82,26,11);
INSERT INTO ranking_por_hora(id_evento,posicion,hora) VALUES (84,27,11);
INSERT INTO ranking_por_hora(id_evento,posicion,hora) VALUES (83,28,11);
INSERT INTO ranking_por_hora(id_evento,posicion,hora) VALUES (107,29,11);
INSERT INTO ranking_por_hora(id_evento,posicion,hora) VALUES (122,30,11);
INSERT INTO ranking_por_hora(id_evento,posicion,hora) VALUES (86,31,11);
INSERT INTO ranking_por_hora(id_evento,posicion,hora) VALUES (90,32,11);
INSERT INTO ranking_por_hora(id_evento,posicion,hora) VALUES (85,33,11);
INSERT INTO ranking_por_hora(id_evento,posicion,hora) VALUES (89,34,11);
INSERT INTO ranking_por_hora(id_evento,posicion,hora) VALUES (87,35,11);
INSERT INTO ranking_por_hora(id_evento,posicion,hora) VALUES (102,36,11);
INSERT INTO ranking_por_hora(id_evento,posicion,hora) VALUES (115,37,11);
INSERT INTO ranking_por_hora(id_evento,posicion,hora) VALUES (92,38,11);
INSERT INTO ranking_por_hora(id_evento,posicion,hora) VALUES (123,39,11);
INSERT INTO ranking_por_hora(id_evento,posicion,hora) VALUES (96,40,11);
INSERT INTO ranking_por_hora(id_evento,posicion,hora) VALUES (104,41,11);
INSERT INTO ranking_por_hora(id_evento,posicion,hora) VALUES (93,42,11);
INSERT INTO ranking_por_hora(id_evento,posicion,hora) VALUES (95,43,11);
INSERT INTO ranking_por_hora(id_evento,posicion,hora) VALUES (94,44,11);
INSERT INTO ranking_por_hora(id_evento,posicion,hora) VALUES (99,45,11);
INSERT INTO ranking_por_hora(id_evento,posicion,hora) VALUES (97,46,11);
INSERT INTO ranking_por_hora(id_evento,posicion,hora) VALUES (109,47,11);
INSERT INTO ranking_por_hora(id_evento,posicion,hora) VALUES (100,48,11);
INSERT INTO ranking_por_hora(id_evento,posicion,hora) VALUES (98,49,11);
INSERT INTO ranking_por_hora(id_evento,posicion,hora) VALUES (105,50,11);
INSERT INTO ranking_por_hora(id_evento,posicion,hora) VALUES (103,51,11);
INSERT INTO ranking_por_hora(id_evento,posicion,hora) VALUES (101,52,11);
INSERT INTO ranking_por_hora(id_evento,posicion,hora) VALUES (106,53,11);
INSERT INTO ranking_por_hora(id_evento,posicion,hora) VALUES (108,54,11);
INSERT INTO ranking_por_hora(id_evento,posicion,hora) VALUES (116,55,11);
INSERT INTO ranking_por_hora(id_evento,posicion,hora) VALUES (114,56,11);
INSERT INTO ranking_por_hora(id_evento,posicion,hora) VALUES (117,57,11);
INSERT INTO ranking_por_hora(id_evento,posicion,hora) VALUES (118,58,11);
INSERT INTO ranking_por_hora(id_evento,posicion,hora) VALUES (120,59,11);
INSERT INTO ranking_por_hora(id_evento,posicion,hora) VALUES (121,60,11);
INSERT INTO ranking_por_hora(id_evento,posicion,hora) VALUES (64,1,12);
INSERT INTO ranking_por_hora(id_evento,posicion,hora) VALUES (63,2,12);
INSERT INTO ranking_por_hora(id_evento,posicion,hora) VALUES (67,3,12);
INSERT INTO ranking_por_hora(id_evento,posicion,hora) VALUES (65,4,12);
INSERT INTO ranking_por_hora(id_evento,posicion,hora) VALUES (66,5,12);
INSERT INTO ranking_por_hora(id_evento,posicion,hora) VALUES (73,6,12);
INSERT INTO ranking_por_hora(id_evento,posicion,hora) VALUES (68,7,12);
INSERT INTO ranking_por_hora(id_evento,posicion,hora) VALUES (69,8,12);
INSERT INTO ranking_por_hora(id_evento,posicion,hora) VALUES (111,9,12);
INSERT INTO ranking_por_hora(id_evento,posicion,hora) VALUES (70,10,12);
INSERT INTO ranking_por_hora(id_evento,posicion,hora) VALUES (112,11,12);
INSERT INTO ranking_por_hora(id_evento,posicion,hora) VALUES (81,12,12);
INSERT INTO ranking_por_hora(id_evento,posicion,hora) VALUES (71,13,12);
INSERT INTO ranking_por_hora(id_evento,posicion,hora) VALUES (72,14,12);
INSERT INTO ranking_por_hora(id_evento,posicion,hora) VALUES (74,15,12);
INSERT INTO ranking_por_hora(id_evento,posicion,hora) VALUES (75,16,12);
INSERT INTO ranking_por_hora(id_evento,posicion,hora) VALUES (77,17,12);
INSERT INTO ranking_por_hora(id_evento,posicion,hora) VALUES (76,18,12);
INSERT INTO ranking_por_hora(id_evento,posicion,hora) VALUES (80,19,12);
INSERT INTO ranking_por_hora(id_evento,posicion,hora) VALUES (110,20,12);
INSERT INTO ranking_por_hora(id_evento,posicion,hora) VALUES (79,21,12);
INSERT INTO ranking_por_hora(id_evento,posicion,hora) VALUES (78,22,12);
INSERT INTO ranking_por_hora(id_evento,posicion,hora) VALUES (88,23,12);
INSERT INTO ranking_por_hora(id_evento,posicion,hora) VALUES (107,24,12);
INSERT INTO ranking_por_hora(id_evento,posicion,hora) VALUES (91,25,12);
INSERT INTO ranking_por_hora(id_evento,posicion,hora) VALUES (82,26,12);
INSERT INTO ranking_por_hora(id_evento,posicion,hora) VALUES (83,27,12);
INSERT INTO ranking_por_hora(id_evento,posicion,hora) VALUES (84,28,12);
INSERT INTO ranking_por_hora(id_evento,posicion,hora) VALUES (90,29,12);
INSERT INTO ranking_por_hora(id_evento,posicion,hora) VALUES (122,30,12);
INSERT INTO ranking_por_hora(id_evento,posicion,hora) VALUES (86,31,12);
INSERT INTO ranking_por_hora(id_evento,posicion,hora) VALUES (85,32,12);
INSERT INTO ranking_por_hora(id_evento,posicion,hora) VALUES (89,33,12);
INSERT INTO ranking_por_hora(id_evento,posicion,hora) VALUES (87,34,12);
INSERT INTO ranking_por_hora(id_evento,posicion,hora) VALUES (102,35,12);
INSERT INTO ranking_por_hora(id_evento,posicion,hora) VALUES (92,36,12);
INSERT INTO ranking_por_hora(id_evento,posicion,hora) VALUES (123,37,12);
INSERT INTO ranking_por_hora(id_evento,posicion,hora) VALUES (104,38,12);
INSERT INTO ranking_por_hora(id_evento,posicion,hora) VALUES (96,39,12);
INSERT INTO ranking_por_hora(id_evento,posicion,hora) VALUES (94,40,12);
INSERT INTO ranking_por_hora(id_evento,posicion,hora) VALUES (93,41,12);
INSERT INTO ranking_por_hora(id_evento,posicion,hora) VALUES (95,42,12);
INSERT INTO ranking_por_hora(id_evento,posicion,hora) VALUES (99,43,12);
INSERT INTO ranking_por_hora(id_evento,posicion,hora) VALUES (113,44,12);
INSERT INTO ranking_por_hora(id_evento,posicion,hora) VALUES (109,45,12);
INSERT INTO ranking_por_hora(id_evento,posicion,hora) VALUES (97,46,12);
INSERT INTO ranking_por_hora(id_evento,posicion,hora) VALUES (100,47,12);
INSERT INTO ranking_por_hora(id_evento,posicion,hora) VALUES (98,48,12);
INSERT INTO ranking_por_hora(id_evento,posicion,hora) VALUES (105,49,12);
INSERT INTO ranking_por_hora(id_evento,posicion,hora) VALUES (103,50,12);
INSERT INTO ranking_por_hora(id_evento,posicion,hora) VALUES (101,51,12);
INSERT INTO ranking_por_hora(id_evento,posicion,hora) VALUES (106,52,12);
INSERT INTO ranking_por_hora(id_evento,posicion,hora) VALUES (115,53,12);
INSERT INTO ranking_por_hora(id_evento,posicion,hora) VALUES (108,54,12);
INSERT INTO ranking_por_hora(id_evento,posicion,hora) VALUES (114,55,12);
INSERT INTO ranking_por_hora(id_evento,posicion,hora) VALUES (116,56,12);
INSERT INTO ranking_por_hora(id_evento,posicion,hora) VALUES (117,57,12);
INSERT INTO ranking_por_hora(id_evento,posicion,hora) VALUES (118,58,12);
INSERT INTO ranking_por_hora(id_evento,posicion,hora) VALUES (120,59,12);
INSERT INTO ranking_por_hora(id_evento,posicion,hora) VALUES (121,60,12);
INSERT INTO ranking_por_hora(id_evento,posicion,hora) VALUES (64,1,13);
INSERT INTO ranking_por_hora(id_evento,posicion,hora) VALUES (63,2,13);
INSERT INTO ranking_por_hora(id_evento,posicion,hora) VALUES (67,3,13);
INSERT INTO ranking_por_hora(id_evento,posicion,hora) VALUES (65,4,13);
INSERT INTO ranking_por_hora(id_evento,posicion,hora) VALUES (66,5,13);
INSERT INTO ranking_por_hora(id_evento,posicion,hora) VALUES (73,6,13);
INSERT INTO ranking_por_hora(id_evento,posicion,hora) VALUES (68,7,13);
INSERT INTO ranking_por_hora(id_evento,posicion,hora) VALUES (69,8,13);
INSERT INTO ranking_por_hora(id_evento,posicion,hora) VALUES (111,9,13);
INSERT INTO ranking_por_hora(id_evento,posicion,hora) VALUES (70,10,13);
INSERT INTO ranking_por_hora(id_evento,posicion,hora) VALUES (112,11,13);
INSERT INTO ranking_por_hora(id_evento,posicion,hora) VALUES (71,12,13);
INSERT INTO ranking_por_hora(id_evento,posicion,hora) VALUES (72,13,13);
INSERT INTO ranking_por_hora(id_evento,posicion,hora) VALUES (74,14,13);
INSERT INTO ranking_por_hora(id_evento,posicion,hora) VALUES (75,15,13);
INSERT INTO ranking_por_hora(id_evento,posicion,hora) VALUES (76,16,13);
INSERT INTO ranking_por_hora(id_evento,posicion,hora) VALUES (110,17,13);
INSERT INTO ranking_por_hora(id_evento,posicion,hora) VALUES (79,18,13);
INSERT INTO ranking_por_hora(id_evento,posicion,hora) VALUES (80,19,13);
INSERT INTO ranking_por_hora(id_evento,posicion,hora) VALUES (77,20,13);
INSERT INTO ranking_por_hora(id_evento,posicion,hora) VALUES (81,21,13);
INSERT INTO ranking_por_hora(id_evento,posicion,hora) VALUES (78,22,13);
INSERT INTO ranking_por_hora(id_evento,posicion,hora) VALUES (88,23,13);
INSERT INTO ranking_por_hora(id_evento,posicion,hora) VALUES (107,24,13);
INSERT INTO ranking_por_hora(id_evento,posicion,hora) VALUES (82,25,13);
INSERT INTO ranking_por_hora(id_evento,posicion,hora) VALUES (84,26,13);
INSERT INTO ranking_por_hora(id_evento,posicion,hora) VALUES (83,27,13);
INSERT INTO ranking_por_hora(id_evento,posicion,hora) VALUES (90,28,13);
INSERT INTO ranking_por_hora(id_evento,posicion,hora) VALUES (122,29,13);
INSERT INTO ranking_por_hora(id_evento,posicion,hora) VALUES (86,30,13);
INSERT INTO ranking_por_hora(id_evento,posicion,hora) VALUES (85,31,13);
INSERT INTO ranking_por_hora(id_evento,posicion,hora) VALUES (87,32,13);
INSERT INTO ranking_por_hora(id_evento,posicion,hora) VALUES (89,33,13);
INSERT INTO ranking_por_hora(id_evento,posicion,hora) VALUES (102,34,13);
INSERT INTO ranking_por_hora(id_evento,posicion,hora) VALUES (92,35,13);
INSERT INTO ranking_por_hora(id_evento,posicion,hora) VALUES (123,36,13);
INSERT INTO ranking_por_hora(id_evento,posicion,hora) VALUES (91,37,13);
INSERT INTO ranking_por_hora(id_evento,posicion,hora) VALUES (104,38,13);
INSERT INTO ranking_por_hora(id_evento,posicion,hora) VALUES (94,39,13);
INSERT INTO ranking_por_hora(id_evento,posicion,hora) VALUES (93,40,13);
INSERT INTO ranking_por_hora(id_evento,posicion,hora) VALUES (96,41,13);
INSERT INTO ranking_por_hora(id_evento,posicion,hora) VALUES (95,42,13);
INSERT INTO ranking_por_hora(id_evento,posicion,hora) VALUES (99,43,13);
INSERT INTO ranking_por_hora(id_evento,posicion,hora) VALUES (109,44,13);
INSERT INTO ranking_por_hora(id_evento,posicion,hora) VALUES (97,45,13);
INSERT INTO ranking_por_hora(id_evento,posicion,hora) VALUES (100,46,13);
INSERT INTO ranking_por_hora(id_evento,posicion,hora) VALUES (98,47,13);
INSERT INTO ranking_por_hora(id_evento,posicion,hora) VALUES (105,48,13);
INSERT INTO ranking_por_hora(id_evento,posicion,hora) VALUES (101,49,13);
INSERT INTO ranking_por_hora(id_evento,posicion,hora) VALUES (103,50,13);
INSERT INTO ranking_por_hora(id_evento,posicion,hora) VALUES (106,51,13);
INSERT INTO ranking_por_hora(id_evento,posicion,hora) VALUES (108,52,13);
INSERT INTO ranking_por_hora(id_evento,posicion,hora) VALUES (114,53,13);
INSERT INTO ranking_por_hora(id_evento,posicion,hora) VALUES (115,54,13);
INSERT INTO ranking_por_hora(id_evento,posicion,hora) VALUES (64,1,14);
INSERT INTO ranking_por_hora(id_evento,posicion,hora) VALUES (63,2,14);
INSERT INTO ranking_por_hora(id_evento,posicion,hora) VALUES (67,3,14);
INSERT INTO ranking_por_hora(id_evento,posicion,hora) VALUES (65,4,14);
INSERT INTO ranking_por_hora(id_evento,posicion,hora) VALUES (66,5,14);
INSERT INTO ranking_por_hora(id_evento,posicion,hora) VALUES (73,6,14);
INSERT INTO ranking_por_hora(id_evento,posicion,hora) VALUES (68,7,14);
INSERT INTO ranking_por_hora(id_evento,posicion,hora) VALUES (69,8,14);
INSERT INTO ranking_por_hora(id_evento,posicion,hora) VALUES (111,9,14);
INSERT INTO ranking_por_hora(id_evento,posicion,hora) VALUES (70,10,14);
INSERT INTO ranking_por_hora(id_evento,posicion,hora) VALUES (71,11,14);
INSERT INTO ranking_por_hora(id_evento,posicion,hora) VALUES (72,12,14);
INSERT INTO ranking_por_hora(id_evento,posicion,hora) VALUES (74,13,14);
INSERT INTO ranking_por_hora(id_evento,posicion,hora) VALUES (75,14,14);
INSERT INTO ranking_por_hora(id_evento,posicion,hora) VALUES (76,15,14);
INSERT INTO ranking_por_hora(id_evento,posicion,hora) VALUES (110,16,14);
INSERT INTO ranking_por_hora(id_evento,posicion,hora) VALUES (80,17,14);
INSERT INTO ranking_por_hora(id_evento,posicion,hora) VALUES (77,18,14);
INSERT INTO ranking_por_hora(id_evento,posicion,hora) VALUES (79,19,14);
INSERT INTO ranking_por_hora(id_evento,posicion,hora) VALUES (88,20,14);
INSERT INTO ranking_por_hora(id_evento,posicion,hora) VALUES (78,21,14);
INSERT INTO ranking_por_hora(id_evento,posicion,hora) VALUES (81,22,14);
INSERT INTO ranking_por_hora(id_evento,posicion,hora) VALUES (107,23,14);
INSERT INTO ranking_por_hora(id_evento,posicion,hora) VALUES (112,24,14);
INSERT INTO ranking_por_hora(id_evento,posicion,hora) VALUES (82,25,14);
INSERT INTO ranking_por_hora(id_evento,posicion,hora) VALUES (84,26,14);
INSERT INTO ranking_por_hora(id_evento,posicion,hora) VALUES (83,27,14);
INSERT INTO ranking_por_hora(id_evento,posicion,hora) VALUES (90,28,14);
INSERT INTO ranking_por_hora(id_evento,posicion,hora) VALUES (122,29,14);
INSERT INTO ranking_por_hora(id_evento,posicion,hora) VALUES (86,30,14);
INSERT INTO ranking_por_hora(id_evento,posicion,hora) VALUES (85,31,14);
INSERT INTO ranking_por_hora(id_evento,posicion,hora) VALUES (89,32,14);
INSERT INTO ranking_por_hora(id_evento,posicion,hora) VALUES (87,33,14);
INSERT INTO ranking_por_hora(id_evento,posicion,hora) VALUES (102,34,14);
INSERT INTO ranking_por_hora(id_evento,posicion,hora) VALUES (92,35,14);
INSERT INTO ranking_por_hora(id_evento,posicion,hora) VALUES (123,36,14);
INSERT INTO ranking_por_hora(id_evento,posicion,hora) VALUES (91,37,14);
INSERT INTO ranking_por_hora(id_evento,posicion,hora) VALUES (94,38,14);
INSERT INTO ranking_por_hora(id_evento,posicion,hora) VALUES (93,39,14);
INSERT INTO ranking_por_hora(id_evento,posicion,hora) VALUES (109,40,14);
INSERT INTO ranking_por_hora(id_evento,posicion,hora) VALUES (95,41,14);
INSERT INTO ranking_por_hora(id_evento,posicion,hora) VALUES (99,42,14);
INSERT INTO ranking_por_hora(id_evento,posicion,hora) VALUES (104,43,14);
INSERT INTO ranking_por_hora(id_evento,posicion,hora) VALUES (97,44,14);
INSERT INTO ranking_por_hora(id_evento,posicion,hora) VALUES (96,45,14);
INSERT INTO ranking_por_hora(id_evento,posicion,hora) VALUES (100,46,14);
INSERT INTO ranking_por_hora(id_evento,posicion,hora) VALUES (98,47,14);
INSERT INTO ranking_por_hora(id_evento,posicion,hora) VALUES (105,48,14);
INSERT INTO ranking_por_hora(id_evento,posicion,hora) VALUES (101,49,14);
INSERT INTO ranking_por_hora(id_evento,posicion,hora) VALUES (103,50,14);
INSERT INTO ranking_por_hora(id_evento,posicion,hora) VALUES (106,51,14);
INSERT INTO ranking_por_hora(id_evento,posicion,hora) VALUES (108,52,14);
INSERT INTO ranking_por_hora(id_evento,posicion,hora) VALUES (114,53,14);
INSERT INTO ranking_por_hora(id_evento,posicion,hora) VALUES (64,1,15);
INSERT INTO ranking_por_hora(id_evento,posicion,hora) VALUES (63,2,15);
INSERT INTO ranking_por_hora(id_evento,posicion,hora) VALUES (67,3,15);
INSERT INTO ranking_por_hora(id_evento,posicion,hora) VALUES (65,4,15);
INSERT INTO ranking_por_hora(id_evento,posicion,hora) VALUES (66,5,15);
INSERT INTO ranking_por_hora(id_evento,posicion,hora) VALUES (73,6,15);
INSERT INTO ranking_por_hora(id_evento,posicion,hora) VALUES (68,7,15);
INSERT INTO ranking_por_hora(id_evento,posicion,hora) VALUES (69,8,15);
INSERT INTO ranking_por_hora(id_evento,posicion,hora) VALUES (111,9,15);
INSERT INTO ranking_por_hora(id_evento,posicion,hora) VALUES (70,10,15);
INSERT INTO ranking_por_hora(id_evento,posicion,hora) VALUES (71,11,15);
INSERT INTO ranking_por_hora(id_evento,posicion,hora) VALUES (72,12,15);
INSERT INTO ranking_por_hora(id_evento,posicion,hora) VALUES (74,13,15);
INSERT INTO ranking_por_hora(id_evento,posicion,hora) VALUES (75,14,15);
INSERT INTO ranking_por_hora(id_evento,posicion,hora) VALUES (76,15,15);
INSERT INTO ranking_por_hora(id_evento,posicion,hora) VALUES (80,16,15);
INSERT INTO ranking_por_hora(id_evento,posicion,hora) VALUES (88,17,15);
INSERT INTO ranking_por_hora(id_evento,posicion,hora) VALUES (77,18,15);
INSERT INTO ranking_por_hora(id_evento,posicion,hora) VALUES (78,19,15);
INSERT INTO ranking_por_hora(id_evento,posicion,hora) VALUES (79,20,15);
INSERT INTO ranking_por_hora(id_evento,posicion,hora) VALUES (110,21,15);
INSERT INTO ranking_por_hora(id_evento,posicion,hora) VALUES (107,22,15);
INSERT INTO ranking_por_hora(id_evento,posicion,hora) VALUES (81,23,15);
INSERT INTO ranking_por_hora(id_evento,posicion,hora) VALUES (82,24,15);
INSERT INTO ranking_por_hora(id_evento,posicion,hora) VALUES (83,25,15);
INSERT INTO ranking_por_hora(id_evento,posicion,hora) VALUES (90,26,15);
INSERT INTO ranking_por_hora(id_evento,posicion,hora) VALUES (84,27,15);
INSERT INTO ranking_por_hora(id_evento,posicion,hora) VALUES (86,28,15);
INSERT INTO ranking_por_hora(id_evento,posicion,hora) VALUES (122,29,15);
INSERT INTO ranking_por_hora(id_evento,posicion,hora) VALUES (85,30,15);
INSERT INTO ranking_por_hora(id_evento,posicion,hora) VALUES (89,31,15);
INSERT INTO ranking_por_hora(id_evento,posicion,hora) VALUES (87,32,15);
INSERT INTO ranking_por_hora(id_evento,posicion,hora) VALUES (102,33,15);
INSERT INTO ranking_por_hora(id_evento,posicion,hora) VALUES (92,34,15);
INSERT INTO ranking_por_hora(id_evento,posicion,hora) VALUES (123,35,15);
INSERT INTO ranking_por_hora(id_evento,posicion,hora) VALUES (91,36,15);
INSERT INTO ranking_por_hora(id_evento,posicion,hora) VALUES (93,37,15);
INSERT INTO ranking_por_hora(id_evento,posicion,hora) VALUES (109,38,15);
INSERT INTO ranking_por_hora(id_evento,posicion,hora) VALUES (94,39,15);
INSERT INTO ranking_por_hora(id_evento,posicion,hora) VALUES (99,40,15);
INSERT INTO ranking_por_hora(id_evento,posicion,hora) VALUES (104,41,15);
INSERT INTO ranking_por_hora(id_evento,posicion,hora) VALUES (95,42,15);
INSERT INTO ranking_por_hora(id_evento,posicion,hora) VALUES (97,43,15);
INSERT INTO ranking_por_hora(id_evento,posicion,hora) VALUES (96,44,15);
INSERT INTO ranking_por_hora(id_evento,posicion,hora) VALUES (100,45,15);
INSERT INTO ranking_por_hora(id_evento,posicion,hora) VALUES (98,46,15);
INSERT INTO ranking_por_hora(id_evento,posicion,hora) VALUES (105,47,15);
INSERT INTO ranking_por_hora(id_evento,posicion,hora) VALUES (101,48,15);
INSERT INTO ranking_por_hora(id_evento,posicion,hora) VALUES (103,49,15);
INSERT INTO ranking_por_hora(id_evento,posicion,hora) VALUES (108,50,15);
INSERT INTO ranking_por_hora(id_evento,posicion,hora) VALUES (112,51,15);
INSERT INTO ranking_por_hora(id_evento,posicion,hora) VALUES (106,52,15);
INSERT INTO ranking_por_hora(id_evento,posicion,hora) VALUES (64,1,16);
INSERT INTO ranking_por_hora(id_evento,posicion,hora) VALUES (63,2,16);
INSERT INTO ranking_por_hora(id_evento,posicion,hora) VALUES (67,3,16);
INSERT INTO ranking_por_hora(id_evento,posicion,hora) VALUES (65,4,16);
INSERT INTO ranking_por_hora(id_evento,posicion,hora) VALUES (66,5,16);
INSERT INTO ranking_por_hora(id_evento,posicion,hora) VALUES (73,6,16);
INSERT INTO ranking_por_hora(id_evento,posicion,hora) VALUES (68,7,16);
INSERT INTO ranking_por_hora(id_evento,posicion,hora) VALUES (69,8,16);
INSERT INTO ranking_por_hora(id_evento,posicion,hora) VALUES (111,9,16);
INSERT INTO ranking_por_hora(id_evento,posicion,hora) VALUES (70,10,16);
INSERT INTO ranking_por_hora(id_evento,posicion,hora) VALUES (71,11,16);
INSERT INTO ranking_por_hora(id_evento,posicion,hora) VALUES (74,12,16);
INSERT INTO ranking_por_hora(id_evento,posicion,hora) VALUES (72,13,16);
INSERT INTO ranking_por_hora(id_evento,posicion,hora) VALUES (75,14,16);
INSERT INTO ranking_por_hora(id_evento,posicion,hora) VALUES (76,15,16);
INSERT INTO ranking_por_hora(id_evento,posicion,hora) VALUES (80,16,16);
INSERT INTO ranking_por_hora(id_evento,posicion,hora) VALUES (77,17,16);
INSERT INTO ranking_por_hora(id_evento,posicion,hora) VALUES (88,18,16);
INSERT INTO ranking_por_hora(id_evento,posicion,hora) VALUES (110,19,16);
INSERT INTO ranking_por_hora(id_evento,posicion,hora) VALUES (79,20,16);
INSERT INTO ranking_por_hora(id_evento,posicion,hora) VALUES (78,21,16);
INSERT INTO ranking_por_hora(id_evento,posicion,hora) VALUES (107,22,16);
INSERT INTO ranking_por_hora(id_evento,posicion,hora) VALUES (81,23,16);
INSERT INTO ranking_por_hora(id_evento,posicion,hora) VALUES (83,24,16);
INSERT INTO ranking_por_hora(id_evento,posicion,hora) VALUES (90,25,16);
INSERT INTO ranking_por_hora(id_evento,posicion,hora) VALUES (84,26,16);
INSERT INTO ranking_por_hora(id_evento,posicion,hora) VALUES (82,27,16);
INSERT INTO ranking_por_hora(id_evento,posicion,hora) VALUES (122,28,16);
INSERT INTO ranking_por_hora(id_evento,posicion,hora) VALUES (85,29,16);
INSERT INTO ranking_por_hora(id_evento,posicion,hora) VALUES (86,30,16);
INSERT INTO ranking_por_hora(id_evento,posicion,hora) VALUES (89,31,16);
INSERT INTO ranking_por_hora(id_evento,posicion,hora) VALUES (87,32,16);
INSERT INTO ranking_por_hora(id_evento,posicion,hora) VALUES (102,33,16);
INSERT INTO ranking_por_hora(id_evento,posicion,hora) VALUES (92,34,16);
INSERT INTO ranking_por_hora(id_evento,posicion,hora) VALUES (123,35,16);
INSERT INTO ranking_por_hora(id_evento,posicion,hora) VALUES (91,36,16);
INSERT INTO ranking_por_hora(id_evento,posicion,hora) VALUES (109,37,16);
INSERT INTO ranking_por_hora(id_evento,posicion,hora) VALUES (93,38,16);
INSERT INTO ranking_por_hora(id_evento,posicion,hora) VALUES (94,39,16);
INSERT INTO ranking_por_hora(id_evento,posicion,hora) VALUES (99,40,16);
INSERT INTO ranking_por_hora(id_evento,posicion,hora) VALUES (104,41,16);
INSERT INTO ranking_por_hora(id_evento,posicion,hora) VALUES (95,42,16);
INSERT INTO ranking_por_hora(id_evento,posicion,hora) VALUES (96,43,16);
INSERT INTO ranking_por_hora(id_evento,posicion,hora) VALUES (97,44,16);
INSERT INTO ranking_por_hora(id_evento,posicion,hora) VALUES (98,45,16);
INSERT INTO ranking_por_hora(id_evento,posicion,hora) VALUES (105,46,16);
INSERT INTO ranking_por_hora(id_evento,posicion,hora) VALUES (100,47,16);
INSERT INTO ranking_por_hora(id_evento,posicion,hora) VALUES (101,48,16);
INSERT INTO ranking_por_hora(id_evento,posicion,hora) VALUES (103,49,16);
INSERT INTO ranking_por_hora(id_evento,posicion,hora) VALUES (108,50,16);
INSERT INTO ranking_por_hora(id_evento,posicion,hora) VALUES (106,51,16);
INSERT INTO ranking_por_hora(id_evento,posicion,hora) VALUES (64,1,17);
INSERT INTO ranking_por_hora(id_evento,posicion,hora) VALUES (63,2,17);
INSERT INTO ranking_por_hora(id_evento,posicion,hora) VALUES (65,3,17);
INSERT INTO ranking_por_hora(id_evento,posicion,hora) VALUES (67,4,17);
INSERT INTO ranking_por_hora(id_evento,posicion,hora) VALUES (66,5,17);
INSERT INTO ranking_por_hora(id_evento,posicion,hora) VALUES (73,6,17);
INSERT INTO ranking_por_hora(id_evento,posicion,hora) VALUES (68,7,17);
INSERT INTO ranking_por_hora(id_evento,posicion,hora) VALUES (69,8,17);
INSERT INTO ranking_por_hora(id_evento,posicion,hora) VALUES (70,9,17);
INSERT INTO ranking_por_hora(id_evento,posicion,hora) VALUES (71,10,17);
INSERT INTO ranking_por_hora(id_evento,posicion,hora) VALUES (72,11,17);
INSERT INTO ranking_por_hora(id_evento,posicion,hora) VALUES (74,12,17);
INSERT INTO ranking_por_hora(id_evento,posicion,hora) VALUES (75,13,17);
INSERT INTO ranking_por_hora(id_evento,posicion,hora) VALUES (76,14,17);
INSERT INTO ranking_por_hora(id_evento,posicion,hora) VALUES (80,15,17);
INSERT INTO ranking_por_hora(id_evento,posicion,hora) VALUES (88,16,17);
INSERT INTO ranking_por_hora(id_evento,posicion,hora) VALUES (77,17,17);
INSERT INTO ranking_por_hora(id_evento,posicion,hora) VALUES (110,18,17);
INSERT INTO ranking_por_hora(id_evento,posicion,hora) VALUES (79,19,17);
INSERT INTO ranking_por_hora(id_evento,posicion,hora) VALUES (78,20,17);
INSERT INTO ranking_por_hora(id_evento,posicion,hora) VALUES (107,21,17);
INSERT INTO ranking_por_hora(id_evento,posicion,hora) VALUES (81,22,17);
INSERT INTO ranking_por_hora(id_evento,posicion,hora) VALUES (90,23,17);
INSERT INTO ranking_por_hora(id_evento,posicion,hora) VALUES (82,24,17);
INSERT INTO ranking_por_hora(id_evento,posicion,hora) VALUES (84,25,17);
INSERT INTO ranking_por_hora(id_evento,posicion,hora) VALUES (83,26,17);
INSERT INTO ranking_por_hora(id_evento,posicion,hora) VALUES (85,27,17);
INSERT INTO ranking_por_hora(id_evento,posicion,hora) VALUES (122,28,17);
INSERT INTO ranking_por_hora(id_evento,posicion,hora) VALUES (86,29,17);
INSERT INTO ranking_por_hora(id_evento,posicion,hora) VALUES (89,30,17);
INSERT INTO ranking_por_hora(id_evento,posicion,hora) VALUES (87,31,17);
INSERT INTO ranking_por_hora(id_evento,posicion,hora) VALUES (102,32,17);
INSERT INTO ranking_por_hora(id_evento,posicion,hora) VALUES (92,33,17);
INSERT INTO ranking_por_hora(id_evento,posicion,hora) VALUES (123,34,17);
INSERT INTO ranking_por_hora(id_evento,posicion,hora) VALUES (91,35,17);
INSERT INTO ranking_por_hora(id_evento,posicion,hora) VALUES (109,36,17);
INSERT INTO ranking_por_hora(id_evento,posicion,hora) VALUES (93,37,17);
INSERT INTO ranking_por_hora(id_evento,posicion,hora) VALUES (94,38,17);
INSERT INTO ranking_por_hora(id_evento,posicion,hora) VALUES (99,39,17);
INSERT INTO ranking_por_hora(id_evento,posicion,hora) VALUES (95,40,17);
INSERT INTO ranking_por_hora(id_evento,posicion,hora) VALUES (96,41,17);
INSERT INTO ranking_por_hora(id_evento,posicion,hora) VALUES (97,42,17);
INSERT INTO ranking_por_hora(id_evento,posicion,hora) VALUES (98,43,17);
INSERT INTO ranking_por_hora(id_evento,posicion,hora) VALUES (105,44,17);
INSERT INTO ranking_por_hora(id_evento,posicion,hora) VALUES (100,45,17);
INSERT INTO ranking_por_hora(id_evento,posicion,hora) VALUES (101,46,17);
INSERT INTO ranking_por_hora(id_evento,posicion,hora) VALUES (103,47,17);
INSERT INTO ranking_por_hora(id_evento,posicion,hora) VALUES (104,48,17);
INSERT INTO ranking_por_hora(id_evento,posicion,hora) VALUES (108,49,17);
INSERT INTO ranking_por_hora(id_evento,posicion,hora) VALUES (106,50,17);
INSERT INTO ranking_por_hora(id_evento,posicion,hora) VALUES (64,1,18);
INSERT INTO ranking_por_hora(id_evento,posicion,hora) VALUES (63,2,18);
INSERT INTO ranking_por_hora(id_evento,posicion,hora) VALUES (65,3,18);
INSERT INTO ranking_por_hora(id_evento,posicion,hora) VALUES (67,4,18);
INSERT INTO ranking_por_hora(id_evento,posicion,hora) VALUES (66,5,18);
INSERT INTO ranking_por_hora(id_evento,posicion,hora) VALUES (73,6,18);
INSERT INTO ranking_por_hora(id_evento,posicion,hora) VALUES (68,7,18);
INSERT INTO ranking_por_hora(id_evento,posicion,hora) VALUES (69,8,18);
INSERT INTO ranking_por_hora(id_evento,posicion,hora) VALUES (70,9,18);
INSERT INTO ranking_por_hora(id_evento,posicion,hora) VALUES (74,10,18);
INSERT INTO ranking_por_hora(id_evento,posicion,hora) VALUES (71,11,18);
INSERT INTO ranking_por_hora(id_evento,posicion,hora) VALUES (72,12,18);
INSERT INTO ranking_por_hora(id_evento,posicion,hora) VALUES (75,13,18);
INSERT INTO ranking_por_hora(id_evento,posicion,hora) VALUES (76,14,18);
INSERT INTO ranking_por_hora(id_evento,posicion,hora) VALUES (88,15,18);
INSERT INTO ranking_por_hora(id_evento,posicion,hora) VALUES (80,16,18);
INSERT INTO ranking_por_hora(id_evento,posicion,hora) VALUES (77,17,18);
INSERT INTO ranking_por_hora(id_evento,posicion,hora) VALUES (78,18,18);
INSERT INTO ranking_por_hora(id_evento,posicion,hora) VALUES (110,19,18);
INSERT INTO ranking_por_hora(id_evento,posicion,hora) VALUES (79,20,18);
INSERT INTO ranking_por_hora(id_evento,posicion,hora) VALUES (107,21,18);
INSERT INTO ranking_por_hora(id_evento,posicion,hora) VALUES (81,22,18);
INSERT INTO ranking_por_hora(id_evento,posicion,hora) VALUES (90,23,18);
INSERT INTO ranking_por_hora(id_evento,posicion,hora) VALUES (82,24,18);
INSERT INTO ranking_por_hora(id_evento,posicion,hora) VALUES (84,25,18);
INSERT INTO ranking_por_hora(id_evento,posicion,hora) VALUES (83,26,18);
INSERT INTO ranking_por_hora(id_evento,posicion,hora) VALUES (85,27,18);
INSERT INTO ranking_por_hora(id_evento,posicion,hora) VALUES (122,28,18);
INSERT INTO ranking_por_hora(id_evento,posicion,hora) VALUES (86,29,18);
INSERT INTO ranking_por_hora(id_evento,posicion,hora) VALUES (87,30,18);
INSERT INTO ranking_por_hora(id_evento,posicion,hora) VALUES (102,31,18);
INSERT INTO ranking_por_hora(id_evento,posicion,hora) VALUES (92,32,18);
INSERT INTO ranking_por_hora(id_evento,posicion,hora) VALUES (89,33,18);
INSERT INTO ranking_por_hora(id_evento,posicion,hora) VALUES (91,34,18);
INSERT INTO ranking_por_hora(id_evento,posicion,hora) VALUES (123,35,18);
INSERT INTO ranking_por_hora(id_evento,posicion,hora) VALUES (109,36,18);
INSERT INTO ranking_por_hora(id_evento,posicion,hora) VALUES (93,37,18);
INSERT INTO ranking_por_hora(id_evento,posicion,hora) VALUES (94,38,18);
INSERT INTO ranking_por_hora(id_evento,posicion,hora) VALUES (99,39,18);
INSERT INTO ranking_por_hora(id_evento,posicion,hora) VALUES (95,40,18);
INSERT INTO ranking_por_hora(id_evento,posicion,hora) VALUES (96,41,18);
INSERT INTO ranking_por_hora(id_evento,posicion,hora) VALUES (97,42,18);
INSERT INTO ranking_por_hora(id_evento,posicion,hora) VALUES (98,43,18);
INSERT INTO ranking_por_hora(id_evento,posicion,hora) VALUES (105,44,18);
INSERT INTO ranking_por_hora(id_evento,posicion,hora) VALUES (100,45,18);
INSERT INTO ranking_por_hora(id_evento,posicion,hora) VALUES (101,46,18);
INSERT INTO ranking_por_hora(id_evento,posicion,hora) VALUES (103,47,18);
INSERT INTO ranking_por_hora(id_evento,posicion,hora) VALUES (104,48,18);
INSERT INTO ranking_por_hora(id_evento,posicion,hora) VALUES (108,49,18);
INSERT INTO ranking_por_hora(id_evento,posicion,hora) VALUES (106,50,18);
INSERT INTO ranking_por_hora(id_evento,posicion,hora) VALUES (64,1,19);
INSERT INTO ranking_por_hora(id_evento,posicion,hora) VALUES (63,2,19);
INSERT INTO ranking_por_hora(id_evento,posicion,hora) VALUES (65,3,19);
INSERT INTO ranking_por_hora(id_evento,posicion,hora) VALUES (66,4,19);
INSERT INTO ranking_por_hora(id_evento,posicion,hora) VALUES (67,5,19);
INSERT INTO ranking_por_hora(id_evento,posicion,hora) VALUES (68,6,19);
INSERT INTO ranking_por_hora(id_evento,posicion,hora) VALUES (69,7,19);
INSERT INTO ranking_por_hora(id_evento,posicion,hora) VALUES (70,8,19);
INSERT INTO ranking_por_hora(id_evento,posicion,hora) VALUES (74,9,19);
INSERT INTO ranking_por_hora(id_evento,posicion,hora) VALUES (71,10,19);
INSERT INTO ranking_por_hora(id_evento,posicion,hora) VALUES (72,11,19);
INSERT INTO ranking_por_hora(id_evento,posicion,hora) VALUES (73,12,19);
INSERT INTO ranking_por_hora(id_evento,posicion,hora) VALUES (75,13,19);
INSERT INTO ranking_por_hora(id_evento,posicion,hora) VALUES (76,14,19);
INSERT INTO ranking_por_hora(id_evento,posicion,hora) VALUES (88,15,19);
INSERT INTO ranking_por_hora(id_evento,posicion,hora) VALUES (80,16,19);
INSERT INTO ranking_por_hora(id_evento,posicion,hora) VALUES (77,17,19);
INSERT INTO ranking_por_hora(id_evento,posicion,hora) VALUES (78,18,19);
INSERT INTO ranking_por_hora(id_evento,posicion,hora) VALUES (79,19,19);
INSERT INTO ranking_por_hora(id_evento,posicion,hora) VALUES (110,20,19);
INSERT INTO ranking_por_hora(id_evento,posicion,hora) VALUES (111,21,19);
INSERT INTO ranking_por_hora(id_evento,posicion,hora) VALUES (81,22,19);
INSERT INTO ranking_por_hora(id_evento,posicion,hora) VALUES (90,23,19);
INSERT INTO ranking_por_hora(id_evento,posicion,hora) VALUES (82,24,19);
INSERT INTO ranking_por_hora(id_evento,posicion,hora) VALUES (83,25,19);
INSERT INTO ranking_por_hora(id_evento,posicion,hora) VALUES (84,26,19);
INSERT INTO ranking_por_hora(id_evento,posicion,hora) VALUES (122,27,19);
INSERT INTO ranking_por_hora(id_evento,posicion,hora) VALUES (85,28,19);
INSERT INTO ranking_por_hora(id_evento,posicion,hora) VALUES (86,29,19);
INSERT INTO ranking_por_hora(id_evento,posicion,hora) VALUES (87,30,19);
INSERT INTO ranking_por_hora(id_evento,posicion,hora) VALUES (102,31,19);
INSERT INTO ranking_por_hora(id_evento,posicion,hora) VALUES (92,32,19);
INSERT INTO ranking_por_hora(id_evento,posicion,hora) VALUES (89,33,19);
INSERT INTO ranking_por_hora(id_evento,posicion,hora) VALUES (91,34,19);
INSERT INTO ranking_por_hora(id_evento,posicion,hora) VALUES (123,35,19);
INSERT INTO ranking_por_hora(id_evento,posicion,hora) VALUES (109,36,19);
INSERT INTO ranking_por_hora(id_evento,posicion,hora) VALUES (93,37,19);
INSERT INTO ranking_por_hora(id_evento,posicion,hora) VALUES (94,38,19);
INSERT INTO ranking_por_hora(id_evento,posicion,hora) VALUES (99,39,19);
INSERT INTO ranking_por_hora(id_evento,posicion,hora) VALUES (95,40,19);
INSERT INTO ranking_por_hora(id_evento,posicion,hora) VALUES (96,41,19);
INSERT INTO ranking_por_hora(id_evento,posicion,hora) VALUES (97,42,19);
INSERT INTO ranking_por_hora(id_evento,posicion,hora) VALUES (98,43,19);
INSERT INTO ranking_por_hora(id_evento,posicion,hora) VALUES (105,44,19);
INSERT INTO ranking_por_hora(id_evento,posicion,hora) VALUES (100,45,19);
INSERT INTO ranking_por_hora(id_evento,posicion,hora) VALUES (101,46,19);
INSERT INTO ranking_por_hora(id_evento,posicion,hora) VALUES (103,47,19);
INSERT INTO ranking_por_hora(id_evento,posicion,hora) VALUES (104,48,19);
INSERT INTO ranking_por_hora(id_evento,posicion,hora) VALUES (108,49,19);
INSERT INTO ranking_por_hora(id_evento,posicion,hora) VALUES (106,50,19);
INSERT INTO ranking_por_hora(id_evento,posicion,hora) VALUES (64,1,20);
INSERT INTO ranking_por_hora(id_evento,posicion,hora) VALUES (63,2,20);
INSERT INTO ranking_por_hora(id_evento,posicion,hora) VALUES (65,3,20);
INSERT INTO ranking_por_hora(id_evento,posicion,hora) VALUES (66,4,20);
INSERT INTO ranking_por_hora(id_evento,posicion,hora) VALUES (68,5,20);
INSERT INTO ranking_por_hora(id_evento,posicion,hora) VALUES (67,6,20);
INSERT INTO ranking_por_hora(id_evento,posicion,hora) VALUES (69,7,20);
INSERT INTO ranking_por_hora(id_evento,posicion,hora) VALUES (70,8,20);
INSERT INTO ranking_por_hora(id_evento,posicion,hora) VALUES (74,9,20);
INSERT INTO ranking_por_hora(id_evento,posicion,hora) VALUES (71,10,20);
INSERT INTO ranking_por_hora(id_evento,posicion,hora) VALUES (72,11,20);
INSERT INTO ranking_por_hora(id_evento,posicion,hora) VALUES (73,12,20);
INSERT INTO ranking_por_hora(id_evento,posicion,hora) VALUES (75,13,20);
INSERT INTO ranking_por_hora(id_evento,posicion,hora) VALUES (76,14,20);
INSERT INTO ranking_por_hora(id_evento,posicion,hora) VALUES (88,15,20);
INSERT INTO ranking_por_hora(id_evento,posicion,hora) VALUES (77,16,20);
INSERT INTO ranking_por_hora(id_evento,posicion,hora) VALUES (78,17,20);
INSERT INTO ranking_por_hora(id_evento,posicion,hora) VALUES (79,18,20);
INSERT INTO ranking_por_hora(id_evento,posicion,hora) VALUES (110,19,20);
INSERT INTO ranking_por_hora(id_evento,posicion,hora) VALUES (80,20,20);
INSERT INTO ranking_por_hora(id_evento,posicion,hora) VALUES (107,21,20);
INSERT INTO ranking_por_hora(id_evento,posicion,hora) VALUES (81,22,20);
INSERT INTO ranking_por_hora(id_evento,posicion,hora) VALUES (90,23,20);
INSERT INTO ranking_por_hora(id_evento,posicion,hora) VALUES (82,24,20);
INSERT INTO ranking_por_hora(id_evento,posicion,hora) VALUES (83,25,20);
INSERT INTO ranking_por_hora(id_evento,posicion,hora) VALUES (84,26,20);
INSERT INTO ranking_por_hora(id_evento,posicion,hora) VALUES (122,27,20);
INSERT INTO ranking_por_hora(id_evento,posicion,hora) VALUES (85,28,20);
INSERT INTO ranking_por_hora(id_evento,posicion,hora) VALUES (86,29,20);
INSERT INTO ranking_por_hora(id_evento,posicion,hora) VALUES (87,30,20);
INSERT INTO ranking_por_hora(id_evento,posicion,hora) VALUES (102,31,20);
INSERT INTO ranking_por_hora(id_evento,posicion,hora) VALUES (92,32,20);
INSERT INTO ranking_por_hora(id_evento,posicion,hora) VALUES (89,33,20);
INSERT INTO ranking_por_hora(id_evento,posicion,hora) VALUES (91,34,20);
INSERT INTO ranking_por_hora(id_evento,posicion,hora) VALUES (109,35,20);
INSERT INTO ranking_por_hora(id_evento,posicion,hora) VALUES (123,36,20);
INSERT INTO ranking_por_hora(id_evento,posicion,hora) VALUES (93,37,20);
INSERT INTO ranking_por_hora(id_evento,posicion,hora) VALUES (94,38,20);
INSERT INTO ranking_por_hora(id_evento,posicion,hora) VALUES (99,39,20);
INSERT INTO ranking_por_hora(id_evento,posicion,hora) VALUES (96,40,20);
INSERT INTO ranking_por_hora(id_evento,posicion,hora) VALUES (95,41,20);
INSERT INTO ranking_por_hora(id_evento,posicion,hora) VALUES (98,42,20);
INSERT INTO ranking_por_hora(id_evento,posicion,hora) VALUES (97,43,20);
INSERT INTO ranking_por_hora(id_evento,posicion,hora) VALUES (100,44,20);
INSERT INTO ranking_por_hora(id_evento,posicion,hora) VALUES (101,45,20);
INSERT INTO ranking_por_hora(id_evento,posicion,hora) VALUES (103,46,20);
INSERT INTO ranking_por_hora(id_evento,posicion,hora) VALUES (104,47,20);
INSERT INTO ranking_por_hora(id_evento,posicion,hora) VALUES (105,48,20);
INSERT INTO ranking_por_hora(id_evento,posicion,hora) VALUES (108,49,20);
INSERT INTO ranking_por_hora(id_evento,posicion,hora) VALUES (106,50,20);
INSERT INTO ranking_por_hora(id_evento,posicion,hora) VALUES (NULL,NULL,NULL);
INSERT INTO ranking_por_hora(id_evento,posicion,hora) VALUES (64,1,21);
INSERT INTO ranking_por_hora(id_evento,posicion,hora) VALUES (63,2,21);
INSERT INTO ranking_por_hora(id_evento,posicion,hora) VALUES (65,3,21);
INSERT INTO ranking_por_hora(id_evento,posicion,hora) VALUES (66,4,21);
INSERT INTO ranking_por_hora(id_evento,posicion,hora) VALUES (67,5,21);
INSERT INTO ranking_por_hora(id_evento,posicion,hora) VALUES (68,6,21);
INSERT INTO ranking_por_hora(id_evento,posicion,hora) VALUES (69,7,21);
INSERT INTO ranking_por_hora(id_evento,posicion,hora) VALUES (70,8,21);
INSERT INTO ranking_por_hora(id_evento,posicion,hora) VALUES (71,9,21);
INSERT INTO ranking_por_hora(id_evento,posicion,hora) VALUES (74,10,21);
INSERT INTO ranking_por_hora(id_evento,posicion,hora) VALUES (72,11,21);
INSERT INTO ranking_por_hora(id_evento,posicion,hora) VALUES (73,12,21);
INSERT INTO ranking_por_hora(id_evento,posicion,hora) VALUES (75,13,21);
INSERT INTO ranking_por_hora(id_evento,posicion,hora) VALUES (76,14,21);
INSERT INTO ranking_por_hora(id_evento,posicion,hora) VALUES (77,15,21);
INSERT INTO ranking_por_hora(id_evento,posicion,hora) VALUES (78,16,21);
INSERT INTO ranking_por_hora(id_evento,posicion,hora) VALUES (79,17,21);
INSERT INTO ranking_por_hora(id_evento,posicion,hora) VALUES (80,18,21);
INSERT INTO ranking_por_hora(id_evento,posicion,hora) VALUES (88,19,21);
INSERT INTO ranking_por_hora(id_evento,posicion,hora) VALUES (107,20,21);
INSERT INTO ranking_por_hora(id_evento,posicion,hora) VALUES (81,21,21);
INSERT INTO ranking_por_hora(id_evento,posicion,hora) VALUES (82,22,21);
INSERT INTO ranking_por_hora(id_evento,posicion,hora) VALUES (83,23,21);
INSERT INTO ranking_por_hora(id_evento,posicion,hora) VALUES (84,24,21);
INSERT INTO ranking_por_hora(id_evento,posicion,hora) VALUES (122,25,21);
INSERT INTO ranking_por_hora(id_evento,posicion,hora) VALUES (85,26,21);
INSERT INTO ranking_por_hora(id_evento,posicion,hora) VALUES (110,27,21);
INSERT INTO ranking_por_hora(id_evento,posicion,hora) VALUES (86,28,21);
INSERT INTO ranking_por_hora(id_evento,posicion,hora) VALUES (87,29,21);
INSERT INTO ranking_por_hora(id_evento,posicion,hora) VALUES (90,30,21);
INSERT INTO ranking_por_hora(id_evento,posicion,hora) VALUES (102,31,21);
INSERT INTO ranking_por_hora(id_evento,posicion,hora) VALUES (89,32,21);
INSERT INTO ranking_por_hora(id_evento,posicion,hora) VALUES (92,33,21);
INSERT INTO ranking_por_hora(id_evento,posicion,hora) VALUES (91,34,21);
INSERT INTO ranking_por_hora(id_evento,posicion,hora) VALUES (109,35,21);
INSERT INTO ranking_por_hora(id_evento,posicion,hora) VALUES (123,36,21);
INSERT INTO ranking_por_hora(id_evento,posicion,hora) VALUES (93,37,21);
INSERT INTO ranking_por_hora(id_evento,posicion,hora) VALUES (94,38,21);
INSERT INTO ranking_por_hora(id_evento,posicion,hora) VALUES (99,39,21);
INSERT INTO ranking_por_hora(id_evento,posicion,hora) VALUES (96,40,21);
INSERT INTO ranking_por_hora(id_evento,posicion,hora) VALUES (95,41,21);
INSERT INTO ranking_por_hora(id_evento,posicion,hora) VALUES (97,42,21);
INSERT INTO ranking_por_hora(id_evento,posicion,hora) VALUES (98,43,21);
INSERT INTO ranking_por_hora(id_evento,posicion,hora) VALUES (100,44,21);
INSERT INTO ranking_por_hora(id_evento,posicion,hora) VALUES (101,45,21);
INSERT INTO ranking_por_hora(id_evento,posicion,hora) VALUES (103,46,21);
INSERT INTO ranking_por_hora(id_evento,posicion,hora) VALUES (104,47,21);
INSERT INTO ranking_por_hora(id_evento,posicion,hora) VALUES (105,48,21);
INSERT INTO ranking_por_hora(id_evento,posicion,hora) VALUES (108,49,21);
INSERT INTO ranking_por_hora(id_evento,posicion,hora) VALUES (106,50,21);
INSERT INTO ranking_por_hora(id_evento,posicion,hora) VALUES (64,1,22);
INSERT INTO ranking_por_hora(id_evento,posicion,hora) VALUES (63,2,22);
INSERT INTO ranking_por_hora(id_evento,posicion,hora) VALUES (65,3,22);
INSERT INTO ranking_por_hora(id_evento,posicion,hora) VALUES (66,4,22);
INSERT INTO ranking_por_hora(id_evento,posicion,hora) VALUES (67,5,22);
INSERT INTO ranking_por_hora(id_evento,posicion,hora) VALUES (68,6,22);
INSERT INTO ranking_por_hora(id_evento,posicion,hora) VALUES (69,7,22);
INSERT INTO ranking_por_hora(id_evento,posicion,hora) VALUES (70,8,22);
INSERT INTO ranking_por_hora(id_evento,posicion,hora) VALUES (71,9,22);
INSERT INTO ranking_por_hora(id_evento,posicion,hora) VALUES (74,10,22);
INSERT INTO ranking_por_hora(id_evento,posicion,hora) VALUES (72,11,22);
INSERT INTO ranking_por_hora(id_evento,posicion,hora) VALUES (73,12,22);
INSERT INTO ranking_por_hora(id_evento,posicion,hora) VALUES (75,13,22);
INSERT INTO ranking_por_hora(id_evento,posicion,hora) VALUES (76,14,22);
INSERT INTO ranking_por_hora(id_evento,posicion,hora) VALUES (77,15,22);
INSERT INTO ranking_por_hora(id_evento,posicion,hora) VALUES (78,16,22);
INSERT INTO ranking_por_hora(id_evento,posicion,hora) VALUES (79,17,22);
INSERT INTO ranking_por_hora(id_evento,posicion,hora) VALUES (80,18,22);
INSERT INTO ranking_por_hora(id_evento,posicion,hora) VALUES (81,19,22);
INSERT INTO ranking_por_hora(id_evento,posicion,hora) VALUES (82,20,22);
INSERT INTO ranking_por_hora(id_evento,posicion,hora) VALUES (83,21,22);
INSERT INTO ranking_por_hora(id_evento,posicion,hora) VALUES (84,22,22);
INSERT INTO ranking_por_hora(id_evento,posicion,hora) VALUES (122,23,22);
INSERT INTO ranking_por_hora(id_evento,posicion,hora) VALUES (85,24,22);
INSERT INTO ranking_por_hora(id_evento,posicion,hora) VALUES (86,25,22);
INSERT INTO ranking_por_hora(id_evento,posicion,hora) VALUES (87,26,22);
INSERT INTO ranking_por_hora(id_evento,posicion,hora) VALUES (90,27,22);
INSERT INTO ranking_por_hora(id_evento,posicion,hora) VALUES (88,28,22);
INSERT INTO ranking_por_hora(id_evento,posicion,hora) VALUES (89,29,22);
INSERT INTO ranking_por_hora(id_evento,posicion,hora) VALUES (107,30,22);
INSERT INTO ranking_por_hora(id_evento,posicion,hora) VALUES (92,31,22);
INSERT INTO ranking_por_hora(id_evento,posicion,hora) VALUES (102,32,22);
INSERT INTO ranking_por_hora(id_evento,posicion,hora) VALUES (91,33,22);
INSERT INTO ranking_por_hora(id_evento,posicion,hora) VALUES (109,34,22);
INSERT INTO ranking_por_hora(id_evento,posicion,hora) VALUES (123,35,22);
INSERT INTO ranking_por_hora(id_evento,posicion,hora) VALUES (93,36,22);
INSERT INTO ranking_por_hora(id_evento,posicion,hora) VALUES (94,37,22);
INSERT INTO ranking_por_hora(id_evento,posicion,hora) VALUES (99,38,22);
INSERT INTO ranking_por_hora(id_evento,posicion,hora) VALUES (96,39,22);
INSERT INTO ranking_por_hora(id_evento,posicion,hora) VALUES (95,40,22);
INSERT INTO ranking_por_hora(id_evento,posicion,hora) VALUES (97,41,22);
INSERT INTO ranking_por_hora(id_evento,posicion,hora) VALUES (98,42,22);
INSERT INTO ranking_por_hora(id_evento,posicion,hora) VALUES (100,43,22);
INSERT INTO ranking_por_hora(id_evento,posicion,hora) VALUES (101,44,22);
INSERT INTO ranking_por_hora(id_evento,posicion,hora) VALUES (103,45,22);
INSERT INTO ranking_por_hora(id_evento,posicion,hora) VALUES (104,46,22);
INSERT INTO ranking_por_hora(id_evento,posicion,hora) VALUES (105,47,22);
INSERT INTO ranking_por_hora(id_evento,posicion,hora) VALUES (108,48,22);
INSERT INTO ranking_por_hora(id_evento,posicion,hora) VALUES (106,49,22);
INSERT INTO ranking_por_hora(id_evento,posicion,hora) VALUES (110,50,22);
INSERT INTO ranking_por_hora(id_evento,posicion,hora) VALUES (63,1,23);
INSERT INTO ranking_por_hora(id_evento,posicion,hora) VALUES (64,2,23);
INSERT INTO ranking_por_hora(id_evento,posicion,hora) VALUES (65,3,23);
INSERT INTO ranking_por_hora(id_evento,posicion,hora) VALUES (66,4,23);
INSERT INTO ranking_por_hora(id_evento,posicion,hora) VALUES (67,5,23);
INSERT INTO ranking_por_hora(id_evento,posicion,hora) VALUES (68,6,23);
INSERT INTO ranking_por_hora(id_evento,posicion,hora) VALUES (69,7,23);
INSERT INTO ranking_por_hora(id_evento,posicion,hora) VALUES (70,8,23);
INSERT INTO ranking_por_hora(id_evento,posicion,hora) VALUES (71,9,23);
INSERT INTO ranking_por_hora(id_evento,posicion,hora) VALUES (74,10,23);
INSERT INTO ranking_por_hora(id_evento,posicion,hora) VALUES (72,11,23);
INSERT INTO ranking_por_hora(id_evento,posicion,hora) VALUES (73,12,23);
INSERT INTO ranking_por_hora(id_evento,posicion,hora) VALUES (75,13,23);
INSERT INTO ranking_por_hora(id_evento,posicion,hora) VALUES (76,14,23);
INSERT INTO ranking_por_hora(id_evento,posicion,hora) VALUES (77,15,23);
INSERT INTO ranking_por_hora(id_evento,posicion,hora) VALUES (78,16,23);
INSERT INTO ranking_por_hora(id_evento,posicion,hora) VALUES (79,17,23);
INSERT INTO ranking_por_hora(id_evento,posicion,hora) VALUES (80,18,23);
INSERT INTO ranking_por_hora(id_evento,posicion,hora) VALUES (81,19,23);
INSERT INTO ranking_por_hora(id_evento,posicion,hora) VALUES (82,20,23);
INSERT INTO ranking_por_hora(id_evento,posicion,hora) VALUES (83,21,23);
INSERT INTO ranking_por_hora(id_evento,posicion,hora) VALUES (84,22,23);
INSERT INTO ranking_por_hora(id_evento,posicion,hora) VALUES (122,23,23);
INSERT INTO ranking_por_hora(id_evento,posicion,hora) VALUES (85,24,23);
INSERT INTO ranking_por_hora(id_evento,posicion,hora) VALUES (86,25,23);
INSERT INTO ranking_por_hora(id_evento,posicion,hora) VALUES (90,26,23);
INSERT INTO ranking_por_hora(id_evento,posicion,hora) VALUES (87,27,23);
INSERT INTO ranking_por_hora(id_evento,posicion,hora) VALUES (89,28,23);
INSERT INTO ranking_por_hora(id_evento,posicion,hora) VALUES (88,29,23);
INSERT INTO ranking_por_hora(id_evento,posicion,hora) VALUES (107,30,23);
INSERT INTO ranking_por_hora(id_evento,posicion,hora) VALUES (91,31,23);
INSERT INTO ranking_por_hora(id_evento,posicion,hora) VALUES (92,32,23);
INSERT INTO ranking_por_hora(id_evento,posicion,hora) VALUES (123,33,23);
INSERT INTO ranking_por_hora(id_evento,posicion,hora) VALUES (93,34,23);
INSERT INTO ranking_por_hora(id_evento,posicion,hora) VALUES (94,35,23);
INSERT INTO ranking_por_hora(id_evento,posicion,hora) VALUES (95,36,23);
INSERT INTO ranking_por_hora(id_evento,posicion,hora) VALUES (96,37,23);
INSERT INTO ranking_por_hora(id_evento,posicion,hora) VALUES (97,38,23);
INSERT INTO ranking_por_hora(id_evento,posicion,hora) VALUES (98,39,23);
INSERT INTO ranking_por_hora(id_evento,posicion,hora) VALUES (99,40,23);
INSERT INTO ranking_por_hora(id_evento,posicion,hora) VALUES (100,41,23);
INSERT INTO ranking_por_hora(id_evento,posicion,hora) VALUES (101,42,23);
INSERT INTO ranking_por_hora(id_evento,posicion,hora) VALUES (102,43,23);
INSERT INTO ranking_por_hora(id_evento,posicion,hora) VALUES (103,44,23);
INSERT INTO ranking_por_hora(id_evento,posicion,hora) VALUES (105,45,23);
INSERT INTO ranking_por_hora(id_evento,posicion,hora) VALUES (104,46,23);
INSERT INTO ranking_por_hora(id_evento,posicion,hora) VALUES (106,47,23);
INSERT INTO ranking_por_hora(id_evento,posicion,hora) VALUES (108,48,23);
INSERT INTO ranking_por_hora(id_evento,posicion,hora) VALUES (109,49,23);
INSERT INTO ranking_por_hora(id_evento,posicion,hora) VALUES (110,50,23);
INSERT INTO ranking_por_hora(id_evento,posicion,hora) VALUES (63,1,24);
INSERT INTO ranking_por_hora(id_evento,posicion,hora) VALUES (64,2,24);
INSERT INTO ranking_por_hora(id_evento,posicion,hora) VALUES (65,3,24);
INSERT INTO ranking_por_hora(id_evento,posicion,hora) VALUES (66,4,24);
INSERT INTO ranking_por_hora(id_evento,posicion,hora) VALUES (67,5,24);
INSERT INTO ranking_por_hora(id_evento,posicion,hora) VALUES (68,6,24);
INSERT INTO ranking_por_hora(id_evento,posicion,hora) VALUES (69,7,24);
INSERT INTO ranking_por_hora(id_evento,posicion,hora) VALUES (70,8,24);
INSERT INTO ranking_por_hora(id_evento,posicion,hora) VALUES (71,9,24);
INSERT INTO ranking_por_hora(id_evento,posicion,hora) VALUES (72,10,24);
INSERT INTO ranking_por_hora(id_evento,posicion,hora) VALUES (73,11,24);
INSERT INTO ranking_por_hora(id_evento,posicion,hora) VALUES (74,12,24);
INSERT INTO ranking_por_hora(id_evento,posicion,hora) VALUES (75,13,24);
INSERT INTO ranking_por_hora(id_evento,posicion,hora) VALUES (76,14,24);
INSERT INTO ranking_por_hora(id_evento,posicion,hora) VALUES (77,15,24);
INSERT INTO ranking_por_hora(id_evento,posicion,hora) VALUES (78,16,24);
INSERT INTO ranking_por_hora(id_evento,posicion,hora) VALUES (79,17,24);
INSERT INTO ranking_por_hora(id_evento,posicion,hora) VALUES (80,18,24);
INSERT INTO ranking_por_hora(id_evento,posicion,hora) VALUES (81,19,24);
INSERT INTO ranking_por_hora(id_evento,posicion,hora) VALUES (82,20,24);
INSERT INTO ranking_por_hora(id_evento,posicion,hora) VALUES (83,21,24);
INSERT INTO ranking_por_hora(id_evento,posicion,hora) VALUES (84,22,24);
INSERT INTO ranking_por_hora(id_evento,posicion,hora) VALUES (122,23,24);
INSERT INTO ranking_por_hora(id_evento,posicion,hora) VALUES (85,24,24);
INSERT INTO ranking_por_hora(id_evento,posicion,hora) VALUES (86,25,24);
INSERT INTO ranking_por_hora(id_evento,posicion,hora) VALUES (87,26,24);
INSERT INTO ranking_por_hora(id_evento,posicion,hora) VALUES (88,27,24);
INSERT INTO ranking_por_hora(id_evento,posicion,hora) VALUES (89,28,24);
INSERT INTO ranking_por_hora(id_evento,posicion,hora) VALUES (90,29,24);
INSERT INTO ranking_por_hora(id_evento,posicion,hora) VALUES (91,30,24);
INSERT INTO ranking_por_hora(id_evento,posicion,hora) VALUES (92,31,24);
INSERT INTO ranking_por_hora(id_evento,posicion,hora) VALUES (123,32,24);
INSERT INTO ranking_por_hora(id_evento,posicion,hora) VALUES (93,33,24);
INSERT INTO ranking_por_hora(id_evento,posicion,hora) VALUES (94,34,24);
INSERT INTO ranking_por_hora(id_evento,posicion,hora) VALUES (95,35,24);
INSERT INTO ranking_por_hora(id_evento,posicion,hora) VALUES (96,36,24);
INSERT INTO ranking_por_hora(id_evento,posicion,hora) VALUES (97,37,24);
INSERT INTO ranking_por_hora(id_evento,posicion,hora) VALUES (98,38,24);
INSERT INTO ranking_por_hora(id_evento,posicion,hora) VALUES (99,39,24);
INSERT INTO ranking_por_hora(id_evento,posicion,hora) VALUES (100,40,24);
INSERT INTO ranking_por_hora(id_evento,posicion,hora) VALUES (101,41,24);
INSERT INTO ranking_por_hora(id_evento,posicion,hora) VALUES (102,42,24);
INSERT INTO ranking_por_hora(id_evento,posicion,hora) VALUES (103,43,24);
INSERT INTO ranking_por_hora(id_evento,posicion,hora) VALUES (104,44,24);
INSERT INTO ranking_por_hora(id_evento,posicion,hora) VALUES (105,45,24);
INSERT INTO ranking_por_hora(id_evento,posicion,hora) VALUES (106,46,24);
INSERT INTO ranking_por_hora(id_evento,posicion,hora) VALUES (107,47,24);
INSERT INTO ranking_por_hora(id_evento,posicion,hora) VALUES (108,48,24);
INSERT INTO ranking_por_hora(id_evento,posicion,hora) VALUES (109,49,24);
INSERT INTO ranking_por_hora(id_evento,posicion,hora) VALUES (110,50,24);
