-- Fabricantes
INSERT INTO fabricante(id,nombre) VALUES (1,'Toyota');
INSERT INTO fabricante(id,nombre) VALUES (2,'BG Engineering Group, LLC');
INSERT INTO fabricante(id,nombre) VALUES (3,'Rebellion');
INSERT INTO fabricante(id,nombre) VALUES (4,'Alpine');
INSERT INTO fabricante(id,nombre) VALUES (5,'Oreca');
INSERT INTO fabricante(id,nombre) VALUES (6,'Ligier');
INSERT INTO fabricante(id,nombre) VALUES (7,'Aurus');
INSERT INTO fabricante(id,nombre) VALUES (8,'Dallara');
INSERT INTO fabricante(id,nombre) VALUES (9,'Ferrari');
INSERT INTO fabricante(id,nombre) VALUES (10,'Porsche');
INSERT INTO fabricante(id,nombre) VALUES (11,'Ford');
INSERT INTO fabricante(id,nombre) VALUES (12,'Chevrolet');
INSERT INTO fabricante(id,nombre) VALUES (13,'BMW');
INSERT INTO fabricante(id,nombre) VALUES (14,'Aston Martin');
INSERT INTO fabricante(id,nombre) VALUES (15,'Enso');

--Modelos
INSERT INTO modelo(id,nombre,id_fabricante) VALUES (1,'TS050 Hybrid',1);
INSERT INTO modelo(id,nombre,id_fabricante) VALUES (2,'BR1',2);
INSERT INTO modelo(id,nombre,id_fabricante) VALUES (3,'R13',3);
INSERT INTO modelo(id,nombre,id_fabricante) VALUES (4,'A470',4);
INSERT INTO modelo(id,nombre,id_fabricante) VALUES (5,'07',5);
INSERT INTO modelo(id,nombre,id_fabricante) VALUES (6,'JSP217',6);
INSERT INTO modelo(id,nombre,id_fabricante) VALUES (7,'01',7);
INSERT INTO modelo(id,nombre,id_fabricante) VALUES (8,'P217',8);
INSERT INTO modelo(id,nombre,id_fabricante) VALUES (9,'488 GTE EVO',9);
INSERT INTO modelo(id,nombre,id_fabricante) VALUES (10,'911 RSR',10);
INSERT INTO modelo(id,nombre,id_fabricante) VALUES (11,'GT',11);
INSERT INTO modelo(id,nombre,id_fabricante) VALUES (12,'Corvette C7R',12);
INSERT INTO modelo(id,nombre,id_fabricante) VALUES (13,'M8 GTE',13);
INSERT INTO modelo(id,nombre,id_fabricante) VALUES (14,'488 GTE',9);
INSERT INTO modelo(id,nombre,id_fabricante) VALUES (15,'Vantage',14);
INSERT INTO modelo(id,nombre,id_fabricante) VALUES (16,'CLM P1/01',15);
INSERT INTO modelo(id,nombre,id_fabricante) VALUES (17,'Vantage AMR',14);
INSERT INTO modelo(id,nombre,id_fabricante) VALUES (18,'911 RSR - 19',10);

--Equipos
INSERT INTO equipo(id,nombre,numero_equipo,id_fabricante,activo) VALUES (1,'TOYOTA GAZOO RACING',8,1,'T');
INSERT INTO equipo(id,nombre,numero_equipo,id_fabricante,activo) VALUES (2,'TOYOTA GAZOO RACING',7,1,'T');
INSERT INTO equipo(id,nombre,numero_equipo,id_fabricante,activo) VALUES (3,'SMP RACING',11,2,'F');
INSERT INTO equipo(id,nombre,numero_equipo,id_fabricante,activo) VALUES (4,'REBELLION RACING',1,3,'T');
INSERT INTO equipo(id,nombre,numero_equipo,id_fabricante,activo) VALUES (5,'REBELLION RACING',3,3,'T');
INSERT INTO equipo(id,nombre,numero_equipo,id_fabricante,activo) VALUES (6,'SIGNATECH ALPINE MATMUT',36,4,'F');
INSERT INTO equipo(id,nombre,numero_equipo,id_fabricante,activo) VALUES (7,'JACKIE CHAN DC RACING',38,5,'F');
INSERT INTO equipo(id,nombre,numero_equipo,id_fabricante,activo) VALUES (8,'TDS RACING',28,5,'F');
INSERT INTO equipo(id,nombre,numero_equipo,id_fabricante,activo) VALUES (9,'UNITED AUTOSPORTS',22,6,'T');
INSERT INTO equipo(id,nombre,numero_equipo,id_fabricante,activo) VALUES (10,'IDEC SPORT',48,5,'F');
INSERT INTO equipo(id,nombre,numero_equipo,id_fabricante,activo) VALUES (11,'G-DRIVE RACING',26,7,'T');
INSERT INTO equipo(id,nombre,numero_equipo,id_fabricante,activo) VALUES (12,'DUQUEINE ENGINEERING',30,5,'F');
INSERT INTO equipo(id,nombre,numero_equipo,id_fabricante,activo) VALUES (13,'PANIS BARTHEZ COMPETITION',23,6,'F');
INSERT INTO equipo(id,nombre,numero_equipo,id_fabricante,activo) VALUES (14,'GRAFF',39,5,'F');
INSERT INTO equipo(id,nombre,numero_equipo,id_fabricante,activo) VALUES (15,'ALGARVE PRO RACING',25,5,'T');
INSERT INTO equipo(id,nombre,numero_equipo,id_fabricante,activo) VALUES (16,'HIGH CLASS RACING',20,5,'F');
INSERT INTO equipo(id,nombre,numero_equipo,id_fabricante,activo) VALUES (17,'LARBRE COMPETITON',50,6,'F');
INSERT INTO equipo(id,nombre,numero_equipo,id_fabricante,activo) VALUES (18,'CETILAR R. VILLORBA CORSE',47,8,'F');
INSERT INTO equipo(id,nombre,numero_equipo,id_fabricante,activo) VALUES (19,'UNITED AUTOSPORTS',32,6,'T');
INSERT INTO equipo(id,nombre,numero_equipo,id_fabricante,activo) VALUES (20,'AF CORSE',51,9,'T');
INSERT INTO equipo(id,nombre,numero_equipo,id_fabricante,activo) VALUES (21,'PORSCHE GT TEAM',91,10,'T');
INSERT INTO equipo(id,nombre,numero_equipo,id_fabricante,activo) VALUES (22,'PORSCHE GT TEAM',93,10,'F');
INSERT INTO equipo(id,nombre,numero_equipo,id_fabricante,activo) VALUES (23,'FORD CHIP GANASSI TEAM UK',67,11,'F');
INSERT INTO equipo(id,nombre,numero_equipo,id_fabricante,activo) VALUES (24,'FORD CHIP GANASSI TEAM USA',69,11,'F');
INSERT INTO equipo(id,nombre,numero_equipo,id_fabricante,activo) VALUES (25,'FORD CHIP GANASSI TEAM UK',66,11,'F');
INSERT INTO equipo(id,nombre,numero_equipo,id_fabricante,activo) VALUES (26,'RACING TEAM NEDERLAND',29,8,'T');
INSERT INTO equipo(id,nombre,numero_equipo,id_fabricante,activo) VALUES (27,'PORSCHE GT TEAM',94,10,'F');
INSERT INTO equipo(id,nombre,numero_equipo,id_fabricante,activo) VALUES (28,'CORVETTE RACING',63,12,'F');
INSERT INTO equipo(id,nombre,numero_equipo,id_fabricante,activo) VALUES (29,'PORSCHE GT TEAM',92,10,'T');
INSERT INTO equipo(id,nombre,numero_equipo,id_fabricante,activo) VALUES (30,'BMW TEAM MTEK',82,13,'F');
INSERT INTO equipo(id,nombre,numero_equipo,id_fabricante,activo) VALUES (31,'TEAM PROJECT 1',56,10,'T');
INSERT INTO equipo(id,nombre,numero_equipo,id_fabricante,activo) VALUES (32,'JMW MOTORSPORT',84,9,'F');
INSERT INTO equipo(id,nombre,numero_equipo,id_fabricante,activo) VALUES (33,'WEATHERTECH RACING',62,9,'F');
INSERT INTO equipo(id,nombre,numero_equipo,id_fabricante,activo) VALUES (34,'DEMPSEY-PROTON RACING',77,10,'T');
INSERT INTO equipo(id,nombre,numero_equipo,id_fabricante,activo) VALUES (35,'CAR GUY RACING',57,9,'F');
INSERT INTO equipo(id,nombre,numero_equipo,id_fabricante,activo) VALUES (36,'PROTON COMPETITION',78,10,'T');
INSERT INTO equipo(id,nombre,numero_equipo,id_fabricante,activo) VALUES (37,'CLEARWATER RACING',61,9,'F');
INSERT INTO equipo(id,nombre,numero_equipo,id_fabricante,activo) VALUES (38,'GULF RACING',86,10,'T');
INSERT INTO equipo(id,nombre,numero_equipo,id_fabricante,activo) VALUES (39,'KESSEL RACING',83,9,'F');
INSERT INTO equipo(id,nombre,numero_equipo,id_fabricante,activo) VALUES (40,'RISI COMPETIZIONE',89,9,'F');
INSERT INTO equipo(id,nombre,numero_equipo,id_fabricante,activo) VALUES (41,'MR RACING',70,9,'T');
INSERT INTO equipo(id,nombre,numero_equipo,id_fabricante,activo) VALUES (42,'TF SPORT',90,14,'T');
INSERT INTO equipo(id,nombre,numero_equipo,id_fabricante,activo) VALUES (43,'SPIRIT OF RACE',54,9,'F');
INSERT INTO equipo(id,nombre,numero_equipo,id_fabricante,activo) VALUES (44,'ASTON MARTIN RACING',97,14,'T');
INSERT INTO equipo(id,nombre,numero_equipo,id_fabricante,activo) VALUES (45,'INTER EUROPOL COMPETITION',34,6,'T');
INSERT INTO equipo(id,nombre,numero_equipo,id_fabricante,activo) VALUES (46,'KESSEL RACING',60,9,'F');
INSERT INTO equipo(id,nombre,numero_equipo,id_fabricante,activo) VALUES (47,'BMW TEAM MTEK',81,13,'F');
INSERT INTO equipo(id,nombre,numero_equipo,id_fabricante,activo) VALUES (48,'RLR M SPORT/TOWER EVENTS',43,5,'F');
INSERT INTO equipo(id,nombre,numero_equipo,id_fabricante,activo) VALUES (49,'DRAGONSPEED',31,5,'F');
INSERT INTO equipo(id,nombre,numero_equipo,id_fabricante,activo) VALUES (50,'JACKIE CHAN DC RACING',37,5,'F');
INSERT INTO equipo(id,nombre,numero_equipo,id_fabricante,activo) VALUES (51,'SMP RACING',17,2,'F');
INSERT INTO equipo(id,nombre,numero_equipo,id_fabricante,activo) VALUES (52,'BYKOLLES RACING TEAM',4,15,'T');
INSERT INTO equipo(id,nombre,numero_equipo,id_fabricante,activo) VALUES (53,'ARC BRATISLAVA',49,6,'F');
INSERT INTO equipo(id,nombre,numero_equipo,id_fabricante,activo) VALUES (54,'AF CORSE',71,9,'T');
INSERT INTO equipo(id,nombre,numero_equipo,id_fabricante,activo) VALUES (55,'ASTON MARTIN RACING',95,15,'T');
INSERT INTO equipo(id,nombre,numero_equipo,id_fabricante,activo) VALUES (56,'ASTON MARTIN RACING',98,15,'T');
INSERT INTO equipo(id,nombre,numero_equipo,id_fabricante,activo) VALUES (57,'CORVETTE RACING',64,12,'F');
INSERT INTO equipo(id,nombre,numero_equipo,id_fabricante,activo) VALUES (58,'DEMPSEY-PROTON RACING',88,10,'T');
INSERT INTO equipo(id,nombre,numero_equipo,id_fabricante,activo) VALUES (59,'DRAGONSPEED',10,2,'F');
INSERT INTO equipo(id,nombre,numero_equipo,id_fabricante,activo) VALUES (60,'FORD CHIP GANASSI TEAM USA',68,11,'F');
INSERT INTO equipo(id,nombre,numero_equipo,id_fabricante,activo) VALUES (61,'KEATING MOTORSPORTS',85,11,'F');
INSERT INTO equipo(id,nombre,numero_equipo,id_fabricante,activo) VALUES (62,'DEMPSEY-PROTON RACING',99,10,'T');
INSERT INTO equipo(id,nombre,numero_equipo,id_fabricante,activo) VALUES (63,'JOTA',38,5,'T');
INSERT INTO equipo(id,nombre,numero_equipo,id_fabricante,activo) VALUES (64,'PANIS RACING',31,5,'T');
INSERT INTO equipo(id,nombre,numero_equipo,id_fabricante,activo) VALUES (65,'SIGNATECH ALPINE ELF',36,4,'T');
INSERT INTO equipo(id,nombre,numero_equipo,id_fabricante,activo) VALUES (66,'IDEC SPORT',28,5,'T');
INSERT INTO equipo(id,nombre,numero_equipo,id_fabricante,activo) VALUES (67,'COOL RACING',42,5,'T');
INSERT INTO equipo(id,nombre,numero_equipo,id_fabricante,activo) VALUES (68,'RICHARD MILLE RACING TEAM',50,5,'T');
INSERT INTO equipo(id,nombre,numero_equipo,id_fabricante,activo) VALUES (69,'CETILAR RACING',47,8,'T');
INSERT INTO equipo(id,nombre,numero_equipo,id_fabricante,activo) VALUES (70,'IDEC SPORT',17,5,'T');
INSERT INTO equipo(id,nombre,numero_equipo,id_fabricante,activo) VALUES (71,'DRAGONSPEED USA',27,5,'T');
INSERT INTO equipo(id,nombre,numero_equipo,id_fabricante,activo) VALUES (72,'EURASIA MOTORSPORT',35,6,'T');
INSERT INTO equipo(id,nombre,numero_equipo,id_fabricante,activo) VALUES (73,'RISI COMPETIZIONE',82,9,'T');
INSERT INTO equipo(id,nombre,numero_equipo,id_fabricante,activo) VALUES (74,'AF CORSE',83,9,'T');
INSERT INTO equipo(id,nombre,numero_equipo,id_fabricante,activo) VALUES (75,'NIELSEN RACING',24,5,'T');
INSERT INTO equipo(id,nombre,numero_equipo,id_fabricante,activo) VALUES (76,'JMW MOTORSPORT',66,9,'T');
INSERT INTO equipo(id,nombre,numero_equipo,id_fabricante,activo) VALUES (77,'LUZICH RACING',61,9,'T');
INSERT INTO equipo(id,nombre,numero_equipo,id_fabricante,activo) VALUES (78,'IRON LYNX',85,9,'T');
INSERT INTO equipo(id,nombre,numero_equipo,id_fabricante,activo) VALUES (79,'IRON LYNX',60,9,'T');
INSERT INTO equipo(id,nombre,numero_equipo,id_fabricante,activo) VALUES (80,'AF CORSE',54,9,'T');
INSERT INTO equipo(id,nombre,numero_equipo,id_fabricante,activo) VALUES (81,'TEAM PROJECT 1',57,10,'T');
INSERT INTO equipo(id,nombre,numero_equipo,id_fabricante,activo) VALUES (82,'RED RIVER SPORT',62,9,'T');
INSERT INTO equipo(id,nombre,numero_equipo,id_fabricante,activo) VALUES (83,'TEAM PROJECT 1',89,10,'T');
INSERT INTO equipo(id,nombre,numero_equipo,id_fabricante,activo) VALUES (84,'SO24-HAS BY GRAFF',39,5,'T');
INSERT INTO equipo(id,nombre,numero_equipo,id_fabricante,activo) VALUES (85,'HUB AUTO RACING',72,9,'T');
INSERT INTO equipo(id,nombre,numero_equipo,id_fabricante,activo) VALUES (87,'IRON LYNX',75,9,'T');
INSERT INTO equipo(id,nombre,numero_equipo,id_fabricante,activo) VALUES (88,'DRAGONSPEED USA',21,5,'T');
INSERT INTO equipo(id,nombre,numero_equipo,id_fabricante,activo) VALUES (89,'WEATHERTECH RACING',63,9,'T');
INSERT INTO equipo(id,nombre,numero_equipo,id_fabricante,activo) VALUES (90,'G-DRIVE RACING BY ALGARVE',16,5,'T');
INSERT INTO equipo(id,nombre,numero_equipo,id_fabricante,activo) VALUES (91,'DUQUEINE TEAM',30,5,'T');
INSERT INTO equipo(id,nombre,numero_equipo,id_fabricante,activo) VALUES (92,'HIGH CLASS RACING',33,5,'T');
INSERT INTO equipo(id,nombre,numero_equipo,id_fabricante,activo) VALUES (93,'AF CORSE',52,9,'T');
INSERT INTO equipo(id,nombre,numero_equipo,id_fabricante,activo) VALUES (94,'SPIRIT OF RACE',55,9,'T');
INSERT INTO equipo(id,nombre,numero_equipo,id_fabricante,activo) VALUES (95,'EUROINTERNATIONAL',11,6,'T');
INSERT INTO equipo(id,nombre,numero_equipo,id_fabricante,activo) VALUES (96,'JACKIE CHAN DC RACING',37,5,'T');

--Organizacion
INSERT INTO organizacion(id,nombre) VALUES (1,'Automobile Club de l`Ouest');

--Pistas
INSERT INTO pista(id, nombre, kilometraje) VALUES (1,'Circuito de la Sarthe',13.626);

--Sectores
INSERT INTO sector(id,nombre,id_pista) VALUES (1,'Chicanas Ford',1);
INSERT INTO sector(id,nombre,id_pista) VALUES (2,'Curvas Porsche',1);
INSERT INTO sector(id,nombre,id_pista) VALUES (3,'Arnage',1);
INSERT INTO sector(id,nombre,id_pista) VALUES (4,'Indianapolis',1);
INSERT INTO sector(id,nombre,id_pista) VALUES (5,'Mulsanne',1);
INSERT INTO sector(id,nombre,id_pista) VALUES (6,'Recta Mulsanne',1);
INSERT INTO sector(id,nombre,id_pista) VALUES (7,'Chicana Michelin',1);
INSERT INTO sector(id,nombre,id_pista) VALUES (8,'Chicana Playstation',1);
INSERT INTO sector(id,nombre,id_pista) VALUES (9,'Tertre Rouge',1);
INSERT INTO sector(id,nombre,id_pista) VALUES (10,'Eses',1);
INSERT INTO sector(id,nombre,id_pista) VALUES (11,'Chicana Dunlop',1);
INSERT INTO sector(id,nombre,id_pista) VALUES (12,'Curva Dunlop',1);
INSERT INTO sector(id,nombre,id_pista) VALUES (13,'General',1);

--Eventos
INSERT INTO evento(id,ano,tipo,id_organizacion,id_pista) VALUES (1,2019,'Ensayo',1,1);
INSERT INTO evento(id,ano,tipo,id_organizacion,id_pista) VALUES (2,2019,'Carrera',1,1);
INSERT INTO evento(id,ano,tipo,id_organizacion,id_pista) VALUES (3,2020,'Ensayo',1,1);
INSERT INTO evento(id,ano,tipo,id_organizacion,id_pista) VALUES (4,2020,'Carrera',1,1);

--Equipo-Evento
INSERT INTO equipo_evento(id_equipo,id_evento) VALUES (1,1);
INSERT INTO equipo_evento(id_equipo,id_evento) VALUES (2,1);
INSERT INTO equipo_evento(id_equipo,id_evento) VALUES (3,1);
INSERT INTO equipo_evento(id_equipo,id_evento) VALUES (4,1);
INSERT INTO equipo_evento(id_equipo,id_evento) VALUES (5,1);
INSERT INTO equipo_evento(id_equipo,id_evento) VALUES (6,1);
INSERT INTO equipo_evento(id_equipo,id_evento) VALUES (7,1);
INSERT INTO equipo_evento(id_equipo,id_evento) VALUES (8,1);
INSERT INTO equipo_evento(id_equipo,id_evento) VALUES (9,1);
INSERT INTO equipo_evento(id_equipo,id_evento) VALUES (10,1);
INSERT INTO equipo_evento(id_equipo,id_evento) VALUES (11,1);
INSERT INTO equipo_evento(id_equipo,id_evento) VALUES (12,1);
INSERT INTO equipo_evento(id_equipo,id_evento) VALUES (13,1);
INSERT INTO equipo_evento(id_equipo,id_evento) VALUES (14,1);
INSERT INTO equipo_evento(id_equipo,id_evento) VALUES (15,1);
INSERT INTO equipo_evento(id_equipo,id_evento) VALUES (16,1);
INSERT INTO equipo_evento(id_equipo,id_evento) VALUES (17,1);
INSERT INTO equipo_evento(id_equipo,id_evento) VALUES (18,1);
INSERT INTO equipo_evento(id_equipo,id_evento) VALUES (19,1);
INSERT INTO equipo_evento(id_equipo,id_evento) VALUES (20,1);
INSERT INTO equipo_evento(id_equipo,id_evento) VALUES (21,1);
INSERT INTO equipo_evento(id_equipo,id_evento) VALUES (22,1);
INSERT INTO equipo_evento(id_equipo,id_evento) VALUES (23,1);
INSERT INTO equipo_evento(id_equipo,id_evento) VALUES (24,1);
INSERT INTO equipo_evento(id_equipo,id_evento) VALUES (25,1);
INSERT INTO equipo_evento(id_equipo,id_evento) VALUES (26,1);
INSERT INTO equipo_evento(id_equipo,id_evento) VALUES (27,1);
INSERT INTO equipo_evento(id_equipo,id_evento) VALUES (28,1);
INSERT INTO equipo_evento(id_equipo,id_evento) VALUES (29,1);
INSERT INTO equipo_evento(id_equipo,id_evento) VALUES (30,1);
INSERT INTO equipo_evento(id_equipo,id_evento) VALUES (31,1);
INSERT INTO equipo_evento(id_equipo,id_evento) VALUES (32,1);
INSERT INTO equipo_evento(id_equipo,id_evento) VALUES (33,1);
INSERT INTO equipo_evento(id_equipo,id_evento) VALUES (34,1);
INSERT INTO equipo_evento(id_equipo,id_evento) VALUES (35,1);
INSERT INTO equipo_evento(id_equipo,id_evento) VALUES (36,1);
INSERT INTO equipo_evento(id_equipo,id_evento) VALUES (37,1);
INSERT INTO equipo_evento(id_equipo,id_evento) VALUES (38,1);
INSERT INTO equipo_evento(id_equipo,id_evento) VALUES (39,1);
INSERT INTO equipo_evento(id_equipo,id_evento) VALUES (40,1);
INSERT INTO equipo_evento(id_equipo,id_evento) VALUES (41,1);
INSERT INTO equipo_evento(id_equipo,id_evento) VALUES (42,1);
INSERT INTO equipo_evento(id_equipo,id_evento) VALUES (43,1);
INSERT INTO equipo_evento(id_equipo,id_evento) VALUES (44,1);
INSERT INTO equipo_evento(id_equipo,id_evento) VALUES (45,1);
INSERT INTO equipo_evento(id_equipo,id_evento) VALUES (46,1);
INSERT INTO equipo_evento(id_equipo,id_evento) VALUES (47,1);
INSERT INTO equipo_evento(id_equipo,id_evento) VALUES (48,1);
INSERT INTO equipo_evento(id_equipo,id_evento) VALUES (49,1);
INSERT INTO equipo_evento(id_equipo,id_evento) VALUES (50,1);
INSERT INTO equipo_evento(id_equipo,id_evento) VALUES (51,1);
INSERT INTO equipo_evento(id_equipo,id_evento) VALUES (52,1);
INSERT INTO equipo_evento(id_equipo,id_evento) VALUES (53,1);
INSERT INTO equipo_evento(id_equipo,id_evento) VALUES (54,1);
INSERT INTO equipo_evento(id_equipo,id_evento) VALUES (55,1);
INSERT INTO equipo_evento(id_equipo,id_evento) VALUES (56,1);
INSERT INTO equipo_evento(id_equipo,id_evento) VALUES (57,1);
INSERT INTO equipo_evento(id_equipo,id_evento) VALUES (58,1);
INSERT INTO equipo_evento(id_equipo,id_evento) VALUES (59,1);
INSERT INTO equipo_evento(id_equipo,id_evento) VALUES (60,1);
INSERT INTO equipo_evento(id_equipo,id_evento) VALUES (61,1);
INSERT INTO equipo_evento(id_equipo,id_evento) VALUES (62,1);
INSERT INTO equipo_evento(id_equipo,id_evento) VALUES (1,2);
INSERT INTO equipo_evento(id_equipo,id_evento) VALUES (2,2);
INSERT INTO equipo_evento(id_equipo,id_evento) VALUES (3,2);
INSERT INTO equipo_evento(id_equipo,id_evento) VALUES (4,2);
INSERT INTO equipo_evento(id_equipo,id_evento) VALUES (5,2);
INSERT INTO equipo_evento(id_equipo,id_evento) VALUES (6,2);
INSERT INTO equipo_evento(id_equipo,id_evento) VALUES (7,2);
INSERT INTO equipo_evento(id_equipo,id_evento) VALUES (8,2);
INSERT INTO equipo_evento(id_equipo,id_evento) VALUES (9,2);
INSERT INTO equipo_evento(id_equipo,id_evento) VALUES (10,2);
INSERT INTO equipo_evento(id_equipo,id_evento) VALUES (11,2);
INSERT INTO equipo_evento(id_equipo,id_evento) VALUES (12,2);
INSERT INTO equipo_evento(id_equipo,id_evento) VALUES (13,2);
INSERT INTO equipo_evento(id_equipo,id_evento) VALUES (14,2);
INSERT INTO equipo_evento(id_equipo,id_evento) VALUES (15,2);
INSERT INTO equipo_evento(id_equipo,id_evento) VALUES (16,2);
INSERT INTO equipo_evento(id_equipo,id_evento) VALUES (17,2);
INSERT INTO equipo_evento(id_equipo,id_evento) VALUES (18,2);
INSERT INTO equipo_evento(id_equipo,id_evento) VALUES (19,2);
INSERT INTO equipo_evento(id_equipo,id_evento) VALUES (20,2);
INSERT INTO equipo_evento(id_equipo,id_evento) VALUES (21,2);
INSERT INTO equipo_evento(id_equipo,id_evento) VALUES (22,2);
INSERT INTO equipo_evento(id_equipo,id_evento) VALUES (23,2);
INSERT INTO equipo_evento(id_equipo,id_evento) VALUES (24,2);
INSERT INTO equipo_evento(id_equipo,id_evento) VALUES (25,2);
INSERT INTO equipo_evento(id_equipo,id_evento) VALUES (26,2);
INSERT INTO equipo_evento(id_equipo,id_evento) VALUES (27,2);
INSERT INTO equipo_evento(id_equipo,id_evento) VALUES (28,2);
INSERT INTO equipo_evento(id_equipo,id_evento) VALUES (29,2);
INSERT INTO equipo_evento(id_equipo,id_evento) VALUES (30,2);
INSERT INTO equipo_evento(id_equipo,id_evento) VALUES (31,2);
INSERT INTO equipo_evento(id_equipo,id_evento) VALUES (32,2);
INSERT INTO equipo_evento(id_equipo,id_evento) VALUES (33,2);
INSERT INTO equipo_evento(id_equipo,id_evento) VALUES (34,2);
INSERT INTO equipo_evento(id_equipo,id_evento) VALUES (35,2);
INSERT INTO equipo_evento(id_equipo,id_evento) VALUES (36,2);
INSERT INTO equipo_evento(id_equipo,id_evento) VALUES (37,2);
INSERT INTO equipo_evento(id_equipo,id_evento) VALUES (38,2);
INSERT INTO equipo_evento(id_equipo,id_evento) VALUES (39,2);
INSERT INTO equipo_evento(id_equipo,id_evento) VALUES (40,2);
INSERT INTO equipo_evento(id_equipo,id_evento) VALUES (41,2);
INSERT INTO equipo_evento(id_equipo,id_evento) VALUES (42,2);
INSERT INTO equipo_evento(id_equipo,id_evento) VALUES (43,2);
INSERT INTO equipo_evento(id_equipo,id_evento) VALUES (44,2);
INSERT INTO equipo_evento(id_equipo,id_evento) VALUES (45,2);
INSERT INTO equipo_evento(id_equipo,id_evento) VALUES (46,2);
INSERT INTO equipo_evento(id_equipo,id_evento) VALUES (47,2);
INSERT INTO equipo_evento(id_equipo,id_evento) VALUES (48,2);
INSERT INTO equipo_evento(id_equipo,id_evento) VALUES (49,2);
INSERT INTO equipo_evento(id_equipo,id_evento) VALUES (50,2);
INSERT INTO equipo_evento(id_equipo,id_evento) VALUES (51,2);
INSERT INTO equipo_evento(id_equipo,id_evento) VALUES (52,2);
INSERT INTO equipo_evento(id_equipo,id_evento) VALUES (53,2);
INSERT INTO equipo_evento(id_equipo,id_evento) VALUES (54,2);
INSERT INTO equipo_evento(id_equipo,id_evento) VALUES (55,2);
INSERT INTO equipo_evento(id_equipo,id_evento) VALUES (56,2);
INSERT INTO equipo_evento(id_equipo,id_evento) VALUES (57,2);
INSERT INTO equipo_evento(id_equipo,id_evento) VALUES (58,2);
INSERT INTO equipo_evento(id_equipo,id_evento) VALUES (59,2);
INSERT INTO equipo_evento(id_equipo,id_evento) VALUES (60,2);
INSERT INTO equipo_evento(id_equipo,id_evento) VALUES (61,2);
INSERT INTO equipo_evento(id_equipo,id_evento) VALUES (62,2);
INSERT INTO equipo_evento(id_equipo,id_evento) VALUES (1,3);
INSERT INTO equipo_evento(id_equipo,id_evento) VALUES (2,3);
INSERT INTO equipo_evento(id_equipo,id_evento) VALUES (4,3);
INSERT INTO equipo_evento(id_equipo,id_evento) VALUES (5,3);
INSERT INTO equipo_evento(id_equipo,id_evento) VALUES (9,3);
INSERT INTO equipo_evento(id_equipo,id_evento) VALUES (11,3);
INSERT INTO equipo_evento(id_equipo,id_evento) VALUES (15,3);
INSERT INTO equipo_evento(id_equipo,id_evento) VALUES (19,3);
INSERT INTO equipo_evento(id_equipo,id_evento) VALUES (20,3);
INSERT INTO equipo_evento(id_equipo,id_evento) VALUES (21,3);
INSERT INTO equipo_evento(id_equipo,id_evento) VALUES (26,3);
INSERT INTO equipo_evento(id_equipo,id_evento) VALUES (29,3);
INSERT INTO equipo_evento(id_equipo,id_evento) VALUES (31,3);
INSERT INTO equipo_evento(id_equipo,id_evento) VALUES (34,3);
INSERT INTO equipo_evento(id_equipo,id_evento) VALUES (36,3);
INSERT INTO equipo_evento(id_equipo,id_evento) VALUES (38,3);
INSERT INTO equipo_evento(id_equipo,id_evento) VALUES (41,3);
INSERT INTO equipo_evento(id_equipo,id_evento) VALUES (42,3);
INSERT INTO equipo_evento(id_equipo,id_evento) VALUES (44,3);
INSERT INTO equipo_evento(id_equipo,id_evento) VALUES (45,3);
INSERT INTO equipo_evento(id_equipo,id_evento) VALUES (52,3);
INSERT INTO equipo_evento(id_equipo,id_evento) VALUES (54,3);
INSERT INTO equipo_evento(id_equipo,id_evento) VALUES (55,3);
INSERT INTO equipo_evento(id_equipo,id_evento) VALUES (56,3);
INSERT INTO equipo_evento(id_equipo,id_evento) VALUES (58,3);
INSERT INTO equipo_evento(id_equipo,id_evento) VALUES (62,3);
INSERT INTO equipo_evento(id_equipo,id_evento) VALUES (63,3);
INSERT INTO equipo_evento(id_equipo,id_evento) VALUES (64,3);
INSERT INTO equipo_evento(id_equipo,id_evento) VALUES (65,3);
INSERT INTO equipo_evento(id_equipo,id_evento) VALUES (66,3);
INSERT INTO equipo_evento(id_equipo,id_evento) VALUES (67,3);
INSERT INTO equipo_evento(id_equipo,id_evento) VALUES (68,3);
INSERT INTO equipo_evento(id_equipo,id_evento) VALUES (69,3);
INSERT INTO equipo_evento(id_equipo,id_evento) VALUES (70,3);
INSERT INTO equipo_evento(id_equipo,id_evento) VALUES (71,3);
INSERT INTO equipo_evento(id_equipo,id_evento) VALUES (72,3);
INSERT INTO equipo_evento(id_equipo,id_evento) VALUES (73,3);
INSERT INTO equipo_evento(id_equipo,id_evento) VALUES (74,3);
INSERT INTO equipo_evento(id_equipo,id_evento) VALUES (75,3);
INSERT INTO equipo_evento(id_equipo,id_evento) VALUES (76,3);
INSERT INTO equipo_evento(id_equipo,id_evento) VALUES (77,3);
INSERT INTO equipo_evento(id_equipo,id_evento) VALUES (78,3);
INSERT INTO equipo_evento(id_equipo,id_evento) VALUES (79,3);
INSERT INTO equipo_evento(id_equipo,id_evento) VALUES (80,3);
INSERT INTO equipo_evento(id_equipo,id_evento) VALUES (81,3);
INSERT INTO equipo_evento(id_equipo,id_evento) VALUES (82,3);
INSERT INTO equipo_evento(id_equipo,id_evento) VALUES (83,3);
INSERT INTO equipo_evento(id_equipo,id_evento) VALUES (84,3);
INSERT INTO equipo_evento(id_equipo,id_evento) VALUES (85,3);
INSERT INTO equipo_evento(id_equipo,id_evento) VALUES (87,3);
INSERT INTO equipo_evento(id_equipo,id_evento) VALUES (88,3);
INSERT INTO equipo_evento(id_equipo,id_evento) VALUES (89,3);
INSERT INTO equipo_evento(id_equipo,id_evento) VALUES (90,3);
INSERT INTO equipo_evento(id_equipo,id_evento) VALUES (91,3);
INSERT INTO equipo_evento(id_equipo,id_evento) VALUES (92,3);
INSERT INTO equipo_evento(id_equipo,id_evento) VALUES (93,3);
INSERT INTO equipo_evento(id_equipo,id_evento) VALUES (94,3);
INSERT INTO equipo_evento(id_equipo,id_evento) VALUES (95,3);
INSERT INTO equipo_evento(id_equipo,id_evento) VALUES (96,3);
INSERT INTO equipo_evento(id_equipo,id_evento) VALUES (1,4);
INSERT INTO equipo_evento(id_equipo,id_evento) VALUES (2,4);
INSERT INTO equipo_evento(id_equipo,id_evento) VALUES (4,4);
INSERT INTO equipo_evento(id_equipo,id_evento) VALUES (5,4);
INSERT INTO equipo_evento(id_equipo,id_evento) VALUES (9,4);
INSERT INTO equipo_evento(id_equipo,id_evento) VALUES (11,4);
INSERT INTO equipo_evento(id_equipo,id_evento) VALUES (15,4);
INSERT INTO equipo_evento(id_equipo,id_evento) VALUES (19,4);
INSERT INTO equipo_evento(id_equipo,id_evento) VALUES (20,4);
INSERT INTO equipo_evento(id_equipo,id_evento) VALUES (21,4);
INSERT INTO equipo_evento(id_equipo,id_evento) VALUES (26,4);
INSERT INTO equipo_evento(id_equipo,id_evento) VALUES (29,4);
INSERT INTO equipo_evento(id_equipo,id_evento) VALUES (31,4);
INSERT INTO equipo_evento(id_equipo,id_evento) VALUES (34,4);
INSERT INTO equipo_evento(id_equipo,id_evento) VALUES (36,4);
INSERT INTO equipo_evento(id_equipo,id_evento) VALUES (38,4);
INSERT INTO equipo_evento(id_equipo,id_evento) VALUES (41,4);
INSERT INTO equipo_evento(id_equipo,id_evento) VALUES (42,4);
INSERT INTO equipo_evento(id_equipo,id_evento) VALUES (44,4);
INSERT INTO equipo_evento(id_equipo,id_evento) VALUES (45,4);
INSERT INTO equipo_evento(id_equipo,id_evento) VALUES (52,4);
INSERT INTO equipo_evento(id_equipo,id_evento) VALUES (54,4);
INSERT INTO equipo_evento(id_equipo,id_evento) VALUES (55,4);
INSERT INTO equipo_evento(id_equipo,id_evento) VALUES (56,4);
INSERT INTO equipo_evento(id_equipo,id_evento) VALUES (58,4);
INSERT INTO equipo_evento(id_equipo,id_evento) VALUES (62,4);
INSERT INTO equipo_evento(id_equipo,id_evento) VALUES (63,4);
INSERT INTO equipo_evento(id_equipo,id_evento) VALUES (64,4);
INSERT INTO equipo_evento(id_equipo,id_evento) VALUES (65,4);
INSERT INTO equipo_evento(id_equipo,id_evento) VALUES (66,4);
INSERT INTO equipo_evento(id_equipo,id_evento) VALUES (67,4);
INSERT INTO equipo_evento(id_equipo,id_evento) VALUES (68,4);
INSERT INTO equipo_evento(id_equipo,id_evento) VALUES (69,4);
INSERT INTO equipo_evento(id_equipo,id_evento) VALUES (70,4);
INSERT INTO equipo_evento(id_equipo,id_evento) VALUES (71,4);
INSERT INTO equipo_evento(id_equipo,id_evento) VALUES (72,4);
INSERT INTO equipo_evento(id_equipo,id_evento) VALUES (73,4);
INSERT INTO equipo_evento(id_equipo,id_evento) VALUES (74,4);
INSERT INTO equipo_evento(id_equipo,id_evento) VALUES (75,4);
INSERT INTO equipo_evento(id_equipo,id_evento) VALUES (76,4);
INSERT INTO equipo_evento(id_equipo,id_evento) VALUES (77,4);
INSERT INTO equipo_evento(id_equipo,id_evento) VALUES (78,4);
INSERT INTO equipo_evento(id_equipo,id_evento) VALUES (79,4);
INSERT INTO equipo_evento(id_equipo,id_evento) VALUES (80,4);
INSERT INTO equipo_evento(id_equipo,id_evento) VALUES (81,4);
INSERT INTO equipo_evento(id_equipo,id_evento) VALUES (82,4);
INSERT INTO equipo_evento(id_equipo,id_evento) VALUES (83,4);
INSERT INTO equipo_evento(id_equipo,id_evento) VALUES (84,4);
INSERT INTO equipo_evento(id_equipo,id_evento) VALUES (85,4);
INSERT INTO equipo_evento(id_equipo,id_evento) VALUES (87,4);
INSERT INTO equipo_evento(id_equipo,id_evento) VALUES (88,4);
INSERT INTO equipo_evento(id_equipo,id_evento) VALUES (89,4);
INSERT INTO equipo_evento(id_equipo,id_evento) VALUES (90,4);
INSERT INTO equipo_evento(id_equipo,id_evento) VALUES (91,4);
INSERT INTO equipo_evento(id_equipo,id_evento) VALUES (92,4);
INSERT INTO equipo_evento(id_equipo,id_evento) VALUES (93,4);
INSERT INTO equipo_evento(id_equipo,id_evento) VALUES (94,4);
INSERT INTO equipo_evento(id_equipo,id_evento) VALUES (95,4);
INSERT INTO equipo_evento(id_equipo,id_evento) VALUES (96,4);

--Nacionalidades
INSERT INTO nacionalidad(id,gentilicio,nombre_pais) VALUES (1,'Austriaco/a','Austria');
INSERT INTO nacionalidad(id,gentilicio,nombre_pais) VALUES (2,'Frances/a','Francia');
INSERT INTO nacionalidad(id,gentilicio,nombre_pais) VALUES (3,'Portugues/a','Portugal');
INSERT INTO nacionalidad(id,gentilicio,nombre_pais) VALUES (4,'Britanico/a','Gran Bretaña');
INSERT INTO nacionalidad(id,gentilicio,nombre_pais) VALUES (5,'Italiano/a','Italia');
INSERT INTO nacionalidad(id,gentilicio,nombre_pais) VALUES (6,'Danes/a','Dinamarca');
INSERT INTO nacionalidad(id,gentilicio,nombre_pais) VALUES (7,'Mexicano/a','Mexico');
INSERT INTO nacionalidad(id,gentilicio,nombre_pais) VALUES (8,'Aleman/a','Alemania');
INSERT INTO nacionalidad(id,gentilicio,nombre_pais) VALUES (9,'Ruso/a','Rusia');
INSERT INTO nacionalidad(id,gentilicio,nombre_pais) VALUES (10,'Noruego/a','Noruega');
INSERT INTO nacionalidad(id,gentilicio,nombre_pais) VALUES (11,'Brasilero/a','Brasil');
INSERT INTO nacionalidad(id,gentilicio,nombre_pais) VALUES (12,'Español/a','España');
INSERT INTO nacionalidad(id,gentilicio,nombre_pais) VALUES (13,'Finlandes/a','Finlandia');
INSERT INTO nacionalidad(id,gentilicio,nombre_pais) VALUES (14,'Argentino/a','Argentina');
INSERT INTO nacionalidad(id,gentilicio,nombre_pais) VALUES (15,'Suizo/a','Suiza');
INSERT INTO nacionalidad(id,gentilicio,nombre_pais) VALUES (16,'Monegasco/a','Monaco');
INSERT INTO nacionalidad(id,gentilicio,nombre_pais) VALUES (17,'Eslovaco/a','Eslovaquia');
INSERT INTO nacionalidad(id,gentilicio,nombre_pais) VALUES (18,'Sueco/a','Suecia');
INSERT INTO nacionalidad(id,gentilicio,nombre_pais) VALUES (19,'Neerlandes/a','Paises Bajos');
INSERT INTO nacionalidad(id,gentilicio,nombre_pais) VALUES (20,'Canadiense','Canada');
INSERT INTO nacionalidad(id,gentilicio,nombre_pais) VALUES (21,'Escoces/a','Escocia');
INSERT INTO nacionalidad(id,gentilicio,nombre_pais) VALUES (22,'Belga','Belgica');
INSERT INTO nacionalidad(id,gentilicio,nombre_pais) VALUES (23,'Japones/a','Japon');
INSERT INTO nacionalidad(id,gentilicio,nombre_pais) VALUES (24,'Chino/a','China');
INSERT INTO nacionalidad(id,gentilicio,nombre_pais) VALUES (25,'Australiano/a','Australia');
INSERT INTO nacionalidad(id,gentilicio,nombre_pais) VALUES (26,'Irlandes/a','Irlanda');
INSERT INTO nacionalidad(id,gentilicio,nombre_pais) VALUES (27,'Neozelandes/a','Nueva Zelanda');
INSERT INTO nacionalidad(id,gentilicio,nombre_pais) VALUES (28,'Taiwanes/a','Taiwan');
INSERT INTO nacionalidad(id,gentilicio,nombre_pais) VALUES (29,'Turco/a','Turquia');
INSERT INTO nacionalidad(id,gentilicio,nombre_pais) VALUES (30,'Estadounidense','USA');
INSERT INTO nacionalidad(id,gentilicio,nombre_pais) VALUES (31,'Venezolano/a','Venezuela');
INSERT INTO nacionalidad(id,gentilicio,nombre_pais) VALUES (32,'Colombiano/a','Colombia');
INSERT INTO nacionalidad(id,gentilicio,nombre_pais) VALUES (33,'Polaco/a','Polonia');
INSERT INTO nacionalidad(id,gentilicio,nombre_pais) VALUES (34,'Hindu','India');
INSERT INTO nacionalidad(id,gentilicio,nombre_pais) VALUES (35,'Tailandes/a','Tailandia');

--Pilotos
INSERT INTO piloto(id,id_nacionalidad) VALUES (1,'1');
INSERT INTO piloto(id,id_nacionalidad) VALUES (2,'2');
INSERT INTO piloto(id,id_nacionalidad) VALUES (3,'2');
INSERT INTO piloto(id,id_nacionalidad) VALUES (4,'2');
INSERT INTO piloto(id,id_nacionalidad) VALUES (5,'3');
INSERT INTO piloto(id,id_nacionalidad) VALUES (6,'2');
INSERT INTO piloto(id,id_nacionalidad) VALUES (7,'2');
INSERT INTO piloto(id,id_nacionalidad) VALUES (8,'2');
INSERT INTO piloto(id,id_nacionalidad) VALUES (9,'2');
INSERT INTO piloto(id,id_nacionalidad) VALUES (10,'2');
INSERT INTO piloto(id,id_nacionalidad) VALUES (11,'4');
INSERT INTO piloto(id,id_nacionalidad) VALUES (12,'4');
INSERT INTO piloto(id,id_nacionalidad) VALUES (13,'4');
INSERT INTO piloto(id,id_nacionalidad) VALUES (14,'2');
INSERT INTO piloto(id,id_nacionalidad) VALUES (15,'2');
INSERT INTO piloto(id,id_nacionalidad) VALUES (16,'4');
INSERT INTO piloto(id,id_nacionalidad) VALUES (17,'5');
INSERT INTO piloto(id,id_nacionalidad) VALUES (18,'6');
INSERT INTO piloto(id,id_nacionalidad) VALUES (19,'4');
INSERT INTO piloto(id,id_nacionalidad) VALUES (20,'7');
INSERT INTO piloto(id,id_nacionalidad) VALUES (21,'8');
INSERT INTO piloto(id,id_nacionalidad) VALUES (22,'2');
INSERT INTO piloto(id,id_nacionalidad) VALUES (23,'15');
INSERT INTO piloto(id,id_nacionalidad) VALUES (24,'8');
INSERT INTO piloto(id,id_nacionalidad) VALUES (25,'2');
INSERT INTO piloto(id,id_nacionalidad) VALUES (26,'2');
INSERT INTO piloto(id,id_nacionalidad) VALUES (27,'2');
INSERT INTO piloto(id,id_nacionalidad) VALUES (28,'22');
INSERT INTO piloto(id,id_nacionalidad) VALUES (29,'8');
INSERT INTO piloto(id,id_nacionalidad) VALUES (30,'2');
INSERT INTO piloto(id,id_nacionalidad) VALUES (31,'8');
INSERT INTO piloto(id,id_nacionalidad) VALUES (32,'6');
INSERT INTO piloto(id,id_nacionalidad) VALUES (33,'4');
INSERT INTO piloto(id,id_nacionalidad) VALUES (34,'4');
INSERT INTO piloto(id,id_nacionalidad) VALUES (35,'4');
INSERT INTO piloto(id,id_nacionalidad) VALUES (36,'4');
INSERT INTO piloto(id,id_nacionalidad) VALUES (37,'5');
INSERT INTO piloto(id,id_nacionalidad) VALUES (38,'2');
INSERT INTO piloto(id,id_nacionalidad) VALUES (39,'15');
INSERT INTO piloto(id,id_nacionalidad) VALUES (40,'30');
INSERT INTO piloto(id,id_nacionalidad) VALUES (41,'5');
INSERT INTO piloto(id,id_nacionalidad) VALUES (42,'2');
INSERT INTO piloto(id,id_nacionalidad) VALUES (43,'4');
INSERT INTO piloto(id,id_nacionalidad) VALUES (44,'2');
INSERT INTO piloto(id,id_nacionalidad) VALUES (45,'30');
INSERT INTO piloto(id,id_nacionalidad) VALUES (46,'2');
INSERT INTO piloto(id,id_nacionalidad) VALUES (47,'19');
INSERT INTO piloto(id,id_nacionalidad) VALUES (48,'4');
INSERT INTO piloto(id,id_nacionalidad) VALUES (49,'30');
INSERT INTO piloto(id,id_nacionalidad) VALUES (50,'30');
INSERT INTO piloto(id,id_nacionalidad) VALUES (51,'20');
INSERT INTO piloto(id,id_nacionalidad) VALUES (52,'2');
INSERT INTO piloto(id,id_nacionalidad) VALUES (53,'16');
INSERT INTO piloto(id,id_nacionalidad) VALUES (54,'2');
INSERT INTO piloto(id,id_nacionalidad) VALUES (55,'4');
INSERT INTO piloto(id,id_nacionalidad) VALUES (56,'21');
INSERT INTO piloto(id,id_nacionalidad) VALUES (57,'8');
INSERT INTO piloto(id,id_nacionalidad) VALUES (58,'2');
INSERT INTO piloto(id,id_nacionalidad) VALUES (59,'15');
INSERT INTO piloto(id,id_nacionalidad) VALUES (60,'2');
INSERT INTO piloto(id,id_nacionalidad) VALUES (61,'2');
INSERT INTO piloto(id,id_nacionalidad) VALUES (62,'15');
INSERT INTO piloto(id,id_nacionalidad) VALUES (63,'2');
INSERT INTO piloto(id,id_nacionalidad) VALUES (64,'1');
INSERT INTO piloto(id,id_nacionalidad) VALUES (65,'5');
INSERT INTO piloto(id,id_nacionalidad) VALUES (66,'2');
INSERT INTO piloto(id,id_nacionalidad) VALUES (67,'4');
INSERT INTO piloto(id,id_nacionalidad) VALUES (68,'4');
INSERT INTO piloto(id,id_nacionalidad) VALUES (69,'2');
INSERT INTO piloto(id,id_nacionalidad) VALUES (70,'6');
INSERT INTO piloto(id,id_nacionalidad) VALUES (71,'12');
INSERT INTO piloto(id,id_nacionalidad) VALUES (72,'11');
INSERT INTO piloto(id,id_nacionalidad) VALUES (73,'8');
INSERT INTO piloto(id,id_nacionalidad) VALUES (74,'13');
INSERT INTO piloto(id,id_nacionalidad) VALUES (75,'14');
INSERT INTO piloto(id,id_nacionalidad) VALUES (76,'15');
INSERT INTO piloto(id,id_nacionalidad) VALUES (77,'16');
INSERT INTO piloto(id,id_nacionalidad) VALUES (78,'5');
INSERT INTO piloto(id,id_nacionalidad) VALUES (79,'4');
INSERT INTO piloto(id,id_nacionalidad) VALUES (80,'2');
INSERT INTO piloto(id,id_nacionalidad) VALUES (81,'17');
INSERT INTO piloto(id,id_nacionalidad) VALUES (82,'3');
INSERT INTO piloto(id,id_nacionalidad) VALUES (83,'4');
INSERT INTO piloto(id,id_nacionalidad) VALUES (84,'18');
INSERT INTO piloto(id,id_nacionalidad) VALUES (85,'8');
INSERT INTO piloto(id,id_nacionalidad) VALUES (86,'19');
INSERT INTO piloto(id,id_nacionalidad) VALUES (87,'30');
INSERT INTO piloto(id,id_nacionalidad) VALUES (88,'30');
INSERT INTO piloto(id,id_nacionalidad) VALUES (89,'18');
INSERT INTO piloto(id,id_nacionalidad) VALUES (90,'4');
INSERT INTO piloto(id,id_nacionalidad) VALUES (91,'2');
INSERT INTO piloto(id,id_nacionalidad) VALUES (92,'1');
INSERT INTO piloto(id,id_nacionalidad) VALUES (93,'2');
INSERT INTO piloto(id,id_nacionalidad) VALUES (94,'2');
INSERT INTO piloto(id,id_nacionalidad) VALUES (95,'4');
INSERT INTO piloto(id,id_nacionalidad) VALUES (96,'8');
INSERT INTO piloto(id,id_nacionalidad) VALUES (97,'4');
INSERT INTO piloto(id,id_nacionalidad) VALUES (98,'22');
INSERT INTO piloto(id,id_nacionalidad) VALUES (99,'30');
INSERT INTO piloto(id,id_nacionalidad) VALUES (100,'30');
INSERT INTO piloto(id,id_nacionalidad) VALUES (101,'4');
INSERT INTO piloto(id,id_nacionalidad) VALUES (102,'2');
INSERT INTO piloto(id,id_nacionalidad) VALUES (103,'23');
INSERT INTO piloto(id,id_nacionalidad) VALUES (104,'15');
INSERT INTO piloto(id,id_nacionalidad) VALUES (105,'9');
INSERT INTO piloto(id,id_nacionalidad) VALUES (106,'15');
INSERT INTO piloto(id,id_nacionalidad) VALUES (107,'4');
INSERT INTO piloto(id,id_nacionalidad) VALUES (108,'26');
INSERT INTO piloto(id,id_nacionalidad) VALUES (109,'6');
INSERT INTO piloto(id,id_nacionalidad) VALUES (110,'5');
INSERT INTO piloto(id,id_nacionalidad) VALUES (111,'4');
INSERT INTO piloto(id,id_nacionalidad) VALUES (112,'4');
INSERT INTO piloto(id,id_nacionalidad) VALUES (113,'23');
INSERT INTO piloto(id,id_nacionalidad) VALUES (114,'11');
INSERT INTO piloto(id,id_nacionalidad) VALUES (115,'24');
INSERT INTO piloto(id,id_nacionalidad) VALUES (116,'2');
INSERT INTO piloto(id,id_nacionalidad) VALUES (117,'30');
INSERT INTO piloto(id,id_nacionalidad) VALUES (118,'25');
INSERT INTO piloto(id,id_nacionalidad) VALUES (119,'30');
INSERT INTO piloto(id,id_nacionalidad) VALUES (120,'30');
INSERT INTO piloto(id,id_nacionalidad) VALUES (121,'20');
INSERT INTO piloto(id,id_nacionalidad) VALUES (122,'30');
INSERT INTO piloto(id,id_nacionalidad) VALUES (123,'2');
INSERT INTO piloto(id,id_nacionalidad) VALUES (124,'8');
INSERT INTO piloto(id,id_nacionalidad) VALUES (125,'15');
INSERT INTO piloto(id,id_nacionalidad) VALUES (126,'11');
INSERT INTO piloto(id,id_nacionalidad) VALUES (127,'12');
INSERT INTO piloto(id,id_nacionalidad) VALUES (128,'6');
INSERT INTO piloto(id,id_nacionalidad) VALUES (131,'2');
INSERT INTO piloto(id,id_nacionalidad) VALUES (132,'8');
INSERT INTO piloto(id,id_nacionalidad) VALUES (133,'15');
INSERT INTO piloto(id,id_nacionalidad) VALUES (134,'4');
INSERT INTO piloto(id,id_nacionalidad) VALUES (135,'4');
INSERT INTO piloto(id,id_nacionalidad) VALUES (136,'3');
INSERT INTO piloto(id,id_nacionalidad) VALUES (137,'2');
INSERT INTO piloto(id,id_nacionalidad) VALUES (138,'2');
INSERT INTO piloto(id,id_nacionalidad) VALUES (139,'4');
INSERT INTO piloto(id,id_nacionalidad) VALUES (140,'4');
INSERT INTO piloto(id,id_nacionalidad) VALUES (141,'4');
INSERT INTO piloto(id,id_nacionalidad) VALUES (142,'5');
INSERT INTO piloto(id,id_nacionalidad) VALUES (143,'4');
INSERT INTO piloto(id,id_nacionalidad) VALUES (144,'6');
INSERT INTO piloto(id,id_nacionalidad) VALUES (145,'4');
INSERT INTO piloto(id,id_nacionalidad) VALUES (146,'30');
INSERT INTO piloto(id,id_nacionalidad) VALUES (147,'2');
INSERT INTO piloto(id,id_nacionalidad) VALUES (148,'9');
INSERT INTO piloto(id,id_nacionalidad) VALUES (149,'2');
INSERT INTO piloto(id,id_nacionalidad) VALUES (150,'4');
INSERT INTO piloto(id,id_nacionalidad) VALUES (151,'27');
INSERT INTO piloto(id,id_nacionalidad) VALUES (152,'6');
INSERT INTO piloto(id,id_nacionalidad) VALUES (153,'2');
INSERT INTO piloto(id,id_nacionalidad) VALUES (154,'22');
INSERT INTO piloto(id,id_nacionalidad) VALUES (155,'30');
INSERT INTO piloto(id,id_nacionalidad) VALUES (156,'5');
INSERT INTO piloto(id,id_nacionalidad) VALUES (157,'11');
INSERT INTO piloto(id,id_nacionalidad) VALUES (158,'5');
INSERT INTO piloto(id,id_nacionalidad) VALUES (159,'6');
INSERT INTO piloto(id,id_nacionalidad) VALUES (160,'1');
INSERT INTO piloto(id,id_nacionalidad) VALUES (161,'30');
INSERT INTO piloto(id,id_nacionalidad) VALUES (162,'15');
INSERT INTO piloto(id,id_nacionalidad) VALUES (163,'4');
INSERT INTO piloto(id,id_nacionalidad) VALUES (164,'28');
INSERT INTO piloto(id,id_nacionalidad) VALUES (165,'4');
INSERT INTO piloto(id,id_nacionalidad) VALUES (166,'9');
INSERT INTO piloto(id,id_nacionalidad) VALUES (167,'30');
INSERT INTO piloto(id,id_nacionalidad) VALUES (168,'16');
INSERT INTO piloto(id,id_nacionalidad) VALUES (169,'7');
INSERT INTO piloto(id,id_nacionalidad) VALUES (170,'4');
INSERT INTO piloto(id,id_nacionalidad) VALUES (171,'2');
INSERT INTO piloto(id,id_nacionalidad) VALUES (172,'5');
INSERT INTO piloto(id,id_nacionalidad) VALUES (173,'25');
INSERT INTO piloto(id,id_nacionalidad) VALUES (174,'30');
INSERT INTO piloto(id,id_nacionalidad) VALUES (175,'19');
INSERT INTO piloto(id,id_nacionalidad) VALUES (176,'4');
INSERT INTO piloto(id,id_nacionalidad) VALUES (177,'4');
INSERT INTO piloto(id,id_nacionalidad) VALUES (178,'1');
INSERT INTO piloto(id,id_nacionalidad) VALUES (179,'6');
INSERT INTO piloto(id,id_nacionalidad) VALUES (180,'12');
INSERT INTO piloto(id,id_nacionalidad) VALUES (181,'11');
INSERT INTO piloto(id,id_nacionalidad) VALUES (182,'2');
INSERT INTO piloto(id,id_nacionalidad) VALUES (183,'4');
INSERT INTO piloto(id,id_nacionalidad) VALUES (184,'12');
INSERT INTO piloto(id,id_nacionalidad) VALUES (185,'2');
INSERT INTO piloto(id,id_nacionalidad) VALUES (186,'11');
INSERT INTO piloto(id,id_nacionalidad) VALUES (187,'2');
INSERT INTO piloto(id,id_nacionalidad) VALUES (188,'4');
INSERT INTO piloto(id,id_nacionalidad) VALUES (189,'2');
INSERT INTO piloto(id,id_nacionalidad) VALUES (190,'2');
INSERT INTO piloto(id,id_nacionalidad) VALUES (191,'5');
INSERT INTO piloto(id,id_nacionalidad) VALUES (192,'5');
INSERT INTO piloto(id,id_nacionalidad) VALUES (193,'30');
INSERT INTO piloto(id,id_nacionalidad) VALUES (194,'11');
INSERT INTO piloto(id,id_nacionalidad) VALUES (195,'19');
INSERT INTO piloto(id,id_nacionalidad) VALUES (196,'4');
INSERT INTO piloto(id,id_nacionalidad) VALUES (197,'29');
INSERT INTO piloto(id,id_nacionalidad) VALUES (198,'4');
INSERT INTO piloto(id,id_nacionalidad) VALUES (199,'15');
INSERT INTO piloto(id,id_nacionalidad) VALUES (200,'4');
INSERT INTO piloto(id,id_nacionalidad) VALUES (201,'4');
INSERT INTO piloto(id,id_nacionalidad) VALUES (202,'7');
INSERT INTO piloto(id,id_nacionalidad) VALUES (203,'9');
INSERT INTO piloto(id,id_nacionalidad) VALUES (204,'12');
INSERT INTO piloto(id,id_nacionalidad) VALUES (205,'5');
INSERT INTO piloto(id,id_nacionalidad) VALUES (206,'18');
INSERT INTO piloto(id,id_nacionalidad) VALUES (207,'4');
INSERT INTO piloto(id,id_nacionalidad) VALUES (208,'25');
INSERT INTO piloto(id,id_nacionalidad) VALUES (209,'4');
INSERT INTO piloto(id,id_nacionalidad) VALUES (210,'25');
INSERT INTO piloto(id,id_nacionalidad) VALUES (211,'12');
INSERT INTO piloto(id,id_nacionalidad) VALUES (212,'2');
INSERT INTO piloto(id,id_nacionalidad) VALUES (213,'4');
INSERT INTO piloto(id,id_nacionalidad) VALUES (214,'2');
INSERT INTO piloto(id,id_nacionalidad) VALUES (215,'2');
INSERT INTO piloto(id,id_nacionalidad) VALUES (216,'30');
INSERT INTO piloto(id,id_nacionalidad) VALUES (217,'8');
INSERT INTO piloto(id,id_nacionalidad) VALUES (218,'3');
INSERT INTO piloto(id,id_nacionalidad) VALUES (219,'30');
INSERT INTO piloto(id,id_nacionalidad) VALUES (220,'10');
INSERT INTO piloto(id,id_nacionalidad) VALUES (221,'25');
INSERT INTO piloto(id,id_nacionalidad) VALUES (222,'2');
INSERT INTO piloto(id,id_nacionalidad) VALUES (223,'2');
INSERT INTO piloto(id,id_nacionalidad) VALUES (224,'23');
INSERT INTO piloto(id,id_nacionalidad) VALUES (225,'30');
INSERT INTO piloto(id,id_nacionalidad) VALUES (226,'26');
INSERT INTO piloto(id,id_nacionalidad) VALUES (227,'19');
INSERT INTO piloto(id,id_nacionalidad) VALUES (228,'8');
INSERT INTO piloto(id,id_nacionalidad) VALUES (229,'2');
INSERT INTO piloto(id,id_nacionalidad) VALUES (230,'31');
INSERT INTO piloto(id,id_nacionalidad) VALUES (231,'9');
INSERT INTO piloto(id,id_nacionalidad) VALUES (232,'2');
INSERT INTO piloto(id,id_nacionalidad) VALUES (233,'5');
INSERT INTO piloto(id,id_nacionalidad) VALUES (234,'19');
INSERT INTO piloto(id,id_nacionalidad) VALUES (235,'9');
INSERT INTO piloto(id,id_nacionalidad) VALUES (236,'32');
INSERT INTO piloto(id,id_nacionalidad) VALUES (237,'22');
INSERT INTO piloto(id,id_nacionalidad) VALUES (238,'19');
INSERT INTO piloto(id,id_nacionalidad) VALUES (239,'2');
INSERT INTO piloto(id,id_nacionalidad) VALUES (240,'1');
INSERT INTO piloto(id,id_nacionalidad) VALUES (241,'30');
INSERT INTO piloto(id,id_nacionalidad) VALUES (242,'6');
INSERT INTO piloto(id,id_nacionalidad) VALUES (243,'6');
INSERT INTO piloto(id,id_nacionalidad) VALUES (244,'26');
INSERT INTO piloto(id,id_nacionalidad) VALUES (245,'19');
INSERT INTO piloto(id,id_nacionalidad) VALUES (246,'2');
INSERT INTO piloto(id,id_nacionalidad) VALUES (247,'10');
INSERT INTO piloto(id,id_nacionalidad) VALUES (248,'13');
INSERT INTO piloto(id,id_nacionalidad) VALUES (249,'11');
INSERT INTO piloto(id,id_nacionalidad) VALUES (250,'20');
INSERT INTO piloto(id,id_nacionalidad) VALUES (251,'23');
INSERT INTO piloto(id,id_nacionalidad) VALUES (252,'23');
INSERT INTO piloto(id,id_nacionalidad) VALUES (253,'5');
INSERT INTO piloto(id,id_nacionalidad) VALUES (254,'5');
INSERT INTO piloto(id,id_nacionalidad) VALUES (255,'2');
INSERT INTO piloto(id,id_nacionalidad) VALUES (256,'1');
INSERT INTO piloto(id,id_nacionalidad) VALUES (257,'5');
INSERT INTO piloto(id,id_nacionalidad) VALUES (258,'6');
INSERT INTO piloto(id,id_nacionalidad) VALUES (259,'2');
INSERT INTO piloto(id,id_nacionalidad) VALUES (260,'33');
INSERT INTO piloto(id,id_nacionalidad) VALUES (261,'5');
INSERT INTO piloto(id,id_nacionalidad) VALUES (262,'5');
INSERT INTO piloto(id,id_nacionalidad) VALUES (263,'5');
INSERT INTO piloto(id,id_nacionalidad) VALUES (264,'20');
INSERT INTO piloto(id,id_nacionalidad) VALUES (265,'34');
INSERT INTO piloto(id,id_nacionalidad) VALUES (266,'4');
INSERT INTO piloto(id,id_nacionalidad) VALUES (267,'18');
INSERT INTO piloto(id,id_nacionalidad) VALUES (268,'9');
INSERT INTO piloto(id,id_nacionalidad) VALUES (269,'23');
INSERT INTO piloto(id,id_nacionalidad) VALUES (270,'11');
INSERT INTO piloto(id,id_nacionalidad) VALUES (271,'15');
INSERT INTO piloto(id,id_nacionalidad) VALUES (272,'15');
INSERT INTO piloto(id,id_nacionalidad) VALUES (273,'15');
INSERT INTO piloto(id,id_nacionalidad) VALUES (274,'32');
INSERT INTO piloto(id,id_nacionalidad) VALUES (275,'8');
INSERT INTO piloto(id,id_nacionalidad) VALUES (276,'19');
INSERT INTO piloto(id,id_nacionalidad) VALUES (277,'30');
INSERT INTO piloto(id,id_nacionalidad) VALUES (278,'23');
INSERT INTO piloto(id,id_nacionalidad) VALUES (279,'5');
INSERT INTO piloto(id,id_nacionalidad) VALUES (280,'6');
INSERT INTO piloto(id,id_nacionalidad) VALUES (281,'19');
INSERT INTO piloto(id,id_nacionalidad) VALUES (282,'20');
INSERT INTO piloto(id,id_nacionalidad) VALUES (283,'4');
INSERT INTO piloto(id,id_nacionalidad) VALUES (284,'26');
INSERT INTO piloto(id,id_nacionalidad) VALUES (285,'30');
INSERT INTO piloto(id,id_nacionalidad) VALUES (286,'30');
INSERT INTO piloto(id,id_nacionalidad) VALUES (287,'30');
INSERT INTO piloto(id,id_nacionalidad) VALUES (288,'35');
INSERT INTO piloto(id,id_nacionalidad) VALUES (289,'15');
INSERT INTO piloto(id,id_nacionalidad) VALUES (290,'5');
INSERT INTO piloto(id,id_nacionalidad) VALUES (291,'19');
INSERT INTO piloto(id,id_nacionalidad) VALUES (292,'4');
INSERT INTO piloto(id,id_nacionalidad) VALUES (293,'4');
INSERT INTO piloto(id,id_nacionalidad) VALUES (294,'2');
INSERT INTO piloto(id,id_nacionalidad) VALUES (295,'4');
INSERT INTO piloto(id,id_nacionalidad) VALUES (296,'2');
INSERT INTO piloto(id,id_nacionalidad) VALUES (297,'4');
INSERT INTO piloto(id,id_nacionalidad) VALUES (298,'11');
INSERT INTO piloto(id,id_nacionalidad) VALUES (299,'30');
INSERT INTO piloto(id,id_nacionalidad) VALUES (300,'22');
INSERT INTO piloto(id,id_nacionalidad) VALUES (301,'5');
INSERT INTO piloto(id,id_nacionalidad) VALUES (302,'20');
INSERT INTO piloto(id,id_nacionalidad) VALUES (303,'23');
INSERT INTO piloto(id,id_nacionalidad) VALUES (304,'15');
INSERT INTO piloto(id,id_nacionalidad) VALUES (305,'8');
INSERT INTO piloto(id,id_nacionalidad) VALUES (306,'13');
INSERT INTO piloto(id,id_nacionalidad) VALUES (307,'2');
INSERT INTO piloto(id,id_nacionalidad) VALUES (308,'22');

--Update para los TDA
UPDATE piloto SET informacion =('Alexander',NULL,'Wurz',NULL,'15-03-1974',1.86,NULL,NULL,'M') WHERE id= 1 ;
UPDATE piloto SET informacion =('Franck',NULL,'Montagny',NULL,'05-01-1978',NULL,NULL,NULL,'M') WHERE id = 2 ;
UPDATE piloto SET informacion =('Stéphane',NULL,'Sarrazin',NULL,'02-11-1975',NULL,NULL,NULL,'M') WHERE id = 3 ;
UPDATE piloto SET informacion =('Nicolas',NULL,'Minassian',NULL,'28-02-1973',NULL,NULL,NULL,'M') WHERE id = 4 ;
UPDATE piloto SET informacion =('Jose','Pedro','Lamy','Viçoso','20-03-1972',NULL,NULL,NULL,'M') WHERE id = 5 ;
UPDATE piloto SET informacion =('Sébastien','Oliver','Bourdais',NULL,'28-02-1979',1.79,NULL,NULL,'M') WHERE id = 6 ;
UPDATE piloto SET informacion =('Simon',NULL,'Pagenaud',NULL,'18-05-1984',NULL,NULL,NULL,'M') WHERE id = 7 ;
UPDATE piloto SET informacion =('Olivier',NULL,'Panis',NULL,'02-09-1966',NULL,NULL,NULL,'M') WHERE id = 8 ;
UPDATE piloto SET informacion =('Nicolas',NULL,'Lapierre',NULL,'02-04-1984',NULL,NULL,NULL,'M') WHERE id = 9 ;
UPDATE piloto SET informacion =('Loïc',NULL,'Duval',NULL,'12-06-1982',NULL,NULL,NULL,'M') WHERE id = 10 ;
UPDATE piloto SET informacion =('Nigel','Ernest','James','Mansell','08-08-1953',1.80,NULL,NULL,'M') WHERE id = 11 ;
UPDATE piloto SET informacion =('Leo',NULL,'Mansell',NULL,'04-01-1985',NULL,NULL,NULL,'M') WHERE id = 12 ;
UPDATE piloto SET informacion =('Greg',NULL,'Mansell',NULL,'08-11-1987',NULL,NULL,NULL,'M') WHERE id = 13 ;
UPDATE piloto SET informacion =('Soheil',NULL,'Ayari',NULL,'05-04-1970',NULL,NULL,NULL,'M') WHERE id = 14 ;
UPDATE piloto SET informacion =('Didier',NULL,'André',NULL,'03-09-1974',NULL,NULL,NULL,'M') WHERE id = 15 ;
UPDATE piloto SET informacion =('Andrew',NULL,'Meyrick',NULL,'04-09-1985',NULL,NULL,NULL,'M') WHERE id = 16 ;
UPDATE piloto SET informacion =('Reinaldo',NULL,'Capello',NULL,'17-06-1964',NULL,NULL,NULL,'M') WHERE id = 17 ;
UPDATE piloto SET informacion =('Tom',NULL,'Kristensen',NULL,'07-07-1967',1.74,NULL,NULL,'M') WHERE id = 18 ;
UPDATE piloto SET informacion =('Allan',NULL,'McNish',NULL,'29-12-1969',1.65,NULL,NULL,'M') WHERE id = 19 ;
UPDATE piloto SET informacion =('Jose','Andrián','Fernandez','Mier','20-04-1963',1.75,NULL,NULL,'M') WHERE id = 20 ;
UPDATE piloto SET informacion =('Stefan',NULL,'Mucke',NULL,'22-11-1981',NULL,NULL,NULL,'M') WHERE id = 21 ;
UPDATE piloto SET informacion =('Harold',NULL,'Primat',NULL,'12-06-1975',NULL,NULL,NULL,'M') WHERE id = 22 ;
UPDATE piloto SET informacion =('Marcel',NULL,'Fassler',NULL,'27-05-1976',1.78,78,NULL,'M') WHERE id = 23 ;
UPDATE piloto SET informacion =('Andre',NULL,'Lotterer',NULL,'19-11-1981',NULL,NULL,NULL,'M') WHERE id = 24 ;
UPDATE piloto SET informacion =('Benoit',NULL,'Treluyer',NULL,'07-12-1976',NULL,NULL,NULL,'M') WHERE id = 25 ;
UPDATE piloto SET informacion =('Pierre',NULL,'Ragues',NULL,'10-01-1984',NULL,NULL,NULL,'M') WHERE id = 26 ;
UPDATE piloto SET informacion =('Franck',NULL,'Mailleux',NULL,'27-05-1985',NULL,NULL,NULL,'M') WHERE id = 27 ;
UPDATE piloto SET informacion =('Vanina',NULL,'Ickx',NULL,'16-02-1975',NULL,NULL,NULL,'F') WHERE id = 28 ;
UPDATE piloto SET informacion =('Timo',NULL,'Bernhard',NULL,'24-02-1981',NULL,NULL,NULL,'M') WHERE id = 29 ;
UPDATE piloto SET informacion =('Romain',NULL,'Dumas',NULL,'14-12-1977',NULL,NULL,NULL,'M') WHERE id = 30 ;
UPDATE piloto SET informacion =('Mike',NULL,'Rockenfeller',NULL,'31-10-1983',1.75,NULL,NULL,'M') WHERE id = 31 ;
UPDATE piloto SET informacion =('Juan',NULL,'Barazi',NULL,'22-01-1968',NULL,NULL,NULL,'M') WHERE id = 32 ;
UPDATE piloto SET informacion =('Sam',NULL,'Hancock',NULL,'09-01-1980',NULL,NULL,NULL,'M') WHERE id = 33 ;
UPDATE piloto SET informacion =('Darren',NULL,'Turner',NULL,'13-04-1974',NULL,NULL,NULL,'M') WHERE id = 34 ;
UPDATE piloto SET informacion =('Paul',NULL,'Drayson',NULL,'05-03-1960',NULL,NULL,NULL,'M') WHERE id = 35 ;
UPDATE piloto SET informacion =('Jonathan',NULL,'Cocker',NULL,'24-08-1986',NULL,NULL,NULL,'M') WHERE id = 36 ;
UPDATE piloto SET informacion =('Emanuele',NULL,'Pirro',NULL,'12-01-1962',NULL,NULL,NULL,'M') WHERE id = 37 ;
UPDATE piloto SET informacion =('Nicolas',NULL,'Prost',NULL,'18-10-1981',NULL,NULL,NULL,'M') WHERE id = 38 ;
UPDATE piloto SET informacion =('Neel',NULL,'Jani',NULL,'08-12-1983',1.72,63,NULL,'M') WHERE id = 39 ;
UPDATE piloto SET informacion =('Marco','Michael','Andretti',NULL,'13-03-1987',1.73,NULL,NULL,'M') WHERE id = 40 ;
UPDATE piloto SET informacion =('Andrea',NULL,'Belicchi',NULL,'18-09-1976',NULL,NULL,NULL,'M') WHERE id = 41 ;
UPDATE piloto SET informacion =('Jea-Christophe',NULL,'Boullion',NULL,'27-12-1969',NULL,NULL,NULL,'M') WHERE id = 42 ;
UPDATE piloto SET informacion =('Guy',NULL,'Smith',NULL,'12-09-1974',NULL,NULL,NULL,'M') WHERE id = 43 ;
UPDATE piloto SET informacion =('Christophe',NULL,'Bouchut',NULL,'24-09-1966',NULL,NULL,NULL,'M') WHERE id = 44 ;
UPDATE piloto SET informacion =('Scott',NULL,'Tucker',NULL,'29-05-1962',NULL,NULL,NULL,'M') WHERE id = 45 ;
UPDATE piloto SET informacion =('Manuel',NULL,'Rodrigues',NULL,'22-10-1962',NULL,NULL,NULL,'M') WHERE id = 46 ;
UPDATE piloto SET informacion =('Christijan',NULL,'Albers',NULL,'16-04-1979',NULL,NULL,NULL,'M') WHERE id = 47 ;
UPDATE piloto SET informacion =('Oliver',NULL,'Jarvis',NULL,'09-01-1984',NULL,NULL,NULL,'M') WHERE id = 48 ;
UPDATE piloto SET informacion =('Michael',NULL,'Lewis',NULL,'12-11-1959',NULL,NULL,NULL,'M') WHERE id = 49 ;
UPDATE piloto SET informacion =('Bryan',NULL,'Willman',NULL,'22-12-1959',NULL,NULL,NULL,'M') WHERE id = 50 ;
UPDATE piloto SET informacion =('Anthony',NULL,'Burgess',NULL,'22-08-1955',NULL,NULL,NULL,'M') WHERE id = 51 ;
UPDATE piloto SET informacion =('Jacques',NULL,'Nicolet',NULL,'05-04-1956',NULL,NULL,NULL,'M') WHERE id = 52 ;
UPDATE piloto SET informacion =('Richard',NULL,'Hein',NULL,'24-06-1958',NULL,NULL,NULL,'M') WHERE id = 53 ;
UPDATE piloto SET informacion =('Jean-François',NULL,'Yvon',NULL,'24-11-1958',NULL,NULL,NULL,'M') WHERE id = 54 ;
UPDATE piloto SET informacion =('David',NULL,'Brabham',NULL,'05-09-1965',NULL,NULL,NULL,'M') WHERE id = 55 ;
UPDATE piloto SET informacion =('Marino',NULL,'Frachitti',NULL,'07-07-1978',NULL,NULL,NULL,'M') WHERE id = 56 ;
UPDATE piloto SET informacion =('Marco',NULL,'Werner',NULL,'27-04-1966',NULL,NULL,NULL,'M') WHERE id = 57 ;
UPDATE piloto SET informacion =('Marc',NULL,'Rostan',NULL,'30-11-1963',NULL,NULL,NULL,'M') WHERE id = 58 ;
UPDATE piloto SET informacion =('Ralph',NULL,'Meicktry',NULL,'20-03-1972',NULL,NULL,NULL,'M') WHERE id = 59 ;
UPDATE piloto SET informacion =('Julien',NULL,'Canal',NULL,'15-07-1982',NULL,NULL,NULL,'M') WHERE id = 60 ;
UPDATE piloto SET informacion =('Tristan',NULL,'Gommendy',NULL,'05-01-1979',NULL,NULL,NULL,'M') WHERE id = 61 ;
UPDATE piloto SET informacion =('Jonathan',NULL,'Hirschi',NULL,'02-02-1986',NULL,NULL,NULL,'M') WHERE id = 62 ;
UPDATE piloto SET informacion =('David','Andre Jean-Pierre','Zollinger',NULL,'23-10-1982',NULL,NULL,NULL,'M') WHERE id = 63 ;
UPDATE piloto SET informacion =('Richard',NULL,'Lietz',NULL,'17-12-1983',NULL,NULL,NULL,'M') WHERE id = 64 ;
UPDATE piloto SET informacion =('Gianmaria',NULL,'Bruni',NULL,'30-05-1981',NULL,NULL,NULL,'M') WHERE id = 65 ;
UPDATE piloto SET informacion =('Patrick',NULL,'Pilet',NULL,'08-10-1981',NULL,NULL,NULL,'M') WHERE id = 66 ;
UPDATE piloto SET informacion =('Andy','Graham','Priaulx',NULL,'08-08-1974',1.70,NULL,NULL,'M') WHERE id = 67 ;
UPDATE piloto SET informacion =('Richard',NULL,'Westbrook',NULL,'10-07-1975',NULL,NULL,NULL,'M') WHERE id = 68 ;
UPDATE piloto SET informacion =('Olivier',NULL,'Pla',NULL,'22-10-1981',NULL,NULL,NULL,'M') WHERE id = 69 ;
UPDATE piloto SET informacion =('Jan','Ellegaard','Magnussen',NULL,'04-07-1973',1.70,NULL,NULL,'M') WHERE id = 70 ;
UPDATE piloto SET informacion =('Antonio',NULL,'Garcia','Navarro','05-06-1980',NULL,NULL,NULL,'M') WHERE id = 71 ;
UPDATE piloto SET informacion =('Augusto',NULL,'Farfus',NULL,'03-09-1983',NULL,NULL,NULL,'M') WHERE id = 72 ;
UPDATE piloto SET informacion =('Jorg',NULL,'Bergmeister',NULL,'13-02-1976',NULL,NULL,NULL,'M') WHERE id = 73 ;
UPDATE piloto SET informacion =('Toni','Markus','Vilander',NULL,'25-07-1980',NULL,NULL,NULL,'M') WHERE id = 74 ;
UPDATE piloto SET informacion =('Luis',NULL,'Perez','Companc','02-01-1972',NULL,NULL,NULL,'M') WHERE id = 75 ;
UPDATE piloto SET informacion =('Rahel',NULL,'Frey',NULL,'23-02-1986',NULL,NULL,NULL,'F') WHERE id = 76 ;
UPDATE piloto SET informacion =('Olivier',NULL,'Beretta',NULL,'23-11-1969',NULL,NULL,NULL,'M') WHERE id = 77 ;
UPDATE piloto SET informacion =('Giancarlo',NULL,'Fischella',NULL,'14-01-1973',NULL,NULL,NULL,'M') WHERE id = 78 ;
UPDATE piloto SET informacion =('Anthony',NULL,'Davidson',NULL,'18-04-1979',NULL,NULL,NULL,'M') WHERE id = 79 ;
UPDATE piloto SET informacion =('Stéphane','Jean-Marc','Sarrazin',NULL,'02-11-1974',NULL,NULL,NULL,'M') WHERE id = 80 ;
UPDATE piloto SET informacion =('Miroslav',NULL,'Konopka',NULL,'21-01-1962',NULL,NULL,NULL,'M') WHERE id = 81 ;
UPDATE piloto SET informacion =('José','Pedro','Mourão','Lamy','20-03-1972',NULL,NULL,NULL,'M') WHERE id = 82 ;
UPDATE piloto SET informacion =('Oliver','Benjamin','Gavin',NULL,'29-09-1972',NULL,NULL,NULL,'M') WHERE id = 83 ;
UPDATE piloto SET informacion =('Marcel',NULL,'Fässler',NULL,'27-05-1976',1.78,78,NULL,'M') WHERE id = 84 ;
UPDATE piloto SET informacion =('Dirk',NULL,'Muller',NULL,'18-11-1975',NULL,NULL,NULL,'M') WHERE id = 85 ;
UPDATE piloto SET informacion =('Jeroen',NULL,'Bleekemolen',NULL,'23-10-1981',NULL,NULL,NULL,'M') WHERE id = 86 ;
UPDATE piloto SET informacion =('Patrick',NULL,'Long',NULL,'28-07-1981',NULL,NULL,NULL,'M') WHERE id = 87 ;
UPDATE piloto SET informacion =('Tracy','W.','Krohn',NULL,'26-08-1954',NULL,NULL,NULL,'M') WHERE id = 88 ;
UPDATE piloto SET informacion =('Niclas',NULL,'Jonsson',NULL,'04-08-1967',NULL,NULL,NULL,'M') WHERE id = 89 ;
UPDATE piloto SET informacion =('Jonathan',NULL,'Kennard',NULL,'26-06-1985',NULL,NULL,NULL,'M') WHERE id = 90 ;
UPDATE piloto SET informacion =('Emmanuel',NULL,'Collard',NULL,'03-04-1971',NULL,NULL,NULL,'M') WHERE id = 91 ;
UPDATE piloto SET informacion =('Horst Jr',NULL,'Felberymayr',NULL,'30-11-1970',NULL,NULL,NULL,'M') WHERE id = 92 ;
UPDATE piloto SET informacion =('Pierre',NULL,'Thiriet',NULL,'20-04-1998',NULL,NULL,NULL,'M') WHERE id = 93 ;
UPDATE piloto SET informacion =('Frederic',NULL,'Makowiecki',NULL,'22-11-1980',NULL,NULL,NULL,'M') WHERE id = 94 ;
UPDATE piloto SET informacion =('Nicholas',NULL,'Tandy',NULL,'05-11-1984',NULL,NULL,NULL,'M') WHERE id = 95 ;
UPDATE piloto SET informacion =('Christian',NULL,'Ried',NULL,'24-02-1979',NULL,NULL,NULL,'M') WHERE id = 96 ;
UPDATE piloto SET informacion =('Michael','Stewart','Wainwright',NULL,'25-07-1973',NULL,NULL,NULL,'M') WHERE id = 97 ;
UPDATE piloto SET informacion =('Maxime',NULL,'Martin',NULL,'20-03-1986',NULL,NULL,NULL,'M') WHERE id = 98 ;
UPDATE piloto SET informacion =('Tom',NULL,'Milner Jr.',NULL,'28-01-1986',NULL,NULL,NULL,'M') WHERE id = 99 ;
UPDATE piloto SET informacion =('Joey',NULL,'Hand',NULL,'10-02-1979',NULL,NULL,NULL,'M') WHERE id = 100 ;
UPDATE piloto SET informacion =('Johnny',NULL,'Mowlem',NULL,'12-02-1969',NULL,NULL,NULL,'M') WHERE id = 101 ;
UPDATE piloto SET informacion =('Philippe',NULL,'Haezebrouck',NULL,'07-11-1954',NULL,NULL,NULL,'M') WHERE id = 102 ;
UPDATE piloto SET informacion =('Kazuki',NULL,'Nakajima',NULL,'11-01-1995',1.75,62,NULL,'M') WHERE id = 103 ;
UPDATE piloto SET informacion =('Sébastien','Olivier','Buemi',NULL,'31-10-1988',1.72,55,NULL,'M') WHERE id = 104 ;
UPDATE piloto SET informacion =('Roman','Aleksándrovich','Rusinov',NULL,'21-10-1981',NULL,NULL,NULL,'M') WHERE id = 105 ;
UPDATE piloto SET informacion =('Mathias',NULL,'Beche',NULL,'28-06-1986',NULL,NULL,NULL,'M') WHERE id = 106 ;
UPDATE piloto SET informacion =('Alex',NULL,'Brundle',NULL,'07-08-1990',NULL,NULL,NULL,'M') WHERE id = 107 ;
UPDATE piloto SET informacion =('Matthew',NULL,'Griffin',NULL,'01-10-1981',NULL,NULL,NULL,'M') WHERE id = 108 ;
UPDATE piloto SET informacion =('David',NULL,'Heinemeier',NULL,'15-10-1979',NULL,NULL,NULL,'M') WHERE id = 109 ;
UPDATE piloto SET informacion =('Paolo',NULL,'Ruberti',NULL,'22-04-1975',NULL,NULL,NULL,'M') WHERE id = 110 ;
UPDATE piloto SET informacion =('Brendon',NULL,'Hartley',NULL,'10-11-1989',NULL,NULL,NULL,'M') WHERE id = 111 ;
UPDATE piloto SET informacion =('Mike',NULL,'Conway',NULL,'19-08-1983',NULL,NULL,NULL,'M') WHERE id = 112 ;
UPDATE piloto SET informacion =('Kamui',NULL,'Kobayashi',NULL,'13-09-1986',1.70,63,NULL,'M') WHERE id = 113 ;
UPDATE piloto SET informacion =('Bruno',NULL,'Senna','Lali','15-10-1983',1.80,69,NULL,'M') WHERE id = 114 ;
UPDATE piloto SET informacion =('Ho-Ping',NULL,'Tung',NULL,'04-12-1982',1.75,60,NULL,'M') WHERE id = 115;
UPDATE piloto SET informacion =('François',NULL,'Perrodo',NULL,'14-02-1977',NULL,NULL,NULL,'M') WHERE id = 116 ;
UPDATE piloto SET informacion =('Jonathan',NULL,'Bomarito',NULL,'23-01-1982',NULL,NULL,NULL,'M') WHERE id = 117 ;
UPDATE piloto SET informacion =('Ryan',NULL,'Briscoe',NULL,'24-09-1981',NULL,NULL,NULL,'M') WHERE id = 118 ;
UPDATE piloto SET informacion =('Cooper',NULL,'Macneil',NULL,'07-09-1992',1.98,NULL,NULL,'M') WHERE id = 119 ;
UPDATE piloto SET informacion =('Ricky',NULL,'Taylor',NULL,'08-03-1989',NULL,NULL,NULL,'M') WHERE id = 120 ;
UPDATE piloto SET informacion =('Paul',NULL,'Dalla','Lana','02-01-1966',NULL,NULL,NULL,'M') WHERE id = 121 ;
UPDATE piloto SET informacion =('Mark',NULL,'Patterson',NULL,'16-12-1951',NULL,NULL,NULL,'M') WHERE id = 122 ;
UPDATE piloto SET informacion =('Benoit',NULL,'Treluyer',NULL,'07-12-1976',NULL,NULL,NULL,'M') WHERE id = 123 ;
UPDATE piloto SET informacion =('Andres',NULL,'Lotterer',NULL,'19-11-1981',NULL,NULL,NULL,'M') WHERE id = 124 ;
UPDATE piloto SET informacion =('Marcel',NULL,'Fassler',NULL,'27-05-1976',1.78,78,NULL,'M') WHERE id = 125 ;
UPDATE piloto SET informacion =('Lucas','Di','Grassi',NULL,'11-10-1984',NULL,NULL,NULL,'M') WHERE id = 126 ;
UPDATE piloto SET informacion =('Marc',NULL,'Gene',NULL,'29-03-1074',1.73,NULL,NULL,'M') WHERE id = 127 ;
UPDATE piloto SET informacion =('Tom',NULL,'Kristensen',NULL,'07-07-1967',1.74,NULL,NULL,'M') WHERE id = 128 ;
UPDATE piloto SET informacion =('Nicolas',NULL,'Prost',NULL,'18-10-1981',NULL,NULL,NULL,'M') WHERE id = 131 ;
UPDATE piloto SET informacion =('Nick','Lars','Heidfeld',NULL,'10-05-1977',NULL,NULL,NULL,'M') WHERE id = 132 ;
UPDATE piloto SET informacion =('Mathias',NULL,'Beche',NULL,'28-06-1986',NULL,NULL,NULL,'M') WHERE id = 133 ;
UPDATE piloto SET informacion =('Simon',NULL,'Dolan',NULL,'20-05-1969',NULL,NULL,NULL,'M') WHERE id = 134 ;
UPDATE piloto SET informacion =('Harry',NULL,'Tincknell',NULL,'29-10-1991',NULL,NULL,NULL,'M') WHERE id = 135 ;
UPDATE piloto SET informacion =('Filipe','Miguel Delgadinho','Alburquerque',NULL,'13-07-1985',NULL,NULL,NULL,'M') WHERE id =136  ;
UPDATE piloto SET informacion =('Paul-Loup',NULL,'Chatin',NULL,'19-10-1997',NULL,NULL,NULL,'M') WHERE id = 137 ;
UPDATE piloto SET informacion =('Vincent',NULL,'Capillaire',NULL,'04-02-1976',NULL,NULL,NULL,'M') WHERE id = 138 ;
UPDATE piloto SET informacion =('Harry',NULL,'Tincknell',NULL,'29-10-1991',NULL,NULL,NULL,'M') WHERE id = 139 ;
UPDATE piloto SET informacion =('James','Peter','Winslow',NULL,'16-4-1981',NULL,NULL,NULL,'M') WHERE id = 140 ;
UPDATE piloto SET informacion =('Oliver','James','Webb',NULL,'20-03-1991',1.82,68,NULL,'M') WHERE id = 141 ;
UPDATE piloto SET informacion =('Davide',NULL,'Rigon',NULL,'26-8-1986',NULL,NULL,NULL,'M') WHERE id = 142 ;
UPDATE piloto SET informacion =('Sam','Jamie','Bird',NULL,'08-01-1987',1.73,NULL,NULL,'M') WHERE id = 143 ;
UPDATE piloto SET informacion =('Nicki',NULL,'Thiim',NULL,'17-04-1989',1.90,NULL,NULL,'M') WHERE id = 144 ;
UPDATE piloto SET informacion =('Richard',NULL,'Bradley',NULL,'17-08-1991',NULL,NULL,NULL,'M') WHERE id = 145 ;
UPDATE piloto SET informacion =('Matt',NULL,'McMurry',NULL,'24-12-1997',NULL,NULL,NULL,'M') WHERE id = 146 ;
UPDATE piloto SET informacion =('Erik',NULL,'Maris',NULL,'16-02-1964',NULL,NULL,NULL,'M') WHERE id = 147 ;
UPDATE piloto SET informacion =('Mikhail','Petrovich','Aleshin',NULL,'22-05-1987',NULL,NULL,NULL,'M') WHERE id = 148 ;
UPDATE piloto SET informacion =('Nathanael',NULL,'Berthon',NULL,'01-07-1989',NULL,NULL,NULL,'M') WHERE id = 149 ;
UPDATE piloto SET informacion =('James','John','Calado',NULL,'13-06-1989',NULL,NULL,NULL,'M') WHERE id = 150 ;
UPDATE piloto SET informacion =('Earl','Anderson','Bamber',NULL,'09-07-1990',NULL,NULL,NULL,'M') WHERE id = 151 ;
UPDATE piloto SET informacion =('Michael','Klitgaard','Christensen',NULL,'28-08-1990',NULL,NULL,NULL,'M') WHERE id = 152 ;
UPDATE piloto SET informacion =('Kevin',NULL,'Estre',NULL,'28-10-1988',NULL,NULL,NULL,'M') WHERE id = 153 ;
UPDATE piloto SET informacion =('Laurens',NULL,'Vanthoor',NULL,'08-05-1991',NULL,NULL,NULL,'M') WHERE id = 154 ;
UPDATE piloto SET informacion =('Jeffrey',NULL,'Segal',NULL,'27-04-1985',NULL,NULL,NULL,'M') WHERE id = 155 ;
UPDATE piloto SET informacion =('Matteo',NULL,'Cressoni',NULL,'28-10-1984',NULL,NULL,NULL,'M') WHERE id = 156 ;
UPDATE piloto SET informacion =('Luis','Felipe','Derani',NULL,'13-10-1993',1.68,58,NULL,'M') WHERE id = 157 ;
UPDATE piloto SET informacion =('Francesco',NULL,'Castellaci',NULL,'04-04-1987',NULL,NULL,NULL,'M') WHERE id = 158 ;
UPDATE piloto SET informacion =('Marco','L.','Sørensen',NULL,'06-09-1990',1.82,NULL,NULL,'M') WHERE id = 159 ;
UPDATE piloto SET informacion =('Mathias',NULL,'Lauda',NULL,'30-01-1981',NULL,NULL,NULL,'M') WHERE id = 160 ;
UPDATE piloto SET informacion =('Ben',NULL,'Keating',NULL,'18-08-1971',NULL,NULL,NULL,'M') WHERE id = 161 ;
UPDATE piloto SET informacion =('Simon',NULL,'Trummer',NULL,'08-06-1989',NULL,NULL,NULL,'M') WHERE id = 162 ;
UPDATE piloto SET informacion =('Alex',NULL,'Kapadia',NULL,'04-06-1980',NULL,NULL,NULL,'M') WHERE id = 163 ;
UPDATE piloto SET informacion =('Han-Chen',NULL,'Chen',NULL,'10-07-1976',NULL,NULL,NULL,'M') WHERE id = 164 ;
UPDATE piloto SET informacion =('Duncan',NULL,'Cameron',NULL,'29-08-1971',NULL,NULL,NULL,'M') WHERE id = 165 ;
UPDATE piloto SET informacion =('Vitaly',NULL,'Petrol',NULL,'08-09-1984',NULL,NULL,NULL,'M') WHERE id = 166 ;
UPDATE piloto SET informacion =('Gustavo',NULL,'Menezes',NULL,'19-09-1994',NULL,NULL,NULL,'M') WHERE id = 167 ;
UPDATE piloto SET informacion =('Stéphane',NULL,'Richelmi',NULL,'17-03-1990',NULL,NULL,NULL,'M') WHERE id = 168 ;
UPDATE piloto SET informacion =('Guillermo',NULL,'Rojas',NULL,'18-08-1981',1.75,65,NULL,'M') WHERE id = 169 ;
UPDATE piloto SET informacion =('William',NULL,'Stevens',NULL,'28-06-1991',1.73,64,NULL,'M') WHERE id = 170 ;
UPDATE piloto SET informacion =('Andrea',NULL,'Pizzitola',NULL,'19-06-1992',NULL,NULL,NULL,'M') WHERE id = 171 ;
UPDATE piloto SET informacion =('Alessandro',NULL,'Pier','Guidi','18-12-1983',NULL,NULL,NULL,'M') WHERE id = 172 ;
UPDATE piloto SET informacion =('Scott','Ronald','Dixon',NULL,'22-07-1980',NULL,NULL,NULL,'M') WHERE id = 173 ;
UPDATE piloto SET informacion =('William','Ryan','Johnson',NULL,'10-10-1986',1.82,77,NULL,'M') WHERE id = 174 ;
UPDATE piloto SET informacion =('Giedo',NULL,'Van','der Garde','25-04-1985',1.82,73,NULL,'M') WHERE id = 175 ;
UPDATE piloto SET informacion =('Benjamin','WIlliam','Barker',NULL,'23-04-1991',1.95,NULL,NULL,'M') WHERE id = 176 ;
UPDATE piloto SET informacion =('Jonathan',NULL,'Adam',NULL,'04-09-1984',NULL,NULL,NULL,'M') WHERE id = 177 ;
UPDATE piloto SET informacion =('Philip',NULL,'Eng',NULL,'28-02-1990',1.72,NULL,NULL,'M') WHERE id = 178 ;
UPDATE piloto SET informacion =('Mikel','Mac','Jensen',NULL,'18-12-1992',NULL,NULL,NULL,'M') WHERE id = 179 ;
UPDATE piloto SET informacion =('Roberto',NULL,'Merhi','Muntan','22-03-1991',NULL,NULL,NULL,'M') WHERE id = 180 ;
UPDATE piloto SET informacion =('Osvaldo',NULL,'Negri Jr',NULL,'29-05-1964',NULL,NULL,NULL,'M') WHERE id = 181 ;
UPDATE piloto SET informacion =('Timothé',NULL,'Buret',NULL,'31-05-1995',NULL,NULL,NULL,'M') WHERE id = 182 ;
UPDATE piloto SET informacion =('Aaron',NULL,'Scott',NULL,'06-05-1979',NULL,NULL,NULL,'M') WHERE id = 183 ;
UPDATE piloto SET informacion =('Jose','Maria','Lopez',NULL,'26-04-1983',NULL,NULL,NULL,'M') WHERE id = 184 ;
UPDATE piloto SET informacion =('Thomas',NULL,'Laurent',NULL,'05-04-1998',NULL,NULL,NULL,'M') WHERE id = 185 ;
UPDATE piloto SET informacion =('André',NULL,'Negrão',NULL,'17-06-1992',NULL,NULL,NULL,'M') WHERE id = 186 ;
UPDATE piloto SET informacion =('Matthieu',NULL,'Vaxiviere',NULL,'03-12-1994',NULL,NULL,NULL,'M') WHERE id = 187 ;
UPDATE piloto SET informacion =('Phillip',NULL,'Hanson',NULL,'05-07-1999',NULL,NULL,NULL,'M') WHERE id = 188 ;
UPDATE piloto SET informacion =('Paul',NULL,'Lafargue',NULL,'08-07-1988',NULL,NULL,NULL,'M') WHERE id = 189 ;
UPDATE piloto SET informacion =('Jean-Eric',NULL,'Vergne',NULL,'25-04-1990',NULL,NULL,NULL,'M') WHERE id = 190 ;
UPDATE piloto SET informacion =('Roberto',NULL,'Lacorte',NULL,'25-06-1968',NULL,NULL,NULL,'M') WHERE id = 191 ;
UPDATE piloto SET informacion =('Giorgio',NULL,'Sernagiotto',NULL,'28-07-1982',NULL,NULL,NULL,'M') WHERE id = 192 ;
UPDATE piloto SET informacion =('William',NULL,'Owen',NULL,'23-03-1995',NULL,NULL,NULL,'M') WHERE id = 193 ;
UPDATE piloto SET informacion =('Daniel','Gardano','Serra',NULL,'24-03-1984',NULL,NULL,NULL,'M') WHERE id = 194 ;
UPDATE piloto SET informacion =('Frits',NULL,'Van','Eerd','25-06-1967',NULL,NULL,NULL,'M') WHERE id = 195 ;
UPDATE piloto SET informacion =('Robert',NULL,'Smith',NULL,'06-03-1975',NULL,NULL,NULL,'M') WHERE id = 196 ;
UPDATE piloto SET informacion =('Salih',NULL,'Yoluc',NULL,'22-08-1985',NULL,NULL,NULL,'M') WHERE id = 197 ;
UPDATE piloto SET informacion =('Euan',NULL,'Hankey',NULL,'18-03-1987',NULL,NULL,NULL,'M') WHERE id = 198 ;
UPDATE piloto SET informacion =('Thomas',NULL,'Flohr',NULL,'17-03-1960',NULL,NULL,NULL,'M') WHERE id = 199 ;
UPDATE piloto SET informacion =('Alexander','George','Lynn',NULL,'17-09-1993',1.75,67,NULL,'M') WHERE id = 200 ;
UPDATE piloto SET informacion =('Nigel',NULL,'Moore',NULL,'04-01-1992',NULL,NULL,NULL,'M') WHERE id = 201 ;
UPDATE piloto SET informacion =('Roberto',NULL,'Gonzales','Valdez','03-01-1976',NULL,NULL,NULL,'M') WHERE id = 202 ;
UPDATE piloto SET informacion =('Sergey','Olegovich','Sirotkin',NULL,'27-08-1995',NULL,NULL,NULL,'M') WHERE id = 203 ;
UPDATE piloto SET informacion =('Miguel',NULL,'Molina','Gonzalez','17-02-1989',NULL,NULL,NULL,'M') WHERE id = 204 ;
UPDATE piloto SET informacion =('Matteo',NULL,'Cairoli',NULL,'01-06-1996',1.78,NULL,NULL,'M') WHERE id = 205 ;
UPDATE piloto SET informacion =('Henrik',NULL,'Hedman',NULL,'05-02-1968',NULL,NULL,NULL,'M') WHERE id = 206 ;
UPDATE piloto SET informacion =('Bejnamin',NULL,'Hanley',NULL,'22-1-1985',NULL,NULL,NULL,'M') WHERE id = 207 ;
UPDATE piloto SET informacion =('Nick','Jr','Foster',NULL,'13-02-1992',NULL,NULL,NULL,'M') WHERE id = 208 ;
UPDATE piloto SET informacion =('Ross',NULL,'Gunn',NULL,'01-01-1997',NULL,NULL,NULL,'M') WHERE id = 209 ;
UPDATE piloto SET informacion =('James',NULL,'Allen',NULL,'04-07-1996',NULL,NULL,NULL,'M') WHERE id = 210 ;
UPDATE piloto SET informacion =('Fernando',NULL,'Alonso','Diaz','19-07-1981',1.71,NULL,NULL,'M') WHERE id = 211 ;
UPDATE piloto SET informacion =('Gabriel',NULL,'Aubry',NULL,'03-04-1998',NULL,NULL,NULL,'M') WHERE id = 212 ;
UPDATE piloto SET informacion =('Paul',NULL,'Di Resta',NULL,'16-04-1986',1.85,74,NULL,'M') WHERE id = 213 ;
UPDATE piloto SET informacion =('Erwin',NULL,'Creed',NULL,'15-12-1980',NULL,NULL,NULL,'M') WHERE id = 214 ;
UPDATE piloto SET informacion =('Romano',NULL,'Ricci',NULL,'10-05-1978',NULL,NULL,NULL,'M') WHERE id = 215 ;
UPDATE piloto SET informacion =('Nicholas',NULL,'Boulle',NULL,'28-03-1989',NULL,NULL,NULL,'M') WHERE id = 216 ;
UPDATE piloto SET informacion =('Sven',NULL,'Muller',NULL,'07-02-1992',1.81,NULL,NULL,'M') WHERE id = 217 ;
UPDATE piloto SET informacion =('Antonio','Felix','Da Costa',NULL,'31-08-1991',1.74,NULL,NULL,'M') WHERE id = 218 ;
UPDATE piloto SET informacion =('Patrick',NULL,'Lindsey',NULL,'22-04-1982',NULL,NULL,NULL,'M') WHERE id = 219 ;
UPDATE piloto SET informacion =('Egidio',NULL,'Perfetti',NULL,'05-06-1975',NULL,NULL,NULL,'M') WHERE id = 220 ;
UPDATE piloto SET informacion =('Matt',NULL,'Campbell',NULL,'17-02-1993',NULL,NULL,NULL,'M') WHERE id = 221 ;
UPDATE piloto SET informacion =('Julien',NULL,'Andlauer',NULL,'05-07-1999',NULL,NULL,NULL,'M') WHERE id = 222 ;
UPDATE piloto SET informacion =('Côme',NULL,'Ledogar',NULL,'23-05-1991',1.77,NULL,NULL,'M') WHERE id = 223 ;
UPDATE piloto SET informacion =('Motoaki',NULL,'Ishikawa',NULL,'07-04-1967',NULL,NULL,NULL,'M') WHERE id = 224 ;
UPDATE piloto SET informacion =('Edward','Mackay','Cheever III',NULL,'05-06-1993',NULL,NULL,NULL,'M') WHERE id = 225 ;
UPDATE piloto SET informacion =('Charles',NULL,'Eastwood',NULL,'11-08-1995',NULL,NULL,NULL,'M') WHERE id = 226 ;
UPDATE piloto SET informacion =('Nick',NULL,'Catsburg',NULL,'15-02-1988',NULL,NULL,NULL,'M') WHERE id = 227 ;
UPDATE piloto SET informacion =('Martin',NULL,'Tomczyk',NULL,'07-12-1981',1.88,NULL,NULL,'M') WHERE id = 228 ;
UPDATE piloto SET informacion =('Norman',NULL,'Nato',NULL,'08-07-1992',1.77,NULL,NULL,'M') WHERE id = 229 ;
UPDATE piloto SET informacion =('Pastor','Rafael','Maldonado','Motta','09-03-1958',1.73,NULL,NULL,'M') WHERE id = 230 ;
UPDATE piloto SET informacion =('Egor',NULL,'Orudzhev',NULL,'16-10-1995',NULL,NULL,NULL,'M') WHERE id = 231 ;
UPDATE piloto SET informacion =('Tom','Aston','Dillmann',NULL,'06-04-1989',1.77,63,NULL,'M') WHERE id = 232 ;
UPDATE piloto SET informacion =('Giorgio',NULL,'Roda',NULL,'18-03-1994',1.80,67,NULL,'M') WHERE id = 233 ;
UPDATE piloto SET informacion =('Renger',NULL,'Van','Der Zande','16-2-1986',1.77,69,NULL,'M') WHERE id = 234 ;
UPDATE piloto SET informacion =('Matevos',NULL,'Isaakyan',NULL,'17-04-1998',NULL,NULL,NULL,'M') WHERE id = 235 ;
UPDATE piloto SET informacion =('Juan','Pablo','Montoya','Roldan','20-09-1975',NULL,NULL,NULL,'M') WHERE id = 236 ;
UPDATE piloto SET informacion =('Stoffel',NULL,'Vandoorne',NULL,'26-03-1962',1.76,65,NULL,'M') WHERE id = 237 ;
UPDATE piloto SET informacion =('Job','Van','Uitert',NULL,'10-10-1998',NULL,NULL,NULL,'M') WHERE id = 238 ;
UPDATE piloto SET informacion =('Nicolas',NULL,'Jamin',NULL,'05-12-1995',NULL,NULL,NULL,'M') WHERE id = 239 ;
UPDATE piloto SET informacion =('Rene',NULL,'Binder',NULL,'01-01-1992',NULL,NULL,NULL,'M') WHERE id = 240 ;
UPDATE piloto SET informacion =('John',NULL,'Falb',NULL,'13-12-1971',NULL,NULL,NULL,'M') WHERE id = 241 ;
UPDATE piloto SET informacion =('Anders',NULL,'Fjordbach',NULL,'04-11-1990',NULL,NULL,NULL,'M') WHERE id = 242 ;
UPDATE piloto SET informacion =('Dennis',NULL,'Andersen',NULL,'22-06-1974',NULL,NULL,NULL,'M') WHERE id = 243 ;
UPDATE piloto SET informacion =('Ryan',NULL,'Cullen',NULL,'26-03-1991',NULL,NULL,NULL,'M') WHERE id = 244 ;
UPDATE piloto SET informacion =('Nyck',NULL,'De  Vries',NULL,'06-02-1995',NULL,NULL,NULL,'M') WHERE id = 245 ;
UPDATE piloto SET informacion =('Mathieu',NULL,'Jaminet',NULL,'24-10-1994',NULL,NULL,NULL,'M') WHERE id = 246 ;
UPDATE piloto SET informacion =('Dennis',NULL,'Olsen',NULL,'14-04-1996',NULL,NULL,NULL,'M') WHERE id = 247 ;
UPDATE piloto SET informacion =('Jesse',NULL,'Krohn',NULL,'30-09-1990',1.80,72,NULL,'M') WHERE id = 248 ;
UPDATE piloto SET informacion =('Rodrigo',NULL,'Baptista',NULL,'13-09-1996',NULL,NULL,NULL,'M') WHERE id = 249 ;
UPDATE piloto SET informacion =('Wei',NULL,'Lu',NULL,'06-11-1986',NULL,NULL,NULL,'M') WHERE id = 250 ;
UPDATE piloto SET informacion =('Takeshi',NULL,'Kimura',NULL,'22-10-1970',NULL,NULL,NULL,'M') WHERE id = 251 ;
UPDATE piloto SET informacion =('Kei','Francesco','Cozzolino',NULL,'09-11-1987',NULL,NULL,NULL,'M') WHERE id = 252 ;
UPDATE piloto SET informacion =('Louis',NULL,'Prette',NULL,'31-07-1998',NULL,NULL,NULL,'M') WHERE id = 253 ;
UPDATE piloto SET informacion =('Philippe',NULL,'Prette',NULL,'19-03-1964',NULL,NULL,NULL,'M') WHERE id = 254 ;
UPDATE piloto SET informacion =('Vincent',NULL,'Abril',NULL,'01-03-1995',NULL,NULL,NULL,'M') WHERE id = 255 ;
UPDATE piloto SET informacion =('Thomas',NULL,'Preining',NULL,'21-07-1998',NULL,NULL,NULL,'M') WHERE id = 256 ;
UPDATE piloto SET informacion =('Manuela',NULL,'Gostner',NULL,'19-05-1984',NULL,NULL,NULL,'F') WHERE id = 257 ;
UPDATE piloto SET informacion =('Michelle',NULL,'Gatting',NULL,'31-12-1993',NULL,NULL,NULL,'F') WHERE id = 258 ;
UPDATE piloto SET informacion =('Jules',NULL,'Gounon',NULL,'31-12-1994',NULL,NULL,NULL,'M') WHERE id = 259 ;
UPDATE piloto SET informacion =('Jakub',NULL,'Smiechowski',NULL,'11-10-1991',NULL,NULL,NULL,'M') WHERE id = 260 ;
UPDATE piloto SET informacion =('Claudio',NULL,'Schiavoni',NULL,'14-11-1960',NULL,NULL,NULL,'M') WHERE id = 261 ;
UPDATE piloto SET informacion =('Sergio',NULL,'Pianezzola',NULL,'28-07-1970',NULL,NULL,NULL,'M') WHERE id = 262 ;
UPDATE piloto SET informacion =('Andrea',NULL,'Piccini',NULL,'12-12-1978',NULL,NULL,NULL,'M') WHERE id = 263 ;
UPDATE piloto SET informacion =('John',NULL,'Farano',NULL,'08-12-1959',NULL,NULL,NULL,'M') WHERE id = 264 ;
UPDATE piloto SET informacion =('Arjun',NULL,'Maini',NULL,'10-12-1997',NULL,NULL,NULL,'M') WHERE id = 265 ;
UPDATE piloto SET informacion =('Jordan',NULL,'King',NULL,'26-02-1964',NULL,NULL,NULL,'M') WHERE id = 266 ;
UPDATE piloto SET informacion =('Henning',NULL,'Enqvist',NULL,'04-04-1994',NULL,NULL,NULL,'M') WHERE id = 267 ;
UPDATE piloto SET informacion =('Konstantin',NULL,'Tereschenko',NULL,'17-06-1994',NULL,NULL,NULL,'M') WHERE id = 268 ;
UPDATE piloto SET informacion =('Satoshi',NULL,'Hoshino',NULL,'07-04-1961',NULL,NULL,NULL,'M') WHERE id = 269 ;
UPDATE piloto SET informacion =('Felipe',NULL,'Fraga',NULL,'30-07-1995',NULL,NULL,NULL,'M') WHERE id = 270 ;
UPDATE piloto SET informacion =('Louis',NULL,'Delétraz',NULL,'22-04-1997',NULL,NULL,NULL,'M') WHERE id = 271 ;
UPDATE piloto SET informacion =('Antonin',NULL,'Borga',NULL,'21-08-1987',NULL,NULL,NULL,'M') WHERE id = 272 ;
UPDATE piloto SET informacion =('Alexandre',NULL,'Coigny',NULL,'17-09-1975',NULL,NULL,NULL,'M') WHERE id = 273 ;
UPDATE piloto SET informacion =('Tatiana',NULL,'Calderon','Noguera','10-03-1993',NULL,NULL,NULL,'F') WHERE id = 274 ;
UPDATE piloto SET informacion =('Sophia',NULL,'Flörsch',NULL,'01-12-2000',NULL,NULL,NULL,'F') WHERE id = 275 ;
UPDATE piloto SET informacion =('Beitske',NULL,'Visser',NULL,'10-03-1995',NULL,NULL,NULL,'F') WHERE id = 276 ;
UPDATE piloto SET informacion =('Kyle',NULL,'Tiller',NULL,'16-02-1988',NULL,NULL,NULL,'M') WHERE id = 277 ;
UPDATE piloto SET informacion =('Nobuya',NULL,'Yamanaka',NULL,'13-02-1960',NULL,NULL,NULL,'M') WHERE id = 278 ;
UPDATE piloto SET informacion =('Riccardo',NULL,'Pera',NULL,'04-07-1999',NULL,NULL,NULL,'M') WHERE id = 279 ;
UPDATE piloto SET informacion =('Nicklas',NULL,'Nielsen',NULL,'06-02-1997',NULL,NULL,NULL,'M') WHERE id = 280 ;
UPDATE piloto SET informacion =('Larry',NULL,'Ten','Voorde','02-10-1996',NULL,NULL,NULL,'M') WHERE id = 281 ;
UPDATE piloto SET informacion =('Garret',NULL,'Grist',NULL,'09-04-1995',NULL,NULL,NULL,'M') WHERE id = 282 ;
UPDATE piloto SET informacion =('Anthony',NULL,'Wells',NULL,'13-09-1964',NULL,NULL,NULL,'M') WHERE id = 283 ;
UPDATE piloto SET informacion =('Andrew',NULL,'Watson',NULL,'21-01-1995',NULL,NULL,NULL,'M') WHERE id = 284 ;
UPDATE piloto SET informacion =('Richard',NULL,'Heistand',NULL,'14-07-1983',NULL,NULL,NULL,'M') WHERE id = 285 ;
UPDATE piloto SET informacion =('Maxwell',NULL,'Root',NULL,'15-02-1999',NULL,NULL,NULL,'M') WHERE id = 286 ;
UPDATE piloto SET informacion =('Francesco',NULL,'Piovanetti',NULL,'01-01-1975',NULL,NULL,NULL,'M') WHERE id = 287 ;
UPDATE piloto SET informacion =('Vutthikorn',NULL,'Inthraphuvasak',NULL,'14-11-1974',NULL,NULL,NULL,'M') WHERE id = 288 ;
UPDATE piloto SET informacion =('Lucas',NULL,'Légeret',NULL,'20-05-2001',NULL,NULL,NULL,'M') WHERE id = 289 ;
UPDATE piloto SET informacion =('Michele',NULL,'Beretta',NULL,'22-10-1994',NULL,NULL,NULL,'M') WHERE id = 290 ;
UPDATE piloto SET informacion =('Maxwell',NULL,'Van','Splunteren','29-01-1996',NULL,NULL,NULL,'M') WHERE id = 291 ;
UPDATE piloto SET informacion =('Bonamy',NULL,'Grimes',NULL,'05-09-1971',NULL,NULL,NULL,'M') WHERE id = 292 ;
UPDATE piloto SET informacion =('Charlie',NULL,'Hollings',NULL,'23-06-1982',NULL,NULL,NULL,'M') WHERE id = 293 ;
UPDATE piloto SET informacion =('Julien',NULL,'Piguet',NULL,'22-01-1983',NULL,NULL,NULL,'M') WHERE id = 294 ;
UPDATE piloto SET informacion =('Andrea',NULL,'Laskaratos',NULL,'09-06-1986',NULL,NULL,NULL,'M') WHERE id = 295 ;
UPDATE piloto SET informacion =('Charles',NULL,'Milesi',NULL,'04-03-2001',NULL,NULL,NULL,'M') WHERE id = 296 ;
UPDATE piloto SET informacion =('Tom',NULL,'Blomqvist',NULL,'30-11-1993',NULL,NULL,NULL,'M') WHERE id = 297 ;
UPDATE piloto SET informacion =('Marcos',NULL,'Gomes',NULL,'26-07-1984',NULL,NULL,NULL,'M') WHERE id = 298 ;
UPDATE piloto SET informacion =('Dominique',NULL,'Bastien',NULL,'25-11-1945',NULL,NULL,NULL,'M') WHERE id = 299 ;
UPDATE piloto SET informacion =('Adrien',NULL,'De Leener',NULL,'10-06-1989',NULL,NULL,NULL,'M') WHERE id = 300 ;
UPDATE piloto SET informacion =('Rino',NULL,'Mastronardi',NULL,'14-11-1969',NULL,NULL,NULL,'M') WHERE id = 301 ;
UPDATE piloto SET informacion =('Bruno',NULL,'Spengler',NULL,'23-08-1983',NULL,NULL,NULL,'M') WHERE id = 302 ;
UPDATE piloto SET informacion =('Kenta',NULL,'Yamashita',NULL,'03-08-1995',NULL,NULL,NULL,'M') WHERE id = 303 ;
UPDATE piloto SET informacion =('Christoph',NULL,'Ulrich',NULL,'26-03-1972',NULL,NULL,NULL,'M') WHERE id = 304 ;
UPDATE piloto SET informacion =('Steffen',NULL,'Görig',NULL,'17-03-1969',NULL,NULL,NULL,'M') WHERE id = 305 ;
UPDATE piloto SET informacion =('Alexander',NULL,'West',NULL,'07-11-1965',NULL,NULL,NULL,'M') WHERE id = 306 ;
UPDATE piloto SET informacion =('Adrien',NULL,'Tambay',NULL,'25-02-1991',NULL,NULL,NULL,'M') WHERE id = 307 ;
UPDATE piloto SET informacion =('Christophe',NULL,'d''Ansermbourg',NULL,'8-1-1963',NULL,NULL,NULL,'M') WHERE id = 308 ;


--Vehiculo   Falta el VArray
INSERT INTO vehiculo(id,numero,categoria,tipo,id_modelo,id_equipo) VALUES (1,8,'LM-P1','Hibrido',1,1);
INSERT INTO vehiculo(id,numero,categoria,tipo,id_modelo,id_equipo) VALUES (2,7,'LM-P1','Hibrido',1,2);
INSERT INTO vehiculo(id,numero,categoria,tipo,id_modelo,id_equipo) VALUES (3,11,'LM-P1','Normal',2,3);
INSERT INTO vehiculo(id,numero,categoria,tipo,id_modelo,id_equipo) VALUES (4,1,'LM-P1','Normal',3,4);
INSERT INTO vehiculo(id,numero,categoria,tipo,id_modelo,id_equipo) VALUES (5,3,'LM-P1','Normal',3,5);
INSERT INTO vehiculo(id,numero,categoria,tipo,id_modelo,id_equipo) VALUES (6,36,'LM-P2','Normal',4,6);
INSERT INTO vehiculo(id,numero,categoria,tipo,id_modelo,id_equipo) VALUES (7,38,'LM-P2','Normal',5,7);
INSERT INTO vehiculo(id,numero,categoria,tipo,id_modelo,id_equipo) VALUES (8,28,'LM-P2','Normal',5,8);
INSERT INTO vehiculo(id,numero,categoria,tipo,id_modelo,id_equipo) VALUES (9,22,'LM-P2','Normal',6,9);
INSERT INTO vehiculo(id,numero,categoria,tipo,id_modelo,id_equipo) VALUES (10,48,'LM-P2','Normal',5,10);
INSERT INTO vehiculo(id,numero,categoria,tipo,id_modelo,id_equipo) VALUES (11,26,'LM-P2','Normal',7,11);
INSERT INTO vehiculo(id,numero,categoria,tipo,id_modelo,id_equipo) VALUES (12,30,'LM-P2','Normal',5,12);
INSERT INTO vehiculo(id,numero,categoria,tipo,id_modelo,id_equipo) VALUES (13,23,'LM-P2','Normal',6,13);
INSERT INTO vehiculo(id,numero,categoria,tipo,id_modelo,id_equipo) VALUES (14,39,'LM-P2','Normal',5,14);
INSERT INTO vehiculo(id,numero,categoria,tipo,id_modelo,id_equipo) VALUES (15,25,'LM-P2','Normal',5,15);
INSERT INTO vehiculo(id,numero,categoria,tipo,id_modelo,id_equipo) VALUES (16,20,'LM-P2','Normal',5,16);
INSERT INTO vehiculo(id,numero,categoria,tipo,id_modelo,id_equipo) VALUES (17,50,'LM-P2','Normal',6,17);
INSERT INTO vehiculo(id,numero,categoria,tipo,id_modelo,id_equipo) VALUES (18,47,'LM-P2','Normal',8,18);
INSERT INTO vehiculo(id,numero,categoria,tipo,id_modelo,id_equipo) VALUES (19,32,'LM-P2','Normal',6,19);
INSERT INTO vehiculo(id,numero,categoria,tipo,id_modelo,id_equipo) VALUES (20,51,'LM-GTE PRO','Normal',9,20);
INSERT INTO vehiculo(id,numero,categoria,tipo,id_modelo,id_equipo) VALUES (21,91,'LM-GTE PRO','Normal',10,21);
INSERT INTO vehiculo(id,numero,categoria,tipo,id_modelo,id_equipo) VALUES (22,93,'LM-GTE PRO','Normal',10,22);
INSERT INTO vehiculo(id,numero,categoria,tipo,id_modelo,id_equipo) VALUES (23,67,'LM-GTE PRO','Normal',11,23);
INSERT INTO vehiculo(id,numero,categoria,tipo,id_modelo,id_equipo) VALUES (24,69,'LM-GTE PRO','Normal',11,24);
INSERT INTO vehiculo(id,numero,categoria,tipo,id_modelo,id_equipo) VALUES (25,66,'LM-GTE PRO','Normal',11,25);
INSERT INTO vehiculo(id,numero,categoria,tipo,id_modelo,id_equipo) VALUES (26,29,'LM-P2','Normal',8,26);
INSERT INTO vehiculo(id,numero,categoria,tipo,id_modelo,id_equipo) VALUES (27,94,'LM-GTE PRO','Normal',10,27);
INSERT INTO vehiculo(id,numero,categoria,tipo,id_modelo,id_equipo) VALUES (28,63,'LM-GTE PRO','Normal',12,28);
INSERT INTO vehiculo(id,numero,categoria,tipo,id_modelo,id_equipo) VALUES (29,92,'LM-GTE PRO','Normal',10,29);
INSERT INTO vehiculo(id,numero,categoria,tipo,id_modelo,id_equipo) VALUES (30,82,'LM-GTE PRO','Normal',13,30);
INSERT INTO vehiculo(id,numero,categoria,tipo,id_modelo,id_equipo) VALUES (31,56,'LM-GTE AM','Normal',10,31);
INSERT INTO vehiculo(id,numero,categoria,tipo,id_modelo,id_equipo) VALUES (32,84,'LM-GTE AM','Normal',14,32);
INSERT INTO vehiculo(id,numero,categoria,tipo,id_modelo,id_equipo) VALUES (33,62,'LM-GTE AM','Normal',14,33);
INSERT INTO vehiculo(id,numero,categoria,tipo,id_modelo,id_equipo) VALUES (34,77,'LM-GTE AM','Normal',10,34);
INSERT INTO vehiculo(id,numero,categoria,tipo,id_modelo,id_equipo) VALUES (35,57,'LM-GTE AM','Normal',14,35);
INSERT INTO vehiculo(id,numero,categoria,tipo,id_modelo,id_equipo) VALUES (36,78,'LM-GTE AM','Normal',10,36);
INSERT INTO vehiculo(id,numero,categoria,tipo,id_modelo,id_equipo) VALUES (37,61,'LM-GTE AM','Normal',14,37);
INSERT INTO vehiculo(id,numero,categoria,tipo,id_modelo,id_equipo) VALUES (38,86,'LM-GTE AM','Normal',10,38);
INSERT INTO vehiculo(id,numero,categoria,tipo,id_modelo,id_equipo) VALUES (39,83,'LM-GTE AM','Normal',14,39);
INSERT INTO vehiculo(id,numero,categoria,tipo,id_modelo,id_equipo) VALUES (40,89,'LM-GTE PRO','Normal',14,40);
INSERT INTO vehiculo(id,numero,categoria,tipo,id_modelo,id_equipo) VALUES (41,70,'LM-GTE AM','Normal',14,41);
INSERT INTO vehiculo(id,numero,categoria,tipo,id_modelo,id_equipo) VALUES (42,90,'LM-GTE AM','Normal',15,42);
INSERT INTO vehiculo(id,numero,categoria,tipo,id_modelo,id_equipo) VALUES (43,54,'LM-GTE AM','Normal',14,43);
INSERT INTO vehiculo(id,numero,categoria,tipo,id_modelo,id_equipo) VALUES (44,97,'LM-GTE PRO','Normal',15,44);
INSERT INTO vehiculo(id,numero,categoria,tipo,id_modelo,id_equipo) VALUES (45,34,'LM-P2','Normal',6,45);
INSERT INTO vehiculo(id,numero,categoria,tipo,id_modelo,id_equipo) VALUES (46,60,'LM-GTE AM','Normal',14,46);
INSERT INTO vehiculo(id,numero,categoria,tipo,id_modelo,id_equipo) VALUES (47,81,'LM-GTE PRO','Normal',13,47);
INSERT INTO vehiculo(id,numero,categoria,tipo,id_modelo,id_equipo) VALUES (48,43,'LM-P2','Normal',5,48);
INSERT INTO vehiculo(id,numero,categoria,tipo,id_modelo,id_equipo) VALUES (49,31,'LM-P2','Normal',5,49);
INSERT INTO vehiculo(id,numero,categoria,tipo,id_modelo,id_equipo) VALUES (50,37,'LM-P2','Normal',5,50);
INSERT INTO vehiculo(id,numero,categoria,tipo,id_modelo,id_equipo) VALUES (51,17,'LM-P1','Normal',2,51);
INSERT INTO vehiculo(id,numero,categoria,tipo,id_modelo,id_equipo) VALUES (52,4,'LM-P1','Normal',16,52);
INSERT INTO vehiculo(id,numero,categoria,tipo,id_modelo,id_equipo) VALUES (53,49,'LM-P2','Normal',6,53);
INSERT INTO vehiculo(id,numero,categoria,tipo,id_modelo,id_equipo) VALUES (54,71,'LM-GTE PRO','Normal',9,54);
INSERT INTO vehiculo(id,numero,categoria,tipo,id_modelo,id_equipo) VALUES (55,95,'LM-GTE PRO','Normal',15,55);
INSERT INTO vehiculo(id,numero,categoria,tipo,id_modelo,id_equipo) VALUES (56,98,'LM-GTE AM','Normal',15,56);
INSERT INTO vehiculo(id,numero,categoria,tipo,id_modelo,id_equipo) VALUES (57,64,'LM-GTE PRO','Normal',12,57);
INSERT INTO vehiculo(id,numero,categoria,tipo,id_modelo,id_equipo) VALUES (58,88,'LM-GTE AM','Normal',10,58);
INSERT INTO vehiculo(id,numero,categoria,tipo,id_modelo,id_equipo) VALUES (59,10,'LM-P1','Normal',2,59);
INSERT INTO vehiculo(id,numero,categoria,tipo,id_modelo,id_equipo) VALUES (60,68,'LM-GTE PRO','Normal',11,60);
INSERT INTO vehiculo(id,numero,categoria,tipo,id_modelo,id_equipo) VALUES (61,85,'LM-GTE AM','Normal',11,61);
INSERT INTO vehiculo(id,numero,categoria,tipo,id_modelo,id_equipo) VALUES (62,99,'LM-GTE AM','Normal',10,62);
INSERT INTO vehiculo(id,numero,categoria,tipo,id_modelo,id_equipo) VALUES (63,38,'LM-P2','Normal',5,63);
INSERT INTO vehiculo(id,numero,categoria,tipo,id_modelo,id_equipo) VALUES (64,31,'LM-P2','Normal',5,64);
INSERT INTO vehiculo(id,numero,categoria,tipo,id_modelo,id_equipo) VALUES (65,36,'LM-P2','Normal',4,65);
INSERT INTO vehiculo(id,numero,categoria,tipo,id_modelo,id_equipo) VALUES (66,28,'LM-P2','Normal',5,66);
INSERT INTO vehiculo(id,numero,categoria,tipo,id_modelo,id_equipo) VALUES (67,42,'LM-P2','Normal',5,67);
INSERT INTO vehiculo(id,numero,categoria,tipo,id_modelo,id_equipo) VALUES (68,50,'LM-P2','Normal',5,68);
INSERT INTO vehiculo(id,numero,categoria,tipo,id_modelo,id_equipo) VALUES (69,47,'LM-P2','Normal',8,69);
INSERT INTO vehiculo(id,numero,categoria,tipo,id_modelo,id_equipo) VALUES (70,17,'LM-P2','Normal',5,70);
INSERT INTO vehiculo(id,numero,categoria,tipo,id_modelo,id_equipo) VALUES (71,27,'LM-P2','Normal',5,71);
INSERT INTO vehiculo(id,numero,categoria,tipo,id_modelo,id_equipo) VALUES (72,32,'LM-P2','Normal',5,19);
INSERT INTO vehiculo(id,numero,categoria,tipo,id_modelo,id_equipo) VALUES (73,35,'LM-P2','Normal',6,72);
INSERT INTO vehiculo(id,numero,categoria,tipo,id_modelo,id_equipo) VALUES (74,29,'LM-P2','Normal',5,26);
INSERT INTO vehiculo(id,numero,categoria,tipo,id_modelo,id_equipo) VALUES (75,97,'LM-GTE PRO','Normal',17,44);
INSERT INTO vehiculo(id,numero,categoria,tipo,id_modelo,id_equipo) VALUES (76,82,'LM-GTE PRO','Normal',9,73);
INSERT INTO vehiculo(id,numero,categoria,tipo,id_modelo,id_equipo) VALUES (77,83,'LM-GTE AM','Normal',9,74);
INSERT INTO vehiculo(id,numero,categoria,tipo,id_modelo,id_equipo) VALUES (78,24,'LM-P2','Normal',5,75);
INSERT INTO vehiculo(id,numero,categoria,tipo,id_modelo,id_equipo) VALUES (79,66,'LM-GTE AM','Normal',9,76);
INSERT INTO vehiculo(id,numero,categoria,tipo,id_modelo,id_equipo) VALUES (80,91,'LM-GTE PRO','Normal',18,21);
INSERT INTO vehiculo(id,numero,categoria,tipo,id_modelo,id_equipo) VALUES (81,61,'LM-GTE AM','Normal',9,77);
INSERT INTO vehiculo(id,numero,categoria,tipo,id_modelo,id_equipo) VALUES (82,85,'LM-GTE AM','Normal',9,78);
INSERT INTO vehiculo(id,numero,categoria,tipo,id_modelo,id_equipo) VALUES (83,92,'LM-GTE PRO','Normal',18,29);
INSERT INTO vehiculo(id,numero,categoria,tipo,id_modelo,id_equipo) VALUES (84,60,'LM-GTE AM','Normal',9,79);
INSERT INTO vehiculo(id,numero,categoria,tipo,id_modelo,id_equipo) VALUES (85,54,'LM-GTE AM','Normal',9,80);
INSERT INTO vehiculo(id,numero,categoria,tipo,id_modelo,id_equipo) VALUES (86,57,'LM-GTE AM','Normal',10,81);
INSERT INTO vehiculo(id,numero,categoria,tipo,id_modelo,id_equipo) VALUES (87,62,'LM-GTE AM','Normal',9,82);
INSERT INTO vehiculo(id,numero,categoria,tipo,id_modelo,id_equipo) VALUES (88,89,'LM-GTE AM','Normal',10,83);
INSERT INTO vehiculo(id,numero,categoria,tipo,id_modelo,id_equipo) VALUES (89,39,'LM-P2','Normal',5,84);
INSERT INTO vehiculo(id,numero,categoria,tipo,id_modelo,id_equipo) VALUES (90,72,'LM-GTE AM','Normal',9,85);
INSERT INTO vehiculo(id,numero,categoria,tipo,id_modelo,id_equipo) VALUES (92,75,'LM-GTE AM','Normal',9,87);
INSERT INTO vehiculo(id,numero,categoria,tipo,id_modelo,id_equipo) VALUES (93,21,'LM-P2','Normal',5,88);
INSERT INTO vehiculo(id,numero,categoria,tipo,id_modelo,id_equipo) VALUES (94,63,'LM-GTE AM','Normal',9,89);
INSERT INTO vehiculo(id,numero,categoria,tipo,id_modelo,id_equipo) VALUES (95,16,'LM-P2','Normal',5,90);
INSERT INTO vehiculo(id,numero,categoria,tipo,id_modelo,id_equipo) VALUES (96,30,'LM-P2','Normal',5,91);
INSERT INTO vehiculo(id,numero,categoria,tipo,id_modelo,id_equipo) VALUES (97,33,'LM-P2','Normal',5,92);
INSERT INTO vehiculo(id,numero,categoria,tipo,id_modelo,id_equipo) VALUES (98,52,'LM-GTE AM','Normal',9,93);
INSERT INTO vehiculo(id,numero,categoria,tipo,id_modelo,id_equipo) VALUES (99,55,'LM-GTE AM','Normal',9,94);
INSERT INTO vehiculo(id,numero,categoria,tipo,id_modelo,id_equipo) VALUES (100,11,'LM-P2','Normal',6,95);
INSERT INTO vehiculo(id,numero,categoria,tipo,id_modelo,id_equipo) VALUES (101,37,'LM-P2','Normal',5,96);
INSERT INTO vehiculo(id,numero,categoria,tipo,id_modelo,id_equipo) VALUES (102,22,'LM-P2','Normal',5,9);


--Ranking Ensayo
INSERT INTO ranking(id,posicion,vueltas,fecha,id_equipo,id_vehiculo,id_evento) VALUES (1,2,50,to_date('15-05-2019','DD-MM-YYYY'),1,1,1);
INSERT INTO ranking(id,posicion,vueltas,fecha,id_equipo,id_vehiculo,id_evento) VALUES (2,1,50,to_date('15-05-2019','DD-MM-YYYY'),2,2,1);
INSERT INTO ranking(id,posicion,vueltas,fecha,id_equipo,id_vehiculo,id_evento) VALUES (3,5,50,to_date('15-05-2019','DD-MM-YYYY'),3,3,1);
INSERT INTO ranking(id,posicion,vueltas,fecha,id_equipo,id_vehiculo,id_evento) VALUES (4,6,50,to_date('15-05-2019','DD-MM-YYYY'),4,4,1);
INSERT INTO ranking(id,posicion,vueltas,fecha,id_equipo,id_vehiculo,id_evento) VALUES (5,4,50,to_date('15-05-2019','DD-MM-YYYY'),5,5,1);
INSERT INTO ranking(id,posicion,vueltas,fecha,id_equipo,id_vehiculo,id_evento) VALUES (6,11,50,to_date('15-05-2019','DD-MM-YYYY'),6,6,1);
INSERT INTO ranking(id,posicion,vueltas,fecha,id_equipo,id_vehiculo,id_evento) VALUES (7,15,50,to_date('15-05-2019','DD-MM-YYYY'),7,7,1);
INSERT INTO ranking(id,posicion,vueltas,fecha,id_equipo,id_vehiculo,id_evento) VALUES (8,9,50,to_date('15-05-2019','DD-MM-YYYY'),8,8,1);
INSERT INTO ranking(id,posicion,vueltas,fecha,id_equipo,id_vehiculo,id_evento) VALUES (9,14,50,to_date('15-05-2019','DD-MM-YYYY'),9,9,1);
INSERT INTO ranking(id,posicion,vueltas,fecha,id_equipo,id_vehiculo,id_evento) VALUES (10,12,50,to_date('15-05-2019','DD-MM-YYYY'),10,10,1);
INSERT INTO ranking(id,posicion,vueltas,fecha,id_equipo,id_vehiculo,id_evento) VALUES (11,13,50,to_date('15-05-2019','DD-MM-YYYY'),11,11,1);
INSERT INTO ranking(id,posicion,vueltas,fecha,id_equipo,id_vehiculo,id_evento) VALUES (12,21,50,to_date('15-05-2019','DD-MM-YYYY'),12,12,1);
INSERT INTO ranking(id,posicion,vueltas,fecha,id_equipo,id_vehiculo,id_evento) VALUES (13,19,50,to_date('15-05-2019','DD-MM-YYYY'),13,13,1);
INSERT INTO ranking(id,posicion,vueltas,fecha,id_equipo,id_vehiculo,id_evento) VALUES (14,22,50,to_date('15-05-2019','DD-MM-YYYY'),14,14,1);
INSERT INTO ranking(id,posicion,vueltas,fecha,id_equipo,id_vehiculo,id_evento) VALUES (15,23,50,to_date('15-05-2019','DD-MM-YYYY'),15,15,1);
INSERT INTO ranking(id,posicion,vueltas,fecha,id_equipo,id_vehiculo,id_evento) VALUES (16,18,50,to_date('15-05-2019','DD-MM-YYYY'),16,16,1);
INSERT INTO ranking(id,posicion,vueltas,fecha,id_equipo,id_vehiculo,id_evento) VALUES (17,28,50,to_date('15-05-2019','DD-MM-YYYY'),17,17,1);
INSERT INTO ranking(id,posicion,vueltas,fecha,id_equipo,id_vehiculo,id_evento) VALUES (18,25,50,to_date('15-05-2019','DD-MM-YYYY'),18,18,1);
INSERT INTO ranking(id,posicion,vueltas,fecha,id_equipo,id_vehiculo,id_evento) VALUES (19,17,50,to_date('15-05-2019','DD-MM-YYYY'),19,19,1);
INSERT INTO ranking(id,posicion,vueltas,fecha,id_equipo,id_vehiculo,id_evento) VALUES (20,40,50,to_date('15-05-2019','DD-MM-YYYY'),20,20,1);
INSERT INTO ranking(id,posicion,vueltas,fecha,id_equipo,id_vehiculo,id_evento) VALUES (21,41,50,to_date('15-05-2019','DD-MM-YYYY'),21,21,1);
INSERT INTO ranking(id,posicion,vueltas,fecha,id_equipo,id_vehiculo,id_evento) VALUES (22,32,50,to_date('15-05-2019','DD-MM-YYYY'),22,22,1);
INSERT INTO ranking(id,posicion,vueltas,fecha,id_equipo,id_vehiculo,id_evento) VALUES (23,30,50,to_date('15-05-2019','DD-MM-YYYY'),23,23,1);
INSERT INTO ranking(id,posicion,vueltas,fecha,id_equipo,id_vehiculo,id_evento) VALUES (24,38,50,to_date('15-05-2019','DD-MM-YYYY'),24,24,1);
INSERT INTO ranking(id,posicion,vueltas,fecha,id_equipo,id_vehiculo,id_evento) VALUES (25,37,50,to_date('15-05-2019','DD-MM-YYYY'),25,25,1);
INSERT INTO ranking(id,posicion,vueltas,fecha,id_equipo,id_vehiculo,id_evento) VALUES (26,16,50,to_date('15-05-2019','DD-MM-YYYY'),26,26,1);
INSERT INTO ranking(id,posicion,vueltas,fecha,id_equipo,id_vehiculo,id_evento) VALUES (27,43,50,to_date('15-05-2019','DD-MM-YYYY'),27,27,1);
INSERT INTO ranking(id,posicion,vueltas,fecha,id_equipo,id_vehiculo,id_evento) VALUES (28,31,50,to_date('15-05-2019','DD-MM-YYYY'),28,28,1);
INSERT INTO ranking(id,posicion,vueltas,fecha,id_equipo,id_vehiculo,id_evento) VALUES (29,35,50,to_date('15-05-2019','DD-MM-YYYY'),29,29,1);
INSERT INTO ranking(id,posicion,vueltas,fecha,id_equipo,id_vehiculo,id_evento) VALUES (30,33,50,to_date('15-05-2019','DD-MM-YYYY'),30,30,1);
INSERT INTO ranking(id,posicion,vueltas,fecha,id_equipo,id_vehiculo,id_evento) VALUES (31,51,50,to_date('15-05-2019','DD-MM-YYYY'),31,31,1);
INSERT INTO ranking(id,posicion,vueltas,fecha,id_equipo,id_vehiculo,id_evento) VALUES (32,49,50,to_date('15-05-2019','DD-MM-YYYY'),32,32,1);
INSERT INTO ranking(id,posicion,vueltas,fecha,id_equipo,id_vehiculo,id_evento) VALUES (33,58,50,to_date('15-05-2019','DD-MM-YYYY'),33,33,1);
INSERT INTO ranking(id,posicion,vueltas,fecha,id_equipo,id_vehiculo,id_evento) VALUES (34,47,50,to_date('15-05-2019','DD-MM-YYYY'),34,34,1);
INSERT INTO ranking(id,posicion,vueltas,fecha,id_equipo,id_vehiculo,id_evento) VALUES (35,53,50,to_date('15-05-2019','DD-MM-YYYY'),35,35,1);
INSERT INTO ranking(id,posicion,vueltas,fecha,id_equipo,id_vehiculo,id_evento) VALUES (36,50,50,to_date('15-05-2019','DD-MM-YYYY'),36,36,1);
INSERT INTO ranking(id,posicion,vueltas,fecha,id_equipo,id_vehiculo,id_evento) VALUES (37,61,50,to_date('15-05-2019','DD-MM-YYYY'),37,37,1);
INSERT INTO ranking(id,posicion,vueltas,fecha,id_equipo,id_vehiculo,id_evento) VALUES (38,48,50,to_date('15-05-2019','DD-MM-YYYY'),38,38,1);
INSERT INTO ranking(id,posicion,vueltas,fecha,id_equipo,id_vehiculo,id_evento) VALUES (39,60,50,to_date('15-05-2019','DD-MM-YYYY'),39,39,1);
INSERT INTO ranking(id,posicion,vueltas,fecha,id_equipo,id_vehiculo,id_evento) VALUES (40,46,50,to_date('15-05-2019','DD-MM-YYYY'),40,40,1);
INSERT INTO ranking(id,posicion,vueltas,fecha,id_equipo,id_vehiculo,id_evento) VALUES (41,59,50,to_date('15-05-2019','DD-MM-YYYY'),41,41,1);
INSERT INTO ranking(id,posicion,vueltas,fecha,id_equipo,id_vehiculo,id_evento) VALUES (42,57,50,to_date('15-05-2019','DD-MM-YYYY'),42,42,1);
INSERT INTO ranking(id,posicion,vueltas,fecha,id_equipo,id_vehiculo,id_evento) VALUES (43,52,50,to_date('15-05-2019','DD-MM-YYYY'),43,43,1);
INSERT INTO ranking(id,posicion,vueltas,fecha,id_equipo,id_vehiculo,id_evento) VALUES (44,42,50,to_date('15-05-2019','DD-MM-YYYY'),44,44,1);
INSERT INTO ranking(id,posicion,vueltas,fecha,id_equipo,id_vehiculo,id_evento) VALUES (45,26,50,to_date('15-05-2019','DD-MM-YYYY'),45,45,1);
INSERT INTO ranking(id,posicion,vueltas,fecha,id_equipo,id_vehiculo,id_evento) VALUES (46,55,50,to_date('15-05-2019','DD-MM-YYYY'),46,46,1);
INSERT INTO ranking(id,posicion,vueltas,fecha,id_equipo,id_vehiculo,id_evento) VALUES (47,44,50,to_date('15-05-2019','DD-MM-YYYY'),47,47,1);
INSERT INTO ranking(id,posicion,vueltas,fecha,id_equipo,id_vehiculo,id_evento) VALUES (48,24,50,to_date('15-05-2019','DD-MM-YYYY'),48,48,1);
INSERT INTO ranking(id,posicion,vueltas,fecha,id_equipo,id_vehiculo,id_evento) VALUES (49,10,50,to_date('15-05-2019','DD-MM-YYYY'),49,49,1);
INSERT INTO ranking(id,posicion,vueltas,fecha,id_equipo,id_vehiculo,id_evento) VALUES (50,20,50,to_date('15-05-2019','DD-MM-YYYY'),50,50,1);
INSERT INTO ranking(id,posicion,vueltas,fecha,id_equipo,id_vehiculo,id_evento) VALUES (51,3,50,to_date('15-05-2019','DD-MM-YYYY'),51,51,1);
INSERT INTO ranking(id,posicion,vueltas,fecha,id_equipo,id_vehiculo,id_evento) VALUES (52,8,50,to_date('15-05-2019','DD-MM-YYYY'),52,52,1);
INSERT INTO ranking(id,posicion,vueltas,fecha,id_equipo,id_vehiculo,id_evento) VALUES (53,27,50,to_date('15-05-2019','DD-MM-YYYY'),53,53,1);
INSERT INTO ranking(id,posicion,vueltas,fecha,id_equipo,id_vehiculo,id_evento) VALUES (54,36,50,to_date('15-05-2019','DD-MM-YYYY'),54,54,1);
INSERT INTO ranking(id,posicion,vueltas,fecha,id_equipo,id_vehiculo,id_evento) VALUES (55,29,50,to_date('15-05-2019','DD-MM-YYYY'),55,55,1);
INSERT INTO ranking(id,posicion,vueltas,fecha,id_equipo,id_vehiculo,id_evento) VALUES (56,56,50,to_date('15-05-2019','DD-MM-YYYY'),56,56,1);
INSERT INTO ranking(id,posicion,vueltas,fecha,id_equipo,id_vehiculo,id_evento) VALUES (57,39,50,to_date('15-05-2019','DD-MM-YYYY'),57,57,1);
INSERT INTO ranking(id,posicion,vueltas,fecha,id_equipo,id_vehiculo,id_evento) VALUES (58,45,50,to_date('15-05-2019','DD-MM-YYYY'),58,58,1);
INSERT INTO ranking(id,posicion,vueltas,fecha,id_equipo,id_vehiculo,id_evento) VALUES (59,7,50,to_date('15-05-2019','DD-MM-YYYY'),59,59,1);
INSERT INTO ranking(id,posicion,vueltas,fecha,id_equipo,id_vehiculo,id_evento) VALUES (60,34,50,to_date('15-05-2019','DD-MM-YYYY'),60,60,1);
INSERT INTO ranking(id,posicion,vueltas,fecha,id_equipo,id_vehiculo,id_evento) VALUES (61,54,50,to_date('15-05-2019','DD-MM-YYYY'),61,61,1);
INSERT INTO ranking(id,posicion,vueltas,fecha,id_equipo,id_vehiculo,id_evento) VALUES (62,0,50,to_date('15-05-2019','DD-MM-YYYY'),62,62,1);
INSERT INTO ranking(id,posicion,vueltas,fecha,id_equipo,id_vehiculo,id_evento) VALUES (125,3,50,to_date('19-07-2020','DD-MM-YYYY'),1,1,3);
INSERT INTO ranking(id,posicion,vueltas,fecha,id_equipo,id_vehiculo,id_evento) VALUES (126,2,50,to_date('19-07-2020','DD-MM-YYYY'),4,4,3);
INSERT INTO ranking(id,posicion,vueltas,fecha,id_equipo,id_vehiculo,id_evento) VALUES (127,1,50,to_date('19-07-2020','DD-MM-YYYY'),2,2,3);
INSERT INTO ranking(id,posicion,vueltas,fecha,id_equipo,id_vehiculo,id_evento) VALUES (128,4,50,to_date('19-07-2020','DD-MM-YYYY'),5,5,3);
INSERT INTO ranking(id,posicion,vueltas,fecha,id_equipo,id_vehiculo,id_evento) VALUES (129,6,50,to_date('19-07-2020','DD-MM-YYYY'),9,102,3);
INSERT INTO ranking(id,posicion,vueltas,fecha,id_equipo,id_vehiculo,id_evento) VALUES (130,12,50,to_date('19-07-2020','DD-MM-YYYY'),63,63,3);
INSERT INTO ranking(id,posicion,vueltas,fecha,id_equipo,id_vehiculo,id_evento) VALUES (131,14,50,to_date('19-07-2020','DD-MM-YYYY'),64,64,3);
INSERT INTO ranking(id,posicion,vueltas,fecha,id_equipo,id_vehiculo,id_evento) VALUES (132,15,50,to_date('19-07-2020','DD-MM-YYYY'),65,65,3);
INSERT INTO ranking(id,posicion,vueltas,fecha,id_equipo,id_vehiculo,id_evento) VALUES (133,7,50,to_date('19-07-2020','DD-MM-YYYY'),11,11,3);
INSERT INTO ranking(id,posicion,vueltas,fecha,id_equipo,id_vehiculo,id_evento) VALUES (134,58,50,to_date('19-07-2020','DD-MM-YYYY'),66,66,3);
INSERT INTO ranking(id,posicion,vueltas,fecha,id_equipo,id_vehiculo,id_evento) VALUES (135,20,50,to_date('19-07-2020','DD-MM-YYYY'),15,15,3);
INSERT INTO ranking(id,posicion,vueltas,fecha,id_equipo,id_vehiculo,id_evento) VALUES (136,17,50,to_date('19-07-2020','DD-MM-YYYY'),67,67,3);
INSERT INTO ranking(id,posicion,vueltas,fecha,id_equipo,id_vehiculo,id_evento) VALUES (137,25,50,to_date('19-07-2020','DD-MM-YYYY'),68,68,3);
INSERT INTO ranking(id,posicion,vueltas,fecha,id_equipo,id_vehiculo,id_evento) VALUES (138,22,50,to_date('19-07-2020','DD-MM-YYYY'),69,69,3);
INSERT INTO ranking(id,posicion,vueltas,fecha,id_equipo,id_vehiculo,id_evento) VALUES (139,59,50,to_date('19-07-2020','DD-MM-YYYY'),70,70,3);
INSERT INTO ranking(id,posicion,vueltas,fecha,id_equipo,id_vehiculo,id_evento) VALUES (140,16,50,to_date('19-07-2020','DD-MM-YYYY'),71,71,3);
INSERT INTO ranking(id,posicion,vueltas,fecha,id_equipo,id_vehiculo,id_evento) VALUES (141,10,50,to_date('19-07-2020','DD-MM-YYYY'),19,72,3);
INSERT INTO ranking(id,posicion,vueltas,fecha,id_equipo,id_vehiculo,id_evento) VALUES (142,23,50,to_date('19-07-2020','DD-MM-YYYY'),72,73,3);
INSERT INTO ranking(id,posicion,vueltas,fecha,id_equipo,id_vehiculo,id_evento) VALUES (143,8,50,to_date('19-07-2020','DD-MM-YYYY'),26,74,3);
INSERT INTO ranking(id,posicion,vueltas,fecha,id_equipo,id_vehiculo,id_evento) VALUES (144,31,50,to_date('19-07-2020','DD-MM-YYYY'),44,75,3);
INSERT INTO ranking(id,posicion,vueltas,fecha,id_equipo,id_vehiculo,id_evento) VALUES (145,29,50,to_date('19-07-2020','DD-MM-YYYY'),20,20,3);
INSERT INTO ranking(id,posicion,vueltas,fecha,id_equipo,id_vehiculo,id_evento) VALUES (146,30,50,to_date('19-07-2020','DD-MM-YYYY'),55,55,3);
INSERT INTO ranking(id,posicion,vueltas,fecha,id_equipo,id_vehiculo,id_evento) VALUES (147,35,50,to_date('19-07-2020','DD-MM-YYYY'),73,76,3);
INSERT INTO ranking(id,posicion,vueltas,fecha,id_equipo,id_vehiculo,id_evento) VALUES (148,40,50,to_date('19-07-2020','DD-MM-YYYY'),42,42,3);
INSERT INTO ranking(id,posicion,vueltas,fecha,id_equipo,id_vehiculo,id_evento) VALUES (149,37,50,to_date('19-07-2020','DD-MM-YYYY'),34,34,3);
INSERT INTO ranking(id,posicion,vueltas,fecha,id_equipo,id_vehiculo,id_evento) VALUES (150,42,50,to_date('19-07-2020','DD-MM-YYYY'),74,77,3);
INSERT INTO ranking(id,posicion,vueltas,fecha,id_equipo,id_vehiculo,id_evento) VALUES (151,38,50,to_date('19-07-2020','DD-MM-YYYY'),31,31,3);
INSERT INTO ranking(id,posicion,vueltas,fecha,id_equipo,id_vehiculo,id_evento) VALUES (152,24,50,to_date('19-07-2020','DD-MM-YYYY'),75,78,3);
INSERT INTO ranking(id,posicion,vueltas,fecha,id_equipo,id_vehiculo,id_evento) VALUES (153,41,50,to_date('19-07-2020','DD-MM-YYYY'),38,38,3);
INSERT INTO ranking(id,posicion,vueltas,fecha,id_equipo,id_vehiculo,id_evento) VALUES (154,51,50,to_date('19-07-2020','DD-MM-YYYY'),76,79,3);
INSERT INTO ranking(id,posicion,vueltas,fecha,id_equipo,id_vehiculo,id_evento) VALUES (155,28,50,to_date('19-07-2020','DD-MM-YYYY'),21,80,3);
INSERT INTO ranking(id,posicion,vueltas,fecha,id_equipo,id_vehiculo,id_evento) VALUES (156,36,50,to_date('19-07-2020','DD-MM-YYYY'),77,81,3);
INSERT INTO ranking(id,posicion,vueltas,fecha,id_equipo,id_vehiculo,id_evento) VALUES (157,39,50,to_date('19-07-2020','DD-MM-YYYY'),56,56,3);
INSERT INTO ranking(id,posicion,vueltas,fecha,id_equipo,id_vehiculo,id_evento) VALUES (158,53,50,to_date('19-07-2020','DD-MM-YYYY'),78,82,3);
INSERT INTO ranking(id,posicion,vueltas,fecha,id_equipo,id_vehiculo,id_evento) VALUES (159,33,50,to_date('19-07-2020','DD-MM-YYYY'),29,83,3);
INSERT INTO ranking(id,posicion,vueltas,fecha,id_equipo,id_vehiculo,id_evento) VALUES (160,43,50,to_date('19-07-2020','DD-MM-YYYY'),62,62,3);
INSERT INTO ranking(id,posicion,vueltas,fecha,id_equipo,id_vehiculo,id_evento) VALUES (161,54,50,to_date('19-07-2020','DD-MM-YYYY'),79,84,3);
INSERT INTO ranking(id,posicion,vueltas,fecha,id_equipo,id_vehiculo,id_evento) VALUES (162,52,50,to_date('19-07-2020','DD-MM-YYYY'),36,36,3);
INSERT INTO ranking(id,posicion,vueltas,fecha,id_equipo,id_vehiculo,id_evento) VALUES (163,45,50,to_date('19-07-2020','DD-MM-YYYY'),80,85,3);
INSERT INTO ranking(id,posicion,vueltas,fecha,id_equipo,id_vehiculo,id_evento) VALUES (164,44,50,to_date('19-07-2020','DD-MM-YYYY'),81,86,3);
INSERT INTO ranking(id,posicion,vueltas,fecha,id_equipo,id_vehiculo,id_evento) VALUES (165,55,50,to_date('19-07-2020','DD-MM-YYYY'),82,87,3);
INSERT INTO ranking(id,posicion,vueltas,fecha,id_equipo,id_vehiculo,id_evento) VALUES (166,26,50,to_date('19-07-2020','DD-MM-YYYY'),45,45,3);
INSERT INTO ranking(id,posicion,vueltas,fecha,id_equipo,id_vehiculo,id_evento) VALUES (167,56,50,to_date('19-07-2020','DD-MM-YYYY'),83,88,3);
INSERT INTO ranking(id,posicion,vueltas,fecha,id_equipo,id_vehiculo,id_evento) VALUES (168,18,50,to_date('19-07-2020','DD-MM-YYYY'),84,89,3);
INSERT INTO ranking(id,posicion,vueltas,fecha,id_equipo,id_vehiculo,id_evento) VALUES (169,35,50,to_date('19-07-2020','DD-MM-YYYY'),54,54,3);
INSERT INTO ranking(id,posicion,vueltas,fecha,id_equipo,id_vehiculo,id_evento) VALUES (170,48,50,to_date('19-07-2020','DD-MM-YYYY'),85,90,3);
INSERT INTO ranking(id,posicion,vueltas,fecha,id_equipo,id_vehiculo,id_evento) VALUES (171,46,50,to_date('19-07-2020','DD-MM-YYYY'),58,58,3);
INSERT INTO ranking(id,posicion,vueltas,fecha,id_equipo,id_vehiculo,id_evento) VALUES (172,50,50,to_date('19-07-2020','DD-MM-YYYY'),87,92,3);
INSERT INTO ranking(id,posicion,vueltas,fecha,id_equipo,id_vehiculo,id_evento) VALUES (173,21,50,to_date('19-07-2020','DD-MM-YYYY'),88,93,3);
INSERT INTO ranking(id,posicion,vueltas,fecha,id_equipo,id_vehiculo,id_evento) VALUES (174,34,50,to_date('19-07-2020','DD-MM-YYYY'),89,94,3);
INSERT INTO ranking(id,posicion,vueltas,fecha,id_equipo,id_vehiculo,id_evento) VALUES (175,47,50,to_date('19-07-2020','DD-MM-YYYY'),41,41,3);
INSERT INTO ranking(id,posicion,vueltas,fecha,id_equipo,id_vehiculo,id_evento) VALUES (176,13,50,to_date('19-07-2020','DD-MM-YYYY'),90,95,3);
INSERT INTO ranking(id,posicion,vueltas,fecha,id_equipo,id_vehiculo,id_evento) VALUES (177,19,50,to_date('19-07-2020','DD-MM-YYYY'),91,96,3);
INSERT INTO ranking(id,posicion,vueltas,fecha,id_equipo,id_vehiculo,id_evento) VALUES (178,5,50,to_date('19-07-2020','DD-MM-YYYY'),52,52,3);
INSERT INTO ranking(id,posicion,vueltas,fecha,id_equipo,id_vehiculo,id_evento) VALUES (179,9,50,to_date('19-07-2020','DD-MM-YYYY'),92,97,3);
INSERT INTO ranking(id,posicion,vueltas,fecha,id_equipo,id_vehiculo,id_evento) VALUES (180,57,50,to_date('19-07-2020','DD-MM-YYYY'),93,98,3);
INSERT INTO ranking(id,posicion,vueltas,fecha,id_equipo,id_vehiculo,id_evento) VALUES (181,49,50,to_date('19-07-2020','DD-MM-YYYY'),94,99,3);
INSERT INTO ranking(id,posicion,vueltas,fecha,id_equipo,id_vehiculo,id_evento) VALUES (182,27,50,to_date('19-07-2020','DD-MM-YYYY'),95,100,3);
INSERT INTO ranking(id,posicion,vueltas,fecha,id_equipo,id_vehiculo,id_evento) VALUES (183,11,50,to_date('19-07-2020','DD-MM-YYYY'),96,101,3);


--Ranking Carrera
INSERT INTO ranking(id,posicion,kilometraje,vueltas,fecha,id_equipo,id_vehiculo,id_evento) VALUES (63,1,5245.638,385,to_date('15-06-2019','DD-MM-YYYY'),1,1,2);
INSERT INTO ranking(id,posicion,kilometraje,vueltas,fecha,id_equipo,id_vehiculo,id_evento) VALUES (64,2,5244.338,385,to_date('15-06-2019','DD-MM-YYYY'),2,2,2);
INSERT INTO ranking(id,posicion,kilometraje,vueltas,fecha,id_equipo,id_vehiculo,id_evento) VALUES (65,3,5161.39,379,to_date('15-06-2019','DD-MM-YYYY'),3,3,2);
INSERT INTO ranking(id,posicion,kilometraje,vueltas,fecha,id_equipo,id_vehiculo,id_evento) VALUES (66,4,5116.739,376,to_date('15-06-2019','DD-MM-YYYY'),4,4,2);
INSERT INTO ranking(id,posicion,kilometraje,vueltas,fecha,id_equipo,id_vehiculo,id_evento) VALUES (67,5,5036.754,370,to_date('15-06-2019','DD-MM-YYYY'),5,5,2);
INSERT INTO ranking(id,posicion,kilometraje,vueltas,fecha,id_equipo,id_vehiculo,id_evento) VALUES (68,6,5005.652,368,to_date('15-06-2019','DD-MM-YYYY'),6,6,2);
INSERT INTO ranking(id,posicion,kilometraje,vueltas,fecha,id_equipo,id_vehiculo,id_evento) VALUES (69,7,4996.584,367,to_date('15-06-2019','DD-MM-YYYY'),7,7,2);
INSERT INTO ranking(id,posicion,kilometraje,vueltas,fecha,id_equipo,id_vehiculo,id_evento) VALUES (70,8,4984.77,366,to_date('15-06-2019','DD-MM-YYYY'),8,8,2);
INSERT INTO ranking(id,posicion,kilometraje,vueltas,fecha,id_equipo,id_vehiculo,id_evento) VALUES (71,9,4970.38,365,to_date('15-06-2019','DD-MM-YYYY'),9,9,2);
INSERT INTO ranking(id,posicion,kilometraje,vueltas,fecha,id_equipo,id_vehiculo,id_evento) VALUES (72,10,4957.831,364,to_date('15-06-2019','DD-MM-YYYY'),10,10,2);
INSERT INTO ranking(id,posicion,kilometraje,vueltas,fecha,id_equipo,id_vehiculo,id_evento) VALUES (73,11,4956.406,364,to_date('15-06-2019','DD-MM-YYYY'),11,11,2);
INSERT INTO ranking(id,posicion,kilometraje,vueltas,fecha,id_equipo,id_vehiculo,id_evento) VALUES (74,12,4994.589,363,to_date('15-06-2019','DD-MM-YYYY'),12,12,2);
INSERT INTO ranking(id,posicion,kilometraje,vueltas,fecha,id_equipo,id_vehiculo,id_evento) VALUES (75,13,4931.516,362,to_date('15-06-2019','DD-MM-YYYY'),13,13,2);
INSERT INTO ranking(id,posicion,kilometraje,vueltas,fecha,id_equipo,id_vehiculo,id_evento) VALUES (76,14,4931.463,362,to_date('15-06-2019','DD-MM-YYYY'),14,14,2);
INSERT INTO ranking(id,posicion,kilometraje,vueltas,fecha,id_equipo,id_vehiculo,id_evento) VALUES (77,15,4852.561,357,to_date('15-06-2019','DD-MM-YYYY'),15,15,2);
INSERT INTO ranking(id,posicion,kilometraje,vueltas,fecha,id_equipo,id_vehiculo,id_evento) VALUES (78,16,4840.79,356,to_date('15-06-2019','DD-MM-YYYY'),16,16,2);
INSERT INTO ranking(id,posicion,kilometraje,vueltas,fecha,id_equipo,id_vehiculo,id_evento) VALUES (79,17,4832.496,355,to_date('15-06-2019','DD-MM-YYYY'),17,17,2);
INSERT INTO ranking(id,posicion,kilometraje,vueltas,fecha,id_equipo,id_vehiculo,id_evento) VALUES (80,18,4787.769,352,to_date('15-06-2019','DD-MM-YYYY'),18,18,2);
INSERT INTO ranking(id,posicion,kilometraje,vueltas,fecha,id_equipo,id_vehiculo,id_evento) VALUES (81,19,4740.558,348,to_date('15-06-2019','DD-MM-YYYY'),19,19,2);
INSERT INTO ranking(id,posicion,kilometraje,vueltas,fecha,id_equipo,id_vehiculo,id_evento) VALUES (82,20,4658.503,342,to_date('15-06-2019','DD-MM-YYYY'),20,20,2);
INSERT INTO ranking(id,posicion,kilometraje,vueltas,fecha,id_equipo,id_vehiculo,id_evento) VALUES (83,21,4655.853,342,to_date('15-06-2019','DD-MM-YYYY'),21,21,2);
INSERT INTO ranking(id,posicion,kilometraje,vueltas,fecha,id_equipo,id_vehiculo,id_evento) VALUES (84,22,4654.886,342,to_date('15-06-2019','DD-MM-YYYY'),22,22,2);
INSERT INTO ranking(id,posicion,kilometraje,vueltas,fecha,id_equipo,id_vehiculo,id_evento) VALUES (85,23,4647.58,342,to_date('15-06-2019','DD-MM-YYYY'),23,23,2);
INSERT INTO ranking(id,posicion,kilometraje,vueltas,fecha,id_equipo,id_vehiculo,id_evento) VALUES (86,24,4639.353,341,to_date('15-06-2019','DD-MM-YYYY'),24,24,2);
INSERT INTO ranking(id,posicion,kilometraje,vueltas,fecha,id_equipo,id_vehiculo,id_evento) VALUES (87,25,4630.096,340,to_date('15-06-2019','DD-MM-YYYY'),25,25,2);
INSERT INTO ranking(id,posicion,kilometraje,vueltas,fecha,id_equipo,id_vehiculo,id_evento) VALUES (88,26,4623.822,340,to_date('15-06-2019','DD-MM-YYYY'),26,26,2);
INSERT INTO ranking(id,posicion,kilometraje,vueltas,fecha,id_equipo,id_vehiculo,id_evento) VALUES (89,27,4671.367,339,to_date('15-06-2019','DD-MM-YYYY'),27,27,2);
INSERT INTO ranking(id,posicion,kilometraje,vueltas,fecha,id_equipo,id_vehiculo,id_evento) VALUES (90,28,4585.702,337,to_date('15-06-2019','DD-MM-YYYY'),28,28,2);
INSERT INTO ranking(id,posicion,kilometraje,vueltas,fecha,id_equipo,id_vehiculo,id_evento) VALUES (91,29,4579.504,337,to_date('15-06-2019','DD-MM-YYYY'),29,29,2);
INSERT INTO ranking(id,posicion,kilometraje,vueltas,fecha,id_equipo,id_vehiculo,id_evento) VALUES (92,30,4563.296,335,to_date('15-06-2019','DD-MM-YYYY'),30,30,2);
INSERT INTO ranking(id,posicion,kilometraje,vueltas,fecha,id_equipo,id_vehiculo,id_evento) VALUES (93,31,4541.358,334,to_date('15-06-2019','DD-MM-YYYY'),31,31,2);
INSERT INTO ranking(id,posicion,kilometraje,vueltas,fecha,id_equipo,id_vehiculo,id_evento) VALUES (94,32,4539.041,334,to_date('15-06-2019','DD-MM-YYYY'),32,32,2);
INSERT INTO ranking(id,posicion,kilometraje,vueltas,fecha,id_equipo,id_vehiculo,id_evento) VALUES (95,33,4527.742,333,to_date('15-06-2019','DD-MM-YYYY'),33,33,2);
INSERT INTO ranking(id,posicion,kilometraje,vueltas,fecha,id_equipo,id_vehiculo,id_evento) VALUES (96,34,4523.213,332,to_date('15-06-2019','DD-MM-YYYY'),34,34,2);
INSERT INTO ranking(id,posicion,kilometraje,vueltas,fecha,id_equipo,id_vehiculo,id_evento) VALUES (97,35,4516.876,332,to_date('15-06-2019','DD-MM-YYYY'),35,35,2);
INSERT INTO ranking(id,posicion,kilometraje,vueltas,fecha,id_equipo,id_vehiculo,id_evento) VALUES (98,36,4514.351,332,to_date('15-06-2019','DD-MM-YYYY'),36,36,2);
INSERT INTO ranking(id,posicion,kilometraje,vueltas,fecha,id_equipo,id_vehiculo,id_evento) VALUES (99,37,4504.571,331,to_date('15-06-2019','DD-MM-YYYY'),37,37,2);
INSERT INTO ranking(id,posicion,kilometraje,vueltas,fecha,id_equipo,id_vehiculo,id_evento) VALUES (100,38,4501.144,331,to_date('15-06-2019','DD-MM-YYYY'),38,38,2);
INSERT INTO ranking(id,posicion,kilometraje,vueltas,fecha,id_equipo,id_vehiculo,id_evento) VALUES (101,39,4483.824,330,to_date('15-06-2019','DD-MM-YYYY'),39,39,2);
INSERT INTO ranking(id,posicion,kilometraje,vueltas,fecha,id_equipo,id_vehiculo,id_evento) VALUES (102,40,4474.486,329,to_date('15-06-2019','DD-MM-YYYY'),40,40,2);
INSERT INTO ranking(id,posicion,kilometraje,vueltas,fecha,id_equipo,id_vehiculo,id_evento) VALUES (103,41,4457.396,328,to_date('15-06-2019','DD-MM-YYYY'),41,41,2);
INSERT INTO ranking(id,posicion,kilometraje,vueltas,fecha,id_equipo,id_vehiculo,id_evento) VALUES (104,42,4447.668,327,to_date('15-06-2019','DD-MM-YYYY'),42,42,2);
INSERT INTO ranking(id,posicion,kilometraje,vueltas,fecha,id_equipo,id_vehiculo,id_evento) VALUES (105,43,4440.366,327,to_date('15-06-2019','DD-MM-YYYY'),43,43,2);
INSERT INTO ranking(id,posicion,kilometraje,vueltas,fecha,id_equipo,id_vehiculo,id_evento) VALUES (106,44,4426.282,325,to_date('15-06-2019','DD-MM-YYYY'),44,44,2);
INSERT INTO ranking(id,posicion,kilometraje,vueltas,fecha,id_equipo,id_vehiculo,id_evento) VALUES (107,45,4421.678,325,to_date('15-06-2019','DD-MM-YYYY'),45,45,2);
INSERT INTO ranking(id,posicion,kilometraje,vueltas,fecha,id_equipo,id_vehiculo,id_evento) VALUES (108,46,4402.313,324,to_date('15-06-2019','DD-MM-YYYY'),46,46,2);
INSERT INTO ranking(id,posicion,kilometraje,vueltas,fecha,id_equipo,id_vehiculo,id_evento) VALUES (109,47,4209.131,309,to_date('15-06-2019','DD-MM-YYYY'),47,47,2);
INSERT INTO ranking(id,posicion,kilometraje,vueltas,fecha,id_equipo,id_vehiculo,id_evento) VALUES (110,48,0,295,to_date('15-06-2019','DD-MM-YYYY'),48,48,2);
INSERT INTO ranking(id,posicion,kilometraje,vueltas,fecha,id_equipo,id_vehiculo,id_evento) VALUES (111,49,0,245,to_date('15-06-2019','DD-MM-YYYY'),49,49,2);
INSERT INTO ranking(id,posicion,kilometraje,vueltas,fecha,id_equipo,id_vehiculo,id_evento) VALUES (112,50,0,199,to_date('15-06-2019','DD-MM-YYYY'),50,50,2);
INSERT INTO ranking(id,posicion,kilometraje,vueltas,fecha,id_equipo,id_vehiculo,id_evento) VALUES (113,51,0,163,to_date('15-06-2019','DD-MM-YYYY'),51,51,2);
INSERT INTO ranking(id,posicion,kilometraje,vueltas,fecha,id_equipo,id_vehiculo,id_evento) VALUES (114,52,0,163,to_date('15-06-2019','DD-MM-YYYY'),52,52,2);
INSERT INTO ranking(id,posicion,kilometraje,vueltas,fecha,id_equipo,id_vehiculo,id_evento) VALUES (115,53,0,160,to_date('15-06-2019','DD-MM-YYYY'),53,53,2);
INSERT INTO ranking(id,posicion,kilometraje,vueltas,fecha,id_equipo,id_vehiculo,id_evento) VALUES (116,54,0,140,to_date('15-06-2019','DD-MM-YYYY'),54,54,2);
INSERT INTO ranking(id,posicion,kilometraje,vueltas,fecha,id_equipo,id_vehiculo,id_evento) VALUES (117,55,0,132,to_date('15-06-2019','DD-MM-YYYY'),55,55,2);
INSERT INTO ranking(id,posicion,kilometraje,vueltas,fecha,id_equipo,id_vehiculo,id_evento) VALUES (118,56,0,87,to_date('15-06-2019','DD-MM-YYYY'),56,56,2);
INSERT INTO ranking(id,posicion,kilometraje,vueltas,fecha,id_equipo,id_vehiculo,id_evento) VALUES (119,57,0,82,to_date('15-06-2019','DD-MM-YYYY'),57,57,2);
INSERT INTO ranking(id,posicion,kilometraje,vueltas,fecha,id_equipo,id_vehiculo,id_evento) VALUES (120,58,0,79,to_date('15-06-2019','DD-MM-YYYY'),58,58,2);
INSERT INTO ranking(id,posicion,kilometraje,vueltas,fecha,id_equipo,id_vehiculo,id_evento) VALUES (121,59,0,76,to_date('15-06-2019','DD-MM-YYYY'),59,59,2);
INSERT INTO ranking(id,posicion,kilometraje,vueltas,fecha,id_equipo,id_vehiculo,id_evento) VALUES (122,60,0,342,to_date('15-06-2019','DD-MM-YYYY'),60,60,2);
INSERT INTO ranking(id,posicion,kilometraje,vueltas,fecha,id_equipo,id_vehiculo,id_evento) VALUES (123,61,0,334,to_date('15-06-2019','DD-MM-YYYY'),61,61,2);
INSERT INTO ranking(id,posicion,kilometraje,vueltas,fecha,id_equipo,id_vehiculo,id_evento) VALUES (124,62,0,0,to_date('15-06-2019','DD-MM-YYYY'),62,62,2);
INSERT INTO ranking(id,posicion,kilometraje,vueltas,fecha,id_equipo,id_vehiculo,id_evento) VALUES (184,1,5266.843,387,to_date('19-09-2020','DD-MM-YYYY'),1,1,4);
INSERT INTO ranking(id,posicion,kilometraje,vueltas,fecha,id_equipo,id_vehiculo,id_evento) VALUES (185,2,5193.981,382,to_date('19-09-2020','DD-MM-YYYY'),4,4,4);
INSERT INTO ranking(id,posicion,kilometraje,vueltas,fecha,id_equipo,id_vehiculo,id_evento) VALUES (186,3,5179.602,381,to_date('19-09-2020','DD-MM-YYYY'),2,2,4);
INSERT INTO ranking(id,posicion,kilometraje,vueltas,fecha,id_equipo,id_vehiculo,id_evento) VALUES (187,4,5175.454,381,to_date('19-09-2020','DD-MM-YYYY'),5,5,4);
INSERT INTO ranking(id,posicion,kilometraje,vueltas,fecha,id_equipo,id_vehiculo,id_evento) VALUES (188,5,5032.674,370,to_date('19-09-2020','DD-MM-YYYY'),9,102,4);
INSERT INTO ranking(id,posicion,kilometraje,vueltas,fecha,id_equipo,id_vehiculo,id_evento) VALUES (189,6,5030.766,370,to_date('19-09-2020','DD-MM-YYYY'),63,63,4);
INSERT INTO ranking(id,posicion,kilometraje,vueltas,fecha,id_equipo,id_vehiculo,id_evento) VALUES (190,7,5007.562,368,to_date('19-09-2020','DD-MM-YYYY'),64,64,4);
INSERT INTO ranking(id,posicion,kilometraje,vueltas,fecha,id_equipo,id_vehiculo,id_evento) VALUES (191,8,4989.563,367,to_date('19-09-2020','DD-MM-YYYY'),65,65,4);
INSERT INTO ranking(id,posicion,kilometraje,vueltas,fecha,id_equipo,id_vehiculo,id_evento) VALUES (192,9,4986.248,367,to_date('19-09-2020','DD-MM-YYYY'),11,11,4);
INSERT INTO ranking(id,posicion,kilometraje,vueltas,fecha,id_equipo,id_vehiculo,id_evento) VALUES (193,10,4976.885,366,to_date('19-09-2020','DD-MM-YYYY'),66,66,4);
INSERT INTO ranking(id,posicion,kilometraje,vueltas,fecha,id_equipo,id_vehiculo,id_evento) VALUES (194,11,4955.524,365,to_date('19-09-2020','DD-MM-YYYY'),15,15,4);
INSERT INTO ranking(id,posicion,kilometraje,vueltas,fecha,id_equipo,id_vehiculo,id_evento) VALUES (195,12,4953.682,365,to_date('19-09-2020','DD-MM-YYYY'),67,67,4);
INSERT INTO ranking(id,posicion,kilometraje,vueltas,fecha,id_equipo,id_vehiculo,id_evento) VALUES (196,13,4951.005,364,to_date('19-09-2020','DD-MM-YYYY'),68,68,4);
INSERT INTO ranking(id,posicion,kilometraje,vueltas,fecha,id_equipo,id_vehiculo,id_evento) VALUES (197,14,4933.996,363,to_date('19-09-2020','DD-MM-YYYY'),69,69,4);
INSERT INTO ranking(id,posicion,kilometraje,vueltas,fecha,id_equipo,id_vehiculo,id_evento) VALUES (198,15,4931.049,363,to_date('19-09-2020','DD-MM-YYYY'),70,70,4);
INSERT INTO ranking(id,posicion,kilometraje,vueltas,fecha,id_equipo,id_vehiculo,id_evento) VALUES (199,16,4906.085,361,to_date('19-09-2020','DD-MM-YYYY'),71,71,4);
INSERT INTO ranking(id,posicion,kilometraje,vueltas,fecha,id_equipo,id_vehiculo,id_evento) VALUES (200,17,4883.024,359,to_date('19-09-2020','DD-MM-YYYY'),19,72,4);
INSERT INTO ranking(id,posicion,kilometraje,vueltas,fecha,id_equipo,id_vehiculo,id_evento) VALUES (201,18,4776.253,351,to_date('19-09-2020','DD-MM-YYYY'),72,73,4);
INSERT INTO ranking(id,posicion,kilometraje,vueltas,fecha,id_equipo,id_vehiculo,id_evento) VALUES (202,19,4748.142,349,to_date('19-09-2020','DD-MM-YYYY'),26,74,4);
INSERT INTO ranking(id,posicion,kilometraje,vueltas,fecha,id_equipo,id_vehiculo,id_evento) VALUES (203,20,4704.173,346,to_date('19-09-2020','DD-MM-YYYY'),44,75,4);
INSERT INTO ranking(id,posicion,kilometraje,vueltas,fecha,id_equipo,id_vehiculo,id_evento) VALUES (204,21,4699.118,346,to_date('19-09-2020','DD-MM-YYYY'),20,20,4);
INSERT INTO ranking(id,posicion,kilometraje,vueltas,fecha,id_equipo,id_vehiculo,id_evento) VALUES (205,22,4663.384,343,to_date('19-09-2020','DD-MM-YYYY'),55,55,4);
INSERT INTO ranking(id,posicion,kilometraje,vueltas,fecha,id_equipo,id_vehiculo,id_evento) VALUES (206,23,4610.272,339,to_date('19-09-2020','DD-MM-YYYY'),73,76,4);
INSERT INTO ranking(id,posicion,kilometraje,vueltas,fecha,id_equipo,id_vehiculo,id_evento) VALUES (207,24,4605.303,339,to_date('19-09-2020','DD-MM-YYYY'),42,42,4);
INSERT INTO ranking(id,posicion,kilometraje,vueltas,fecha,id_equipo,id_vehiculo,id_evento) VALUES (208,25,4602.661,339,to_date('19-09-2020','DD-MM-YYYY'),34,34,4);
INSERT INTO ranking(id,posicion,kilometraje,vueltas,fecha,id_equipo,id_vehiculo,id_evento) VALUES (209,26,4602.499,339,to_date('19-09-2020','DD-MM-YYYY'),74,77,4);
INSERT INTO ranking(id,posicion,kilometraje,vueltas,fecha,id_equipo,id_vehiculo,id_evento) VALUES (210,27,4602.057,339,to_date('19-09-2020','DD-MM-YYYY'),31,31,4);
INSERT INTO ranking(id,posicion,kilometraje,vueltas,fecha,id_equipo,id_vehiculo,id_evento) VALUES (211,28,4599.56,338,to_date('19-09-2020','DD-MM-YYYY'),75,78,4);
INSERT INTO ranking(id,posicion,kilometraje,vueltas,fecha,id_equipo,id_vehiculo,id_evento) VALUES (212,29,4575.108,337,to_date('19-09-2020','DD-MM-YYYY'),38,38,4);
INSERT INTO ranking(id,posicion,kilometraje,vueltas,fecha,id_equipo,id_vehiculo,id_evento) VALUES (213,30,4556.985,335,to_date('19-09-2020','DD-MM-YYYY'),76,79,4);
INSERT INTO ranking(id,posicion,kilometraje,vueltas,fecha,id_equipo,id_vehiculo,id_evento) VALUES (214,31,4556.659,335,to_date('19-09-2020','DD-MM-YYYY'),21,80,4);
INSERT INTO ranking(id,posicion,kilometraje,vueltas,fecha,id_equipo,id_vehiculo,id_evento) VALUES (215,32,4548.058,335,to_date('19-09-2020','DD-MM-YYYY'),77,81,4);
INSERT INTO ranking(id,posicion,kilometraje,vueltas,fecha,id_equipo,id_vehiculo,id_evento) VALUES (216,33,4524.29,333,to_date('19-09-2020','DD-MM-YYYY'),56,56,4);
INSERT INTO ranking(id,posicion,kilometraje,vueltas,fecha,id_equipo,id_vehiculo,id_evento) VALUES (217,34,4517.101,332,to_date('19-09-2020','DD-MM-YYYY'),78,82,4);
INSERT INTO ranking(id,posicion,kilometraje,vueltas,fecha,id_equipo,id_vehiculo,id_evento) VALUES (218,35,4503.327,331,to_date('19-09-2020','DD-MM-YYYY'),29,83,4);
INSERT INTO ranking(id,posicion,kilometraje,vueltas,fecha,id_equipo,id_vehiculo,id_evento) VALUES (219,36,4498.975,331,to_date('19-09-2020','DD-MM-YYYY'),62,62,4);
INSERT INTO ranking(id,posicion,kilometraje,vueltas,fecha,id_equipo,id_vehiculo,id_evento) VALUES (220,37,4494.04,331,to_date('19-09-2020','DD-MM-YYYY'),79,84,4);
INSERT INTO ranking(id,posicion,kilometraje,vueltas,fecha,id_equipo,id_vehiculo,id_evento) VALUES (221,38,4489.86,330,to_date('19-09-2020','DD-MM-YYYY'),36,36,4);
INSERT INTO ranking(id,posicion,kilometraje,vueltas,fecha,id_equipo,id_vehiculo,id_evento) VALUES (222,39,4486.161,330,to_date('19-09-2020','DD-MM-YYYY'),80,85,4);
INSERT INTO ranking(id,posicion,kilometraje,vueltas,fecha,id_equipo,id_vehiculo,id_evento) VALUES (223,40,4429.069,326,to_date('19-09-2020','DD-MM-YYYY'),81,86,4);
INSERT INTO ranking(id,posicion,kilometraje,vueltas,fecha,id_equipo,id_vehiculo,id_evento) VALUES (224,41,4417.895,325,to_date('19-09-2020','DD-MM-YYYY'),82,87,4);
INSERT INTO ranking(id,posicion,kilometraje,vueltas,fecha,id_equipo,id_vehiculo,id_evento) VALUES (225,42,4293.998,316,to_date('19-09-2020','DD-MM-YYYY'),45,45,4);
INSERT INTO ranking(id,posicion,kilometraje,vueltas,fecha,id_equipo,id_vehiculo,id_evento) VALUES (226,43,4256.751,313,to_date('19-09-2020','DD-MM-YYYY'),83,88,4);
INSERT INTO ranking(id,posicion,kilometraje,vueltas,fecha,id_equipo,id_vehiculo,id_evento) VALUES (227,44,0,357,to_date('19-09-2020','DD-MM-YYYY'),84,89,4);
INSERT INTO ranking(id,posicion,kilometraje,vueltas,fecha,id_equipo,id_vehiculo,id_evento) VALUES (228,45,0,340,to_date('19-09-2020','DD-MM-YYYY'),54,54,4);
INSERT INTO ranking(id,posicion,kilometraje,vueltas,fecha,id_equipo,id_vehiculo,id_evento) VALUES (229,46,0,273,to_date('19-09-2020','DD-MM-YYYY'),85,90,4);
INSERT INTO ranking(id,posicion,kilometraje,vueltas,fecha,id_equipo,id_vehiculo,id_evento) VALUES (230,47,0,238,to_date('19-09-2020','DD-MM-YYYY'),58,58,4);
INSERT INTO ranking(id,posicion,kilometraje,vueltas,fecha,id_equipo,id_vehiculo,id_evento) VALUES (231,48,0,211,to_date('19-09-2020','DD-MM-YYYY'),87,92,4);
INSERT INTO ranking(id,posicion,kilometraje,vueltas,fecha,id_equipo,id_vehiculo,id_evento) VALUES (232,49,0,192,to_date('19-09-2020','DD-MM-YYYY'),88,93,4);
INSERT INTO ranking(id,posicion,kilometraje,vueltas,fecha,id_equipo,id_vehiculo,id_evento) VALUES (233,50,0,185,to_date('19-09-2020','DD-MM-YYYY'),89,94,4);
INSERT INTO ranking(id,posicion,kilometraje,vueltas,fecha,id_equipo,id_vehiculo,id_evento) VALUES (234,51,0,172,to_date('19-09-2020','DD-MM-YYYY'),41,41,4);
INSERT INTO ranking(id,posicion,kilometraje,vueltas,fecha,id_equipo,id_vehiculo,id_evento) VALUES (235,52,0,105,to_date('19-09-2020','DD-MM-YYYY'),90,95,4);
INSERT INTO ranking(id,posicion,kilometraje,vueltas,fecha,id_equipo,id_vehiculo,id_evento) VALUES (236,53,0,100,to_date('19-09-2020','DD-MM-YYYY'),91,96,4);
INSERT INTO ranking(id,posicion,kilometraje,vueltas,fecha,id_equipo,id_vehiculo,id_evento) VALUES (237,54,0,97,to_date('19-09-2020','DD-MM-YYYY'),52,52,4);
INSERT INTO ranking(id,posicion,kilometraje,vueltas,fecha,id_equipo,id_vehiculo,id_evento) VALUES (238,55,0,88,to_date('19-09-2020','DD-MM-YYYY'),92,97,4);
INSERT INTO ranking(id,posicion,kilometraje,vueltas,fecha,id_equipo,id_vehiculo,id_evento) VALUES (239,56,0,80,to_date('19-09-2020','DD-MM-YYYY'),93,98,4);
INSERT INTO ranking(id,posicion,kilometraje,vueltas,fecha,id_equipo,id_vehiculo,id_evento) VALUES (240,57,0,78,to_date('19-09-2020','DD-MM-YYYY'),94,99,4);
INSERT INTO ranking(id,posicion,kilometraje,vueltas,fecha,id_equipo,id_vehiculo,id_evento) VALUES (241,58,0,26,to_date('19-09-2020','DD-MM-YYYY'),95,100,4);
INSERT INTO ranking(id,posicion,kilometraje,vueltas,fecha,id_equipo,id_vehiculo,id_evento) VALUES (242,59,0,141,to_date('19-09-2020','DD-MM-YYYY'),96,101,4);


--Ranking por hora    --Arreglar
INSERT INTO ranking_por_hora(id_ranking,posicion,hora) VALUES (64,1,1);
INSERT INTO ranking_por_hora(id_ranking,posicion,hora) VALUES (63,2,1);
INSERT INTO ranking_por_hora(id_ranking,posicion,hora) VALUES (67,3,1);
INSERT INTO ranking_por_hora(id_ranking,posicion,hora) VALUES (65,4,1);
INSERT INTO ranking_por_hora(id_ranking,posicion,hora) VALUES (113,5,1);
INSERT INTO ranking_por_hora(id_ranking,posicion,hora) VALUES (121,6,1);
INSERT INTO ranking_por_hora(id_ranking,posicion,hora) VALUES (68,7,1);
INSERT INTO ranking_por_hora(id_ranking,posicion,hora) VALUES (70,8,1);
INSERT INTO ranking_por_hora(id_ranking,posicion,hora) VALUES (73,9,1);
INSERT INTO ranking_por_hora(id_ranking,posicion,hora) VALUES (114,10,1);
INSERT INTO ranking_por_hora(id_ranking,posicion,hora) VALUES (72,11,1);
INSERT INTO ranking_por_hora(id_ranking,posicion,hora) VALUES (111,12,1);
INSERT INTO ranking_por_hora(id_ranking,posicion,hora) VALUES (69,13,1);
INSERT INTO ranking_por_hora(id_ranking,posicion,hora) VALUES (112,14,1);
INSERT INTO ranking_por_hora(id_ranking,posicion,hora) VALUES (81,15,1);
INSERT INTO ranking_por_hora(id_ranking,posicion,hora) VALUES (77,16,1);
INSERT INTO ranking_por_hora(id_ranking,posicion,hora) VALUES (71,17,1);
INSERT INTO ranking_por_hora(id_ranking,posicion,hora) VALUES (78,18,1);
INSERT INTO ranking_por_hora(id_ranking,posicion,hora) VALUES (110,19,1);
INSERT INTO ranking_por_hora(id_ranking,posicion,hora) VALUES (76,20,1);
INSERT INTO ranking_por_hora(id_ranking,posicion,hora) VALUES (75,21,1);
INSERT INTO ranking_por_hora(id_ranking,posicion,hora) VALUES (80,22,1);
INSERT INTO ranking_por_hora(id_ranking,posicion,hora) VALUES (88,23,1);
INSERT INTO ranking_por_hora(id_ranking,posicion,hora) VALUES (107,24,1);
INSERT INTO ranking_por_hora(id_ranking,posicion,hora) VALUES (66,25,1);
INSERT INTO ranking_por_hora(id_ranking,posicion,hora) VALUES (79,26,1);
INSERT INTO ranking_por_hora(id_ranking,posicion,hora) VALUES (115,27,1);
INSERT INTO ranking_por_hora(id_ranking,posicion,hora) VALUES (90,28,1);
INSERT INTO ranking_por_hora(id_ranking,posicion,hora) VALUES (91,29,1);
INSERT INTO ranking_por_hora(id_ranking,posicion,hora) VALUES (84,30,1);
INSERT INTO ranking_por_hora(id_ranking,posicion,hora) VALUES (119,31,1);
INSERT INTO ranking_por_hora(id_ranking,posicion,hora) VALUES (83,32,1);
INSERT INTO ranking_por_hora(id_ranking,posicion,hora) VALUES (122,33,1);
INSERT INTO ranking_por_hora(id_ranking,posicion,hora) VALUES (82,34,1);
INSERT INTO ranking_por_hora(id_ranking,posicion,hora) VALUES (85,35,1);
INSERT INTO ranking_por_hora(id_ranking,posicion,hora) VALUES (116,36,1);
INSERT INTO ranking_por_hora(id_ranking,posicion,hora) VALUES (117,37,1);
INSERT INTO ranking_por_hora(id_ranking,posicion,hora) VALUES (87,38,1);
INSERT INTO ranking_por_hora(id_ranking,posicion,hora) VALUES (86,39,1);
INSERT INTO ranking_por_hora(id_ranking,posicion,hora) VALUES (89,40,1);
INSERT INTO ranking_por_hora(id_ranking,posicion,hora) VALUES (109,41,1);
INSERT INTO ranking_por_hora(id_ranking,posicion,hora) VALUES (92,42,1);
INSERT INTO ranking_por_hora(id_ranking,posicion,hora) VALUES (102,43,1);
INSERT INTO ranking_por_hora(id_ranking,posicion,hora) VALUES (106,44,1);
INSERT INTO ranking_por_hora(id_ranking,posicion,hora) VALUES (105,45,1);
INSERT INTO ranking_por_hora(id_ranking,posicion,hora) VALUES (96,46,1);
INSERT INTO ranking_por_hora(id_ranking,posicion,hora) VALUES (100,47,1);
INSERT INTO ranking_por_hora(id_ranking,posicion,hora) VALUES (123,48,1);
INSERT INTO ranking_por_hora(id_ranking,posicion,hora) VALUES (95,49,1);
INSERT INTO ranking_por_hora(id_ranking,posicion,hora) VALUES (93,50,1);
INSERT INTO ranking_por_hora(id_ranking,posicion,hora) VALUES (94,51,1);
INSERT INTO ranking_por_hora(id_ranking,posicion,hora) VALUES (104,52,1);
INSERT INTO ranking_por_hora(id_ranking,posicion,hora) VALUES (118,53,1);
INSERT INTO ranking_por_hora(id_ranking,posicion,hora) VALUES (98,54,1);
INSERT INTO ranking_por_hora(id_ranking,posicion,hora) VALUES (97,55,1);
INSERT INTO ranking_por_hora(id_ranking,posicion,hora) VALUES (74,56,1);
INSERT INTO ranking_por_hora(id_ranking,posicion,hora) VALUES (101,57,1);
INSERT INTO ranking_por_hora(id_ranking,posicion,hora) VALUES (99,58,1);
INSERT INTO ranking_por_hora(id_ranking,posicion,hora) VALUES (103,59,1);
INSERT INTO ranking_por_hora(id_ranking,posicion,hora) VALUES (108,60,1);
INSERT INTO ranking_por_hora(id_ranking,posicion,hora) VALUES (120,61,1);
INSERT INTO ranking_por_hora(id_ranking,posicion,hora) VALUES (64,1,2);
INSERT INTO ranking_por_hora(id_ranking,posicion,hora) VALUES (63,2,2);
INSERT INTO ranking_por_hora(id_ranking,posicion,hora) VALUES (67,3,2);
INSERT INTO ranking_por_hora(id_ranking,posicion,hora) VALUES (65,4,2);
INSERT INTO ranking_por_hora(id_ranking,posicion,hora) VALUES (113,5,2);
INSERT INTO ranking_por_hora(id_ranking,posicion,hora) VALUES (66,6,2);
INSERT INTO ranking_por_hora(id_ranking,posicion,hora) VALUES (68,7,2);
INSERT INTO ranking_por_hora(id_ranking,posicion,hora) VALUES (73,8,2);
INSERT INTO ranking_por_hora(id_ranking,posicion,hora) VALUES (114,9,2);
INSERT INTO ranking_por_hora(id_ranking,posicion,hora) VALUES (88,10,2);
INSERT INTO ranking_por_hora(id_ranking,posicion,hora) VALUES (111,11,2);
INSERT INTO ranking_por_hora(id_ranking,posicion,hora) VALUES (69,12,2);
INSERT INTO ranking_por_hora(id_ranking,posicion,hora) VALUES (112,13,2);
INSERT INTO ranking_por_hora(id_ranking,posicion,hora) VALUES (71,14,2);
INSERT INTO ranking_por_hora(id_ranking,posicion,hora) VALUES (78,15,2);
INSERT INTO ranking_por_hora(id_ranking,posicion,hora) VALUES (77,16,2);
INSERT INTO ranking_por_hora(id_ranking,posicion,hora) VALUES (72,17,2);
INSERT INTO ranking_por_hora(id_ranking,posicion,hora) VALUES (81,18,2);
INSERT INTO ranking_por_hora(id_ranking,posicion,hora) VALUES (75,19,2);
INSERT INTO ranking_por_hora(id_ranking,posicion,hora) VALUES (70,20,2);
INSERT INTO ranking_por_hora(id_ranking,posicion,hora) VALUES (110,21,2);
INSERT INTO ranking_por_hora(id_ranking,posicion,hora) VALUES (80,22,2);
INSERT INTO ranking_por_hora(id_ranking,posicion,hora) VALUES (76,23,2);
INSERT INTO ranking_por_hora(id_ranking,posicion,hora) VALUES (107,24,2);
INSERT INTO ranking_por_hora(id_ranking,posicion,hora) VALUES (79,25,2);
INSERT INTO ranking_por_hora(id_ranking,posicion,hora) VALUES (74,26,2);
INSERT INTO ranking_por_hora(id_ranking,posicion,hora) VALUES (115,27,2);
INSERT INTO ranking_por_hora(id_ranking,posicion,hora) VALUES (90,28,2);
INSERT INTO ranking_por_hora(id_ranking,posicion,hora) VALUES (84,29,2);
INSERT INTO ranking_por_hora(id_ranking,posicion,hora) VALUES (91,30,2);
INSERT INTO ranking_por_hora(id_ranking,posicion,hora) VALUES (85,31,2);
INSERT INTO ranking_por_hora(id_ranking,posicion,hora) VALUES (83,32,2);
INSERT INTO ranking_por_hora(id_ranking,posicion,hora) VALUES (122,33,2);
INSERT INTO ranking_por_hora(id_ranking,posicion,hora) VALUES (82,34,2);
INSERT INTO ranking_por_hora(id_ranking,posicion,hora) VALUES (116,35,2);
INSERT INTO ranking_por_hora(id_ranking,posicion,hora) VALUES (86,36,2);
INSERT INTO ranking_por_hora(id_ranking,posicion,hora) VALUES (119,37,2);
INSERT INTO ranking_por_hora(id_ranking,posicion,hora) VALUES (87,38,2);
INSERT INTO ranking_por_hora(id_ranking,posicion,hora) VALUES (109,39,2);
INSERT INTO ranking_por_hora(id_ranking,posicion,hora) VALUES (117,40,2);
INSERT INTO ranking_por_hora(id_ranking,posicion,hora) VALUES (92,41,2);
INSERT INTO ranking_por_hora(id_ranking,posicion,hora) VALUES (102,42,2);
INSERT INTO ranking_por_hora(id_ranking,posicion,hora) VALUES (89,43,2);
INSERT INTO ranking_por_hora(id_ranking,posicion,hora) VALUES (106,44,2);
INSERT INTO ranking_por_hora(id_ranking,posicion,hora) VALUES (96,45,2);
INSERT INTO ranking_por_hora(id_ranking,posicion,hora) VALUES (105,46,2);
INSERT INTO ranking_por_hora(id_ranking,posicion,hora) VALUES (123,47,2);
INSERT INTO ranking_por_hora(id_ranking,posicion,hora) VALUES (104,48,2);
INSERT INTO ranking_por_hora(id_ranking,posicion,hora) VALUES (94,49,2);
INSERT INTO ranking_por_hora(id_ranking,posicion,hora) VALUES (95,50,2);
INSERT INTO ranking_por_hora(id_ranking,posicion,hora) VALUES (93,51,2);
INSERT INTO ranking_por_hora(id_ranking,posicion,hora) VALUES (100,52,2);
INSERT INTO ranking_por_hora(id_ranking,posicion,hora) VALUES (98,53,2);
INSERT INTO ranking_por_hora(id_ranking,posicion,hora) VALUES (101,54,2);
INSERT INTO ranking_por_hora(id_ranking,posicion,hora) VALUES (99,55,2);
INSERT INTO ranking_por_hora(id_ranking,posicion,hora) VALUES (97,56,2);
INSERT INTO ranking_por_hora(id_ranking,posicion,hora) VALUES (108,57,2);
INSERT INTO ranking_por_hora(id_ranking,posicion,hora) VALUES (103,58,2);
INSERT INTO ranking_por_hora(id_ranking,posicion,hora) VALUES (121,59,2);
INSERT INTO ranking_por_hora(id_ranking,posicion,hora) VALUES (120,60,2);
INSERT INTO ranking_por_hora(id_ranking,posicion,hora) VALUES (118,61,2);
INSERT INTO ranking_por_hora(id_ranking,posicion,hora) VALUES (64,1,3);
INSERT INTO ranking_por_hora(id_ranking,posicion,hora) VALUES (63,2,3);
INSERT INTO ranking_por_hora(id_ranking,posicion,hora) VALUES (67,3,3);
INSERT INTO ranking_por_hora(id_ranking,posicion,hora) VALUES (65,4,3);
INSERT INTO ranking_por_hora(id_ranking,posicion,hora) VALUES (113,5,3);
INSERT INTO ranking_por_hora(id_ranking,posicion,hora) VALUES (73,6,3);
INSERT INTO ranking_por_hora(id_ranking,posicion,hora) VALUES (68,7,3);
INSERT INTO ranking_por_hora(id_ranking,posicion,hora) VALUES (112,8,3);
INSERT INTO ranking_por_hora(id_ranking,posicion,hora) VALUES (111,9,3);
INSERT INTO ranking_por_hora(id_ranking,posicion,hora) VALUES (69,10,3);
INSERT INTO ranking_por_hora(id_ranking,posicion,hora) VALUES (71,11,3);
INSERT INTO ranking_por_hora(id_ranking,posicion,hora) VALUES (66,12,3);
INSERT INTO ranking_por_hora(id_ranking,posicion,hora) VALUES (114,13,3);
INSERT INTO ranking_por_hora(id_ranking,posicion,hora) VALUES (72,14,3);
INSERT INTO ranking_por_hora(id_ranking,posicion,hora) VALUES (75,15,3);
INSERT INTO ranking_por_hora(id_ranking,posicion,hora) VALUES (78,16,3);
INSERT INTO ranking_por_hora(id_ranking,posicion,hora) VALUES (81,17,3);
INSERT INTO ranking_por_hora(id_ranking,posicion,hora) VALUES (110,18,3);
INSERT INTO ranking_por_hora(id_ranking,posicion,hora) VALUES (76,19,3);
INSERT INTO ranking_por_hora(id_ranking,posicion,hora) VALUES (70,20,3);
INSERT INTO ranking_por_hora(id_ranking,posicion,hora) VALUES (77,21,3);
INSERT INTO ranking_por_hora(id_ranking,posicion,hora) VALUES (88,22,3);
INSERT INTO ranking_por_hora(id_ranking,posicion,hora) VALUES (80,23,3);
INSERT INTO ranking_por_hora(id_ranking,posicion,hora) VALUES (107,24,3);
INSERT INTO ranking_por_hora(id_ranking,posicion,hora) VALUES (79,25,3);
INSERT INTO ranking_por_hora(id_ranking,posicion,hora) VALUES (74,26,3);
INSERT INTO ranking_por_hora(id_ranking,posicion,hora) VALUES (115,27,3);
INSERT INTO ranking_por_hora(id_ranking,posicion,hora) VALUES (90,28,3);
INSERT INTO ranking_por_hora(id_ranking,posicion,hora) VALUES (85,29,3);
INSERT INTO ranking_por_hora(id_ranking,posicion,hora) VALUES (82,30,3);
INSERT INTO ranking_por_hora(id_ranking,posicion,hora) VALUES (84,31,3);
INSERT INTO ranking_por_hora(id_ranking,posicion,hora) VALUES (122,32,3);
INSERT INTO ranking_por_hora(id_ranking,posicion,hora) VALUES (116,33,3);
INSERT INTO ranking_por_hora(id_ranking,posicion,hora) VALUES (83,34,3);
INSERT INTO ranking_por_hora(id_ranking,posicion,hora) VALUES (119,35,3);
INSERT INTO ranking_por_hora(id_ranking,posicion,hora) VALUES (91,36,3);
INSERT INTO ranking_por_hora(id_ranking,posicion,hora) VALUES (86,37,3);
INSERT INTO ranking_por_hora(id_ranking,posicion,hora) VALUES (87,38,3);
INSERT INTO ranking_por_hora(id_ranking,posicion,hora) VALUES (117,39,3);
INSERT INTO ranking_por_hora(id_ranking,posicion,hora) VALUES (92,40,3);
INSERT INTO ranking_por_hora(id_ranking,posicion,hora) VALUES (102,41,3);
INSERT INTO ranking_por_hora(id_ranking,posicion,hora) VALUES (89,42,3);
INSERT INTO ranking_por_hora(id_ranking,posicion,hora) VALUES (106,43,3);
INSERT INTO ranking_por_hora(id_ranking,posicion,hora) VALUES (109,44,3);
INSERT INTO ranking_por_hora(id_ranking,posicion,hora) VALUES (96,45,3);
INSERT INTO ranking_por_hora(id_ranking,posicion,hora) VALUES (123,46,3);
INSERT INTO ranking_por_hora(id_ranking,posicion,hora) VALUES (94,47,3);
INSERT INTO ranking_por_hora(id_ranking,posicion,hora) VALUES (95,48,3);
INSERT INTO ranking_por_hora(id_ranking,posicion,hora) VALUES (121,49,3);
INSERT INTO ranking_por_hora(id_ranking,posicion,hora) VALUES (93,50,3);
INSERT INTO ranking_por_hora(id_ranking,posicion,hora) VALUES (104,51,3);
INSERT INTO ranking_por_hora(id_ranking,posicion,hora) VALUES (105,52,3);
INSERT INTO ranking_por_hora(id_ranking,posicion,hora) VALUES (98,53,3);
INSERT INTO ranking_por_hora(id_ranking,posicion,hora) VALUES (100,54,3);
INSERT INTO ranking_por_hora(id_ranking,posicion,hora) VALUES (99,55,3);
INSERT INTO ranking_por_hora(id_ranking,posicion,hora) VALUES (97,56,3);
INSERT INTO ranking_por_hora(id_ranking,posicion,hora) VALUES (101,57,3);
INSERT INTO ranking_por_hora(id_ranking,posicion,hora) VALUES (108,58,3);
INSERT INTO ranking_por_hora(id_ranking,posicion,hora) VALUES (103,59,3);
INSERT INTO ranking_por_hora(id_ranking,posicion,hora) VALUES (120,60,3);
INSERT INTO ranking_por_hora(id_ranking,posicion,hora) VALUES (118,61,3);
INSERT INTO ranking_por_hora(id_ranking,posicion,hora) VALUES (64,1,4);
INSERT INTO ranking_por_hora(id_ranking,posicion,hora) VALUES (67,2,4);
INSERT INTO ranking_por_hora(id_ranking,posicion,hora) VALUES (65,3,4);
INSERT INTO ranking_por_hora(id_ranking,posicion,hora) VALUES (113,4,4);
INSERT INTO ranking_por_hora(id_ranking,posicion,hora) VALUES (66,5,4);
INSERT INTO ranking_por_hora(id_ranking,posicion,hora) VALUES (73,6,4);
INSERT INTO ranking_por_hora(id_ranking,posicion,hora) VALUES (68,7,4);
INSERT INTO ranking_por_hora(id_ranking,posicion,hora) VALUES (69,8,4);
INSERT INTO ranking_por_hora(id_ranking,posicion,hora) VALUES (111,9,4);
INSERT INTO ranking_por_hora(id_ranking,posicion,hora) VALUES (112,10,4);
INSERT INTO ranking_por_hora(id_ranking,posicion,hora) VALUES (114,11,4);
INSERT INTO ranking_por_hora(id_ranking,posicion,hora) VALUES (71,12,4);
INSERT INTO ranking_por_hora(id_ranking,posicion,hora) VALUES (70,13,4);
INSERT INTO ranking_por_hora(id_ranking,posicion,hora) VALUES (72,14,4);
INSERT INTO ranking_por_hora(id_ranking,posicion,hora) VALUES (76,15,4);
INSERT INTO ranking_por_hora(id_ranking,posicion,hora) VALUES (75,16,4);
INSERT INTO ranking_por_hora(id_ranking,posicion,hora) VALUES (81,17,4);
INSERT INTO ranking_por_hora(id_ranking,posicion,hora) VALUES (78,18,4);
INSERT INTO ranking_por_hora(id_ranking,posicion,hora) VALUES (110,19,4);
INSERT INTO ranking_por_hora(id_ranking,posicion,hora) VALUES (77,20,4);
INSERT INTO ranking_por_hora(id_ranking,posicion,hora) VALUES (80,21,4);
INSERT INTO ranking_por_hora(id_ranking,posicion,hora) VALUES (88,22,4);
INSERT INTO ranking_por_hora(id_ranking,posicion,hora) VALUES (107,23,4);
INSERT INTO ranking_por_hora(id_ranking,posicion,hora) VALUES (79,24,4);
INSERT INTO ranking_por_hora(id_ranking,posicion,hora) VALUES (74,25,4);
INSERT INTO ranking_por_hora(id_ranking,posicion,hora) VALUES (115,26,4);
INSERT INTO ranking_por_hora(id_ranking,posicion,hora) VALUES (121,27,4);
INSERT INTO ranking_por_hora(id_ranking,posicion,hora) VALUES (90,28,4);
INSERT INTO ranking_por_hora(id_ranking,posicion,hora) VALUES (84,29,4);
INSERT INTO ranking_por_hora(id_ranking,posicion,hora) VALUES (82,30,4);
INSERT INTO ranking_por_hora(id_ranking,posicion,hora) VALUES (91,31,4);
INSERT INTO ranking_por_hora(id_ranking,posicion,hora) VALUES (122,32,4);
INSERT INTO ranking_por_hora(id_ranking,posicion,hora) VALUES (116,33,4);
INSERT INTO ranking_por_hora(id_ranking,posicion,hora) VALUES (86,34,4);
INSERT INTO ranking_por_hora(id_ranking,posicion,hora) VALUES (119,35,4);
INSERT INTO ranking_por_hora(id_ranking,posicion,hora) VALUES (83,36,4);
INSERT INTO ranking_por_hora(id_ranking,posicion,hora) VALUES (87,37,4);
INSERT INTO ranking_por_hora(id_ranking,posicion,hora) VALUES (85,38,4);
INSERT INTO ranking_por_hora(id_ranking,posicion,hora) VALUES (92,39,4);
INSERT INTO ranking_por_hora(id_ranking,posicion,hora) VALUES (89,40,4);
INSERT INTO ranking_por_hora(id_ranking,posicion,hora) VALUES (102,41,4);
INSERT INTO ranking_por_hora(id_ranking,posicion,hora) VALUES (117,42,4);
INSERT INTO ranking_por_hora(id_ranking,posicion,hora) VALUES (106,43,4);
INSERT INTO ranking_por_hora(id_ranking,posicion,hora) VALUES (109,44,4);
INSERT INTO ranking_por_hora(id_ranking,posicion,hora) VALUES (96,45,4);
INSERT INTO ranking_por_hora(id_ranking,posicion,hora) VALUES (123,46,4);
INSERT INTO ranking_por_hora(id_ranking,posicion,hora) VALUES (94,47,4);
INSERT INTO ranking_por_hora(id_ranking,posicion,hora) VALUES (95,48,4);
INSERT INTO ranking_por_hora(id_ranking,posicion,hora) VALUES (104,49,4);
INSERT INTO ranking_por_hora(id_ranking,posicion,hora) VALUES (93,50,4);
INSERT INTO ranking_por_hora(id_ranking,posicion,hora) VALUES (99,51,4);
INSERT INTO ranking_por_hora(id_ranking,posicion,hora) VALUES (105,52,4);
INSERT INTO ranking_por_hora(id_ranking,posicion,hora) VALUES (100,53,4);
INSERT INTO ranking_por_hora(id_ranking,posicion,hora) VALUES (98,54,4);
INSERT INTO ranking_por_hora(id_ranking,posicion,hora) VALUES (97,55,4);
INSERT INTO ranking_por_hora(id_ranking,posicion,hora) VALUES (108,56,4);
INSERT INTO ranking_por_hora(id_ranking,posicion,hora) VALUES (101,57,4);
INSERT INTO ranking_por_hora(id_ranking,posicion,hora) VALUES (103,58,4);
INSERT INTO ranking_por_hora(id_ranking,posicion,hora) VALUES (120,59,4);
INSERT INTO ranking_por_hora(id_ranking,posicion,hora) VALUES (118,60,4);
INSERT INTO ranking_por_hora(id_ranking,posicion,hora) VALUES (64,1,5);
INSERT INTO ranking_por_hora(id_ranking,posicion,hora) VALUES (63,2,5);
INSERT INTO ranking_por_hora(id_ranking,posicion,hora) VALUES (65,3,5);
INSERT INTO ranking_por_hora(id_ranking,posicion,hora) VALUES (113,4,5);
INSERT INTO ranking_por_hora(id_ranking,posicion,hora) VALUES (67,5,5);
INSERT INTO ranking_por_hora(id_ranking,posicion,hora) VALUES (66,6,5);
INSERT INTO ranking_por_hora(id_ranking,posicion,hora) VALUES (114,7,5);
INSERT INTO ranking_por_hora(id_ranking,posicion,hora) VALUES (73,8,5);
INSERT INTO ranking_por_hora(id_ranking,posicion,hora) VALUES (68,9,5);
INSERT INTO ranking_por_hora(id_ranking,posicion,hora) VALUES (69,10,5);
INSERT INTO ranking_por_hora(id_ranking,posicion,hora) VALUES (111,11,5);
INSERT INTO ranking_por_hora(id_ranking,posicion,hora) VALUES (70,12,5);
INSERT INTO ranking_por_hora(id_ranking,posicion,hora) VALUES (71,13,5);
INSERT INTO ranking_por_hora(id_ranking,posicion,hora) VALUES (112,14,5);
INSERT INTO ranking_por_hora(id_ranking,posicion,hora) VALUES (76,15,5);
INSERT INTO ranking_por_hora(id_ranking,posicion,hora) VALUES (72,16,5);
INSERT INTO ranking_por_hora(id_ranking,posicion,hora) VALUES (81,17,5);
INSERT INTO ranking_por_hora(id_ranking,posicion,hora) VALUES (75,18,5);
INSERT INTO ranking_por_hora(id_ranking,posicion,hora) VALUES (110,19,5);
INSERT INTO ranking_por_hora(id_ranking,posicion,hora) VALUES (80,20,5);
INSERT INTO ranking_por_hora(id_ranking,posicion,hora) VALUES (78,21,5);
INSERT INTO ranking_por_hora(id_ranking,posicion,hora) VALUES (107,22,5);
INSERT INTO ranking_por_hora(id_ranking,posicion,hora) VALUES (88,23,5);
INSERT INTO ranking_por_hora(id_ranking,posicion,hora) VALUES (77,24,5);
INSERT INTO ranking_por_hora(id_ranking,posicion,hora) VALUES (74,25,5);
INSERT INTO ranking_por_hora(id_ranking,posicion,hora) VALUES (79,26,5);
INSERT INTO ranking_por_hora(id_ranking,posicion,hora) VALUES (115,27,5);
INSERT INTO ranking_por_hora(id_ranking,posicion,hora) VALUES (91,28,5);
INSERT INTO ranking_por_hora(id_ranking,posicion,hora) VALUES (82,29,5);
INSERT INTO ranking_por_hora(id_ranking,posicion,hora) VALUES (90,30,5);
INSERT INTO ranking_por_hora(id_ranking,posicion,hora) VALUES (84,31,5);
INSERT INTO ranking_por_hora(id_ranking,posicion,hora) VALUES (86,32,5);
INSERT INTO ranking_por_hora(id_ranking,posicion,hora) VALUES (122,33,5);
INSERT INTO ranking_por_hora(id_ranking,posicion,hora) VALUES (116,34,5);
INSERT INTO ranking_por_hora(id_ranking,posicion,hora) VALUES (83,35,5);
INSERT INTO ranking_por_hora(id_ranking,posicion,hora) VALUES (119,36,5);
INSERT INTO ranking_por_hora(id_ranking,posicion,hora) VALUES (87,37,5);
INSERT INTO ranking_por_hora(id_ranking,posicion,hora) VALUES (85,38,5);
INSERT INTO ranking_por_hora(id_ranking,posicion,hora) VALUES (89,39,5);
INSERT INTO ranking_por_hora(id_ranking,posicion,hora) VALUES (109,40,5);
INSERT INTO ranking_por_hora(id_ranking,posicion,hora) VALUES (102,41,5);
INSERT INTO ranking_por_hora(id_ranking,posicion,hora) VALUES (117,42,5);
INSERT INTO ranking_por_hora(id_ranking,posicion,hora) VALUES (106,43,5);
INSERT INTO ranking_por_hora(id_ranking,posicion,hora) VALUES (92,44,5);
INSERT INTO ranking_por_hora(id_ranking,posicion,hora) VALUES (123,45,5);
INSERT INTO ranking_por_hora(id_ranking,posicion,hora) VALUES (96,46,5);
INSERT INTO ranking_por_hora(id_ranking,posicion,hora) VALUES (94,47,5);
INSERT INTO ranking_por_hora(id_ranking,posicion,hora) VALUES (95,48,5);
INSERT INTO ranking_por_hora(id_ranking,posicion,hora) VALUES (104,49,5);
INSERT INTO ranking_por_hora(id_ranking,posicion,hora) VALUES (93,50,5);
INSERT INTO ranking_por_hora(id_ranking,posicion,hora) VALUES (99,51,5);
INSERT INTO ranking_por_hora(id_ranking,posicion,hora) VALUES (100,52,5);
INSERT INTO ranking_por_hora(id_ranking,posicion,hora) VALUES (97,53,5);
INSERT INTO ranking_por_hora(id_ranking,posicion,hora) VALUES (121,54,5);
INSERT INTO ranking_por_hora(id_ranking,posicion,hora) VALUES (98,55,5);
INSERT INTO ranking_por_hora(id_ranking,posicion,hora) VALUES (101,56,5);
INSERT INTO ranking_por_hora(id_ranking,posicion,hora) VALUES (108,57,5);
INSERT INTO ranking_por_hora(id_ranking,posicion,hora) VALUES (103,58,5);
INSERT INTO ranking_por_hora(id_ranking,posicion,hora) VALUES (105,59,5);
INSERT INTO ranking_por_hora(id_ranking,posicion,hora) VALUES (120,60,5);
INSERT INTO ranking_por_hora(id_ranking,posicion,hora) VALUES (118,61,5);
INSERT INTO ranking_por_hora(id_ranking,posicion,hora) VALUES (64,1,6);
INSERT INTO ranking_por_hora(id_ranking,posicion,hora) VALUES (63,2,6);
INSERT INTO ranking_por_hora(id_ranking,posicion,hora) VALUES (67,3,6);
INSERT INTO ranking_por_hora(id_ranking,posicion,hora) VALUES (65,4,6);
INSERT INTO ranking_por_hora(id_ranking,posicion,hora) VALUES (113,5,6);
INSERT INTO ranking_por_hora(id_ranking,posicion,hora) VALUES (66,6,6);
INSERT INTO ranking_por_hora(id_ranking,posicion,hora) VALUES (68,7,6);
INSERT INTO ranking_por_hora(id_ranking,posicion,hora) VALUES (73,8,6);
INSERT INTO ranking_por_hora(id_ranking,posicion,hora) VALUES (111,9,6);
INSERT INTO ranking_por_hora(id_ranking,posicion,hora) VALUES (69,10,6);
INSERT INTO ranking_por_hora(id_ranking,posicion,hora) VALUES (71,11,6);
INSERT INTO ranking_por_hora(id_ranking,posicion,hora) VALUES (112,12,6);
INSERT INTO ranking_por_hora(id_ranking,posicion,hora) VALUES (76,13,6);
INSERT INTO ranking_por_hora(id_ranking,posicion,hora) VALUES (70,14,6);
INSERT INTO ranking_por_hora(id_ranking,posicion,hora) VALUES (72,15,6);
INSERT INTO ranking_por_hora(id_ranking,posicion,hora) VALUES (81,16,6);
INSERT INTO ranking_por_hora(id_ranking,posicion,hora) VALUES (75,17,6);
INSERT INTO ranking_por_hora(id_ranking,posicion,hora) VALUES (88,18,6);
INSERT INTO ranking_por_hora(id_ranking,posicion,hora) VALUES (80,19,6);
INSERT INTO ranking_por_hora(id_ranking,posicion,hora) VALUES (77,20,6);
INSERT INTO ranking_por_hora(id_ranking,posicion,hora) VALUES (74,21,6);
INSERT INTO ranking_por_hora(id_ranking,posicion,hora) VALUES (107,22,6);
INSERT INTO ranking_por_hora(id_ranking,posicion,hora) VALUES (79,23,6);
INSERT INTO ranking_por_hora(id_ranking,posicion,hora) VALUES (110,24,6);
INSERT INTO ranking_por_hora(id_ranking,posicion,hora) VALUES (115,25,6);
INSERT INTO ranking_por_hora(id_ranking,posicion,hora) VALUES (78,26,6);
INSERT INTO ranking_por_hora(id_ranking,posicion,hora) VALUES (91,27,6);
INSERT INTO ranking_por_hora(id_ranking,posicion,hora) VALUES (82,28,6);
INSERT INTO ranking_por_hora(id_ranking,posicion,hora) VALUES (90,29,6);
INSERT INTO ranking_por_hora(id_ranking,posicion,hora) VALUES (84,30,6);
INSERT INTO ranking_por_hora(id_ranking,posicion,hora) VALUES (85,31,6);
INSERT INTO ranking_por_hora(id_ranking,posicion,hora) VALUES (83,32,6);
INSERT INTO ranking_por_hora(id_ranking,posicion,hora) VALUES (116,33,6);
INSERT INTO ranking_por_hora(id_ranking,posicion,hora) VALUES (122,34,6);
INSERT INTO ranking_por_hora(id_ranking,posicion,hora) VALUES (86,35,6);
INSERT INTO ranking_por_hora(id_ranking,posicion,hora) VALUES (87,36,6);
INSERT INTO ranking_por_hora(id_ranking,posicion,hora) VALUES (89,37,6);
INSERT INTO ranking_por_hora(id_ranking,posicion,hora) VALUES (92,38,6);
INSERT INTO ranking_por_hora(id_ranking,posicion,hora) VALUES (106,39,6);
INSERT INTO ranking_por_hora(id_ranking,posicion,hora) VALUES (117,40,6);
INSERT INTO ranking_por_hora(id_ranking,posicion,hora) VALUES (109,41,6);
INSERT INTO ranking_por_hora(id_ranking,posicion,hora) VALUES (102,42,6);
INSERT INTO ranking_por_hora(id_ranking,posicion,hora) VALUES (114,43,6);
INSERT INTO ranking_por_hora(id_ranking,posicion,hora) VALUES (123,44,6);
INSERT INTO ranking_por_hora(id_ranking,posicion,hora) VALUES (94,45,6);
INSERT INTO ranking_por_hora(id_ranking,posicion,hora) VALUES (93,46,6);
INSERT INTO ranking_por_hora(id_ranking,posicion,hora) VALUES (104,47,6);
INSERT INTO ranking_por_hora(id_ranking,posicion,hora) VALUES (96,48,6);
INSERT INTO ranking_por_hora(id_ranking,posicion,hora) VALUES (95,49,6);
INSERT INTO ranking_por_hora(id_ranking,posicion,hora) VALUES (99,50,6);
INSERT INTO ranking_por_hora(id_ranking,posicion,hora) VALUES (98,51,6);
INSERT INTO ranking_por_hora(id_ranking,posicion,hora) VALUES (100,52,6);
INSERT INTO ranking_por_hora(id_ranking,posicion,hora) VALUES (97,53,6);
INSERT INTO ranking_por_hora(id_ranking,posicion,hora) VALUES (101,54,6);
INSERT INTO ranking_por_hora(id_ranking,posicion,hora) VALUES (103,55,6);
INSERT INTO ranking_por_hora(id_ranking,posicion,hora) VALUES (105,56,6);
INSERT INTO ranking_por_hora(id_ranking,posicion,hora) VALUES (119,57,6);
INSERT INTO ranking_por_hora(id_ranking,posicion,hora) VALUES (108,58,6);
INSERT INTO ranking_por_hora(id_ranking,posicion,hora) VALUES (120,59,6);
INSERT INTO ranking_por_hora(id_ranking,posicion,hora) VALUES (118,60,6);
INSERT INTO ranking_por_hora(id_ranking,posicion,hora) VALUES (121,61,6);
INSERT INTO ranking_por_hora(id_ranking,posicion,hora) VALUES (63,1,7);
INSERT INTO ranking_por_hora(id_ranking,posicion,hora) VALUES (64,2,7);
INSERT INTO ranking_por_hora(id_ranking,posicion,hora) VALUES (113,3,7);
INSERT INTO ranking_por_hora(id_ranking,posicion,hora) VALUES (65,4,7);
INSERT INTO ranking_por_hora(id_ranking,posicion,hora) VALUES (67,5,7);
INSERT INTO ranking_por_hora(id_ranking,posicion,hora) VALUES (66,6,7);
INSERT INTO ranking_por_hora(id_ranking,posicion,hora) VALUES (73,7,7);
INSERT INTO ranking_por_hora(id_ranking,posicion,hora) VALUES (68,8,7);
INSERT INTO ranking_por_hora(id_ranking,posicion,hora) VALUES (111,9,7);
INSERT INTO ranking_por_hora(id_ranking,posicion,hora) VALUES (69,10,7);
INSERT INTO ranking_por_hora(id_ranking,posicion,hora) VALUES (112,11,7);
INSERT INTO ranking_por_hora(id_ranking,posicion,hora) VALUES (71,12,7);
INSERT INTO ranking_por_hora(id_ranking,posicion,hora) VALUES (70,13,7);
INSERT INTO ranking_por_hora(id_ranking,posicion,hora) VALUES (81,14,7);
INSERT INTO ranking_por_hora(id_ranking,posicion,hora) VALUES (72,15,7);
INSERT INTO ranking_por_hora(id_ranking,posicion,hora) VALUES (75,16,7);
INSERT INTO ranking_por_hora(id_ranking,posicion,hora) VALUES (74,17,7);
INSERT INTO ranking_por_hora(id_ranking,posicion,hora) VALUES (77,18,7);
INSERT INTO ranking_por_hora(id_ranking,posicion,hora) VALUES (80,19,7);
INSERT INTO ranking_por_hora(id_ranking,posicion,hora) VALUES (110,20,7);
INSERT INTO ranking_por_hora(id_ranking,posicion,hora) VALUES (76,21,7);
INSERT INTO ranking_por_hora(id_ranking,posicion,hora) VALUES (79,22,7);
INSERT INTO ranking_por_hora(id_ranking,posicion,hora) VALUES (107,23,7);
INSERT INTO ranking_por_hora(id_ranking,posicion,hora) VALUES (78,24,7);
INSERT INTO ranking_por_hora(id_ranking,posicion,hora) VALUES (115,25,7);
INSERT INTO ranking_por_hora(id_ranking,posicion,hora) VALUES (88,26,7);
INSERT INTO ranking_por_hora(id_ranking,posicion,hora) VALUES (91,27,7);
INSERT INTO ranking_por_hora(id_ranking,posicion,hora) VALUES (90,28,7);
INSERT INTO ranking_por_hora(id_ranking,posicion,hora) VALUES (82,29,7);
INSERT INTO ranking_por_hora(id_ranking,posicion,hora) VALUES (85,30,7);
INSERT INTO ranking_por_hora(id_ranking,posicion,hora) VALUES (86,31,7);
INSERT INTO ranking_por_hora(id_ranking,posicion,hora) VALUES (84,32,7);
INSERT INTO ranking_por_hora(id_ranking,posicion,hora) VALUES (116,33,7);
INSERT INTO ranking_por_hora(id_ranking,posicion,hora) VALUES (122,34,7);
INSERT INTO ranking_por_hora(id_ranking,posicion,hora) VALUES (83,35,7);
INSERT INTO ranking_por_hora(id_ranking,posicion,hora) VALUES (89,36,7);
INSERT INTO ranking_por_hora(id_ranking,posicion,hora) VALUES (92,37,7);
INSERT INTO ranking_por_hora(id_ranking,posicion,hora) VALUES (106,38,7);
INSERT INTO ranking_por_hora(id_ranking,posicion,hora) VALUES (87,39,7);
INSERT INTO ranking_por_hora(id_ranking,posicion,hora) VALUES (117,40,7);
INSERT INTO ranking_por_hora(id_ranking,posicion,hora) VALUES (109,41,7);
INSERT INTO ranking_por_hora(id_ranking,posicion,hora) VALUES (102,42,7);
INSERT INTO ranking_por_hora(id_ranking,posicion,hora) VALUES (123,43,7);
INSERT INTO ranking_por_hora(id_ranking,posicion,hora) VALUES (94,44,7);
INSERT INTO ranking_por_hora(id_ranking,posicion,hora) VALUES (93,45,7);
INSERT INTO ranking_por_hora(id_ranking,posicion,hora) VALUES (104,46,7);
INSERT INTO ranking_por_hora(id_ranking,posicion,hora) VALUES (96,47,7);
INSERT INTO ranking_por_hora(id_ranking,posicion,hora) VALUES (95,48,7);
INSERT INTO ranking_por_hora(id_ranking,posicion,hora) VALUES (99,49,7);
INSERT INTO ranking_por_hora(id_ranking,posicion,hora) VALUES (98,50,7);
INSERT INTO ranking_por_hora(id_ranking,posicion,hora) VALUES (101,51,7);
INSERT INTO ranking_por_hora(id_ranking,posicion,hora) VALUES (97,52,7);
INSERT INTO ranking_por_hora(id_ranking,posicion,hora) VALUES (100,53,7);
INSERT INTO ranking_por_hora(id_ranking,posicion,hora) VALUES (103,54,7);
INSERT INTO ranking_por_hora(id_ranking,posicion,hora) VALUES (105,55,7);
INSERT INTO ranking_por_hora(id_ranking,posicion,hora) VALUES (108,56,7);
INSERT INTO ranking_por_hora(id_ranking,posicion,hora) VALUES (114,57,7);
INSERT INTO ranking_por_hora(id_ranking,posicion,hora) VALUES (118,58,7);
INSERT INTO ranking_por_hora(id_ranking,posicion,hora) VALUES (120,59,7);
INSERT INTO ranking_por_hora(id_ranking,posicion,hora) VALUES (121,60,7);
INSERT INTO ranking_por_hora(id_ranking,posicion,hora) VALUES (63,1,8);
INSERT INTO ranking_por_hora(id_ranking,posicion,hora) VALUES (64,2,8);
INSERT INTO ranking_por_hora(id_ranking,posicion,hora) VALUES (113,3,8);
INSERT INTO ranking_por_hora(id_ranking,posicion,hora) VALUES (65,4,8);
INSERT INTO ranking_por_hora(id_ranking,posicion,hora) VALUES (67,5,8);
INSERT INTO ranking_por_hora(id_ranking,posicion,hora) VALUES (66,6,8);
INSERT INTO ranking_por_hora(id_ranking,posicion,hora) VALUES (73,7,8);
INSERT INTO ranking_por_hora(id_ranking,posicion,hora) VALUES (68,8,8);
INSERT INTO ranking_por_hora(id_ranking,posicion,hora) VALUES (111,9,8);
INSERT INTO ranking_por_hora(id_ranking,posicion,hora) VALUES (69,10,8);
INSERT INTO ranking_por_hora(id_ranking,posicion,hora) VALUES (112,11,8);
INSERT INTO ranking_por_hora(id_ranking,posicion,hora) VALUES (71,12,8);
INSERT INTO ranking_por_hora(id_ranking,posicion,hora) VALUES (70,13,8);
INSERT INTO ranking_por_hora(id_ranking,posicion,hora) VALUES (81,14,8);
INSERT INTO ranking_por_hora(id_ranking,posicion,hora) VALUES (72,15,8);
INSERT INTO ranking_por_hora(id_ranking,posicion,hora) VALUES (75,16,8);
INSERT INTO ranking_por_hora(id_ranking,posicion,hora) VALUES (74,17,8);
INSERT INTO ranking_por_hora(id_ranking,posicion,hora) VALUES (77,18,8);
INSERT INTO ranking_por_hora(id_ranking,posicion,hora) VALUES (80,19,8);
INSERT INTO ranking_por_hora(id_ranking,posicion,hora) VALUES (110,20,8);
INSERT INTO ranking_por_hora(id_ranking,posicion,hora) VALUES (76,21,8);
INSERT INTO ranking_por_hora(id_ranking,posicion,hora) VALUES (79,22,8);
INSERT INTO ranking_por_hora(id_ranking,posicion,hora) VALUES (107,23,8);
INSERT INTO ranking_por_hora(id_ranking,posicion,hora) VALUES (78,24,8);
INSERT INTO ranking_por_hora(id_ranking,posicion,hora) VALUES (115,25,8);
INSERT INTO ranking_por_hora(id_ranking,posicion,hora) VALUES (88,26,8);
INSERT INTO ranking_por_hora(id_ranking,posicion,hora) VALUES (91,27,8);
INSERT INTO ranking_por_hora(id_ranking,posicion,hora) VALUES (90,28,8);
INSERT INTO ranking_por_hora(id_ranking,posicion,hora) VALUES (82,29,8);
INSERT INTO ranking_por_hora(id_ranking,posicion,hora) VALUES (85,30,8);
INSERT INTO ranking_por_hora(id_ranking,posicion,hora) VALUES (86,31,8);
INSERT INTO ranking_por_hora(id_ranking,posicion,hora) VALUES (84,32,8);
INSERT INTO ranking_por_hora(id_ranking,posicion,hora) VALUES (116,33,8);
INSERT INTO ranking_por_hora(id_ranking,posicion,hora) VALUES (122,34,8);
INSERT INTO ranking_por_hora(id_ranking,posicion,hora) VALUES (83,35,8);
INSERT INTO ranking_por_hora(id_ranking,posicion,hora) VALUES (89,36,8);
INSERT INTO ranking_por_hora(id_ranking,posicion,hora) VALUES (92,37,8);
INSERT INTO ranking_por_hora(id_ranking,posicion,hora) VALUES (106,38,8);
INSERT INTO ranking_por_hora(id_ranking,posicion,hora) VALUES (87,39,8);
INSERT INTO ranking_por_hora(id_ranking,posicion,hora) VALUES (117,40,8);
INSERT INTO ranking_por_hora(id_ranking,posicion,hora) VALUES (109,41,8);
INSERT INTO ranking_por_hora(id_ranking,posicion,hora) VALUES (102,42,8);
INSERT INTO ranking_por_hora(id_ranking,posicion,hora) VALUES (123,43,8);
INSERT INTO ranking_por_hora(id_ranking,posicion,hora) VALUES (94,44,8);
INSERT INTO ranking_por_hora(id_ranking,posicion,hora) VALUES (93,45,8);
INSERT INTO ranking_por_hora(id_ranking,posicion,hora) VALUES (104,46,8);
INSERT INTO ranking_por_hora(id_ranking,posicion,hora) VALUES (96,47,8);
INSERT INTO ranking_por_hora(id_ranking,posicion,hora) VALUES (95,48,8);
INSERT INTO ranking_por_hora(id_ranking,posicion,hora) VALUES (99,49,8);
INSERT INTO ranking_por_hora(id_ranking,posicion,hora) VALUES (98,50,8);
INSERT INTO ranking_por_hora(id_ranking,posicion,hora) VALUES (101,51,8);
INSERT INTO ranking_por_hora(id_ranking,posicion,hora) VALUES (97,52,8);
INSERT INTO ranking_por_hora(id_ranking,posicion,hora) VALUES (100,53,8);
INSERT INTO ranking_por_hora(id_ranking,posicion,hora) VALUES (103,54,8);
INSERT INTO ranking_por_hora(id_ranking,posicion,hora) VALUES (105,55,8);
INSERT INTO ranking_por_hora(id_ranking,posicion,hora) VALUES (108,56,8);
INSERT INTO ranking_por_hora(id_ranking,posicion,hora) VALUES (114,57,8);
INSERT INTO ranking_por_hora(id_ranking,posicion,hora) VALUES (118,58,8);
INSERT INTO ranking_por_hora(id_ranking,posicion,hora) VALUES (120,59,8);
INSERT INTO ranking_por_hora(id_ranking,posicion,hora) VALUES (121,60,8);
INSERT INTO ranking_por_hora(id_ranking,posicion,hora) VALUES (64,1,9);
INSERT INTO ranking_por_hora(id_ranking,posicion,hora) VALUES (63,2,9);
INSERT INTO ranking_por_hora(id_ranking,posicion,hora) VALUES (113,3,9);
INSERT INTO ranking_por_hora(id_ranking,posicion,hora) VALUES (65,4,9);
INSERT INTO ranking_por_hora(id_ranking,posicion,hora) VALUES (67,5,9);
INSERT INTO ranking_por_hora(id_ranking,posicion,hora) VALUES (66,6,9);
INSERT INTO ranking_por_hora(id_ranking,posicion,hora) VALUES (73,7,9);
INSERT INTO ranking_por_hora(id_ranking,posicion,hora) VALUES (68,8,9);
INSERT INTO ranking_por_hora(id_ranking,posicion,hora) VALUES (69,9,9);
INSERT INTO ranking_por_hora(id_ranking,posicion,hora) VALUES (111,10,9);
INSERT INTO ranking_por_hora(id_ranking,posicion,hora) VALUES (112,11,9);
INSERT INTO ranking_por_hora(id_ranking,posicion,hora) VALUES (71,12,9);
INSERT INTO ranking_por_hora(id_ranking,posicion,hora) VALUES (70,13,9);
INSERT INTO ranking_por_hora(id_ranking,posicion,hora) VALUES (81,14,9);
INSERT INTO ranking_por_hora(id_ranking,posicion,hora) VALUES (72,15,9);
INSERT INTO ranking_por_hora(id_ranking,posicion,hora) VALUES (75,16,9);
INSERT INTO ranking_por_hora(id_ranking,posicion,hora) VALUES (74,17,9);
INSERT INTO ranking_por_hora(id_ranking,posicion,hora) VALUES (77,18,9);
INSERT INTO ranking_por_hora(id_ranking,posicion,hora) VALUES (80,19,9);
INSERT INTO ranking_por_hora(id_ranking,posicion,hora) VALUES (110,20,9);
INSERT INTO ranking_por_hora(id_ranking,posicion,hora) VALUES (79,21,9);
INSERT INTO ranking_por_hora(id_ranking,posicion,hora) VALUES (76,22,9);
INSERT INTO ranking_por_hora(id_ranking,posicion,hora) VALUES (88,23,9);
INSERT INTO ranking_por_hora(id_ranking,posicion,hora) VALUES (78,24,9);
INSERT INTO ranking_por_hora(id_ranking,posicion,hora) VALUES (115,25,9);
INSERT INTO ranking_por_hora(id_ranking,posicion,hora) VALUES (91,26,9);
INSERT INTO ranking_por_hora(id_ranking,posicion,hora) VALUES (90,27,9);
INSERT INTO ranking_por_hora(id_ranking,posicion,hora) VALUES (82,28,9);
INSERT INTO ranking_por_hora(id_ranking,posicion,hora) VALUES (85,29,9);
INSERT INTO ranking_por_hora(id_ranking,posicion,hora) VALUES (84,30,9);
INSERT INTO ranking_por_hora(id_ranking,posicion,hora) VALUES (116,31,9);
INSERT INTO ranking_por_hora(id_ranking,posicion,hora) VALUES (83,32,9);
INSERT INTO ranking_por_hora(id_ranking,posicion,hora) VALUES (86,33,9);
INSERT INTO ranking_por_hora(id_ranking,posicion,hora) VALUES (122,34,9);
INSERT INTO ranking_por_hora(id_ranking,posicion,hora) VALUES (89,35,9);
INSERT INTO ranking_por_hora(id_ranking,posicion,hora) VALUES (92,36,9);
INSERT INTO ranking_por_hora(id_ranking,posicion,hora) VALUES (107,37,9);
INSERT INTO ranking_por_hora(id_ranking,posicion,hora) VALUES (87,38,9);
INSERT INTO ranking_por_hora(id_ranking,posicion,hora) VALUES (106,39,9);
INSERT INTO ranking_por_hora(id_ranking,posicion,hora) VALUES (117,40,9);
INSERT INTO ranking_por_hora(id_ranking,posicion,hora) VALUES (102,41,9);
INSERT INTO ranking_por_hora(id_ranking,posicion,hora) VALUES (123,42,9);
INSERT INTO ranking_por_hora(id_ranking,posicion,hora) VALUES (94,43,9);
INSERT INTO ranking_por_hora(id_ranking,posicion,hora) VALUES (93,44,9);
INSERT INTO ranking_por_hora(id_ranking,posicion,hora) VALUES (96,45,9);
INSERT INTO ranking_por_hora(id_ranking,posicion,hora) VALUES (109,46,9);
INSERT INTO ranking_por_hora(id_ranking,posicion,hora) VALUES (95,47,9);
INSERT INTO ranking_por_hora(id_ranking,posicion,hora) VALUES (104,48,9);
INSERT INTO ranking_por_hora(id_ranking,posicion,hora) VALUES (99,49,9);
INSERT INTO ranking_por_hora(id_ranking,posicion,hora) VALUES (98,50,9);
INSERT INTO ranking_por_hora(id_ranking,posicion,hora) VALUES (97,51,9);
INSERT INTO ranking_por_hora(id_ranking,posicion,hora) VALUES (100,52,9);
INSERT INTO ranking_por_hora(id_ranking,posicion,hora) VALUES (101,53,9);
INSERT INTO ranking_por_hora(id_ranking,posicion,hora) VALUES (105,54,9);
INSERT INTO ranking_por_hora(id_ranking,posicion,hora) VALUES (103,55,9);
INSERT INTO ranking_por_hora(id_ranking,posicion,hora) VALUES (108,56,9);
INSERT INTO ranking_por_hora(id_ranking,posicion,hora) VALUES (114,57,9);
INSERT INTO ranking_por_hora(id_ranking,posicion,hora) VALUES (118,58,9);
INSERT INTO ranking_por_hora(id_ranking,posicion,hora) VALUES (120,59,9);
INSERT INTO ranking_por_hora(id_ranking,posicion,hora) VALUES (121,60,9);
INSERT INTO ranking_por_hora(id_ranking,posicion,hora) VALUES (64,1,10);
INSERT INTO ranking_por_hora(id_ranking,posicion,hora) VALUES (63,2,10);
INSERT INTO ranking_por_hora(id_ranking,posicion,hora) VALUES (113,3,10);
INSERT INTO ranking_por_hora(id_ranking,posicion,hora) VALUES (65,4,10);
INSERT INTO ranking_por_hora(id_ranking,posicion,hora) VALUES (67,5,10);
INSERT INTO ranking_por_hora(id_ranking,posicion,hora) VALUES (66,6,10);
INSERT INTO ranking_por_hora(id_ranking,posicion,hora) VALUES (73,7,10);
INSERT INTO ranking_por_hora(id_ranking,posicion,hora) VALUES (68,8,10);
INSERT INTO ranking_por_hora(id_ranking,posicion,hora) VALUES (69,9,10);
INSERT INTO ranking_por_hora(id_ranking,posicion,hora) VALUES (111,10,10);
INSERT INTO ranking_por_hora(id_ranking,posicion,hora) VALUES (112,11,10);
INSERT INTO ranking_por_hora(id_ranking,posicion,hora) VALUES (70,12,10);
INSERT INTO ranking_por_hora(id_ranking,posicion,hora) VALUES (81,13,10);
INSERT INTO ranking_por_hora(id_ranking,posicion,hora) VALUES (71,14,10);
INSERT INTO ranking_por_hora(id_ranking,posicion,hora) VALUES (72,15,10);
INSERT INTO ranking_por_hora(id_ranking,posicion,hora) VALUES (74,16,10);
INSERT INTO ranking_por_hora(id_ranking,posicion,hora) VALUES (75,17,10);
INSERT INTO ranking_por_hora(id_ranking,posicion,hora) VALUES (77,18,10);
INSERT INTO ranking_por_hora(id_ranking,posicion,hora) VALUES (80,19,10);
INSERT INTO ranking_por_hora(id_ranking,posicion,hora) VALUES (76,20,10);
INSERT INTO ranking_por_hora(id_ranking,posicion,hora) VALUES (110,21,10);
INSERT INTO ranking_por_hora(id_ranking,posicion,hora) VALUES (79,22,10);
INSERT INTO ranking_por_hora(id_ranking,posicion,hora) VALUES (78,23,10);
INSERT INTO ranking_por_hora(id_ranking,posicion,hora) VALUES (88,24,10);
INSERT INTO ranking_por_hora(id_ranking,posicion,hora) VALUES (115,25,10);
INSERT INTO ranking_por_hora(id_ranking,posicion,hora) VALUES (82,26,10);
INSERT INTO ranking_por_hora(id_ranking,posicion,hora) VALUES (91,27,10);
INSERT INTO ranking_por_hora(id_ranking,posicion,hora) VALUES (90,28,10);
INSERT INTO ranking_por_hora(id_ranking,posicion,hora) VALUES (85,29,10);
INSERT INTO ranking_por_hora(id_ranking,posicion,hora) VALUES (86,30,10);
INSERT INTO ranking_por_hora(id_ranking,posicion,hora) VALUES (84,31,10);
INSERT INTO ranking_por_hora(id_ranking,posicion,hora) VALUES (83,32,10);
INSERT INTO ranking_por_hora(id_ranking,posicion,hora) VALUES (122,33,10);
INSERT INTO ranking_por_hora(id_ranking,posicion,hora) VALUES (107,34,10);
INSERT INTO ranking_por_hora(id_ranking,posicion,hora) VALUES (89,35,10);
INSERT INTO ranking_por_hora(id_ranking,posicion,hora) VALUES (92,36,10);
INSERT INTO ranking_por_hora(id_ranking,posicion,hora) VALUES (87,37,10);
INSERT INTO ranking_por_hora(id_ranking,posicion,hora) VALUES (102,38,10);
INSERT INTO ranking_por_hora(id_ranking,posicion,hora) VALUES (116,39,10);
INSERT INTO ranking_por_hora(id_ranking,posicion,hora) VALUES (123,40,10);
INSERT INTO ranking_por_hora(id_ranking,posicion,hora) VALUES (93,41,10);
INSERT INTO ranking_por_hora(id_ranking,posicion,hora) VALUES (94,42,10);
INSERT INTO ranking_por_hora(id_ranking,posicion,hora) VALUES (96,43,10);
INSERT INTO ranking_por_hora(id_ranking,posicion,hora) VALUES (109,44,10);
INSERT INTO ranking_por_hora(id_ranking,posicion,hora) VALUES (95,45,10);
INSERT INTO ranking_por_hora(id_ranking,posicion,hora) VALUES (104,46,10);
INSERT INTO ranking_por_hora(id_ranking,posicion,hora) VALUES (99,47,10);
INSERT INTO ranking_por_hora(id_ranking,posicion,hora) VALUES (98,48,10);
INSERT INTO ranking_por_hora(id_ranking,posicion,hora) VALUES (97,49,10);
INSERT INTO ranking_por_hora(id_ranking,posicion,hora) VALUES (100,50,10);
INSERT INTO ranking_por_hora(id_ranking,posicion,hora) VALUES (105,51,10);
INSERT INTO ranking_por_hora(id_ranking,posicion,hora) VALUES (101,52,10);
INSERT INTO ranking_por_hora(id_ranking,posicion,hora) VALUES (103,53,10);
INSERT INTO ranking_por_hora(id_ranking,posicion,hora) VALUES (106,54,10);
INSERT INTO ranking_por_hora(id_ranking,posicion,hora) VALUES (108,55,10);
INSERT INTO ranking_por_hora(id_ranking,posicion,hora) VALUES (117,56,10);
INSERT INTO ranking_por_hora(id_ranking,posicion,hora) VALUES (114,57,10);
INSERT INTO ranking_por_hora(id_ranking,posicion,hora) VALUES (118,58,10);
INSERT INTO ranking_por_hora(id_ranking,posicion,hora) VALUES (120,59,10);
INSERT INTO ranking_por_hora(id_ranking,posicion,hora) VALUES (121,60,10);
INSERT INTO ranking_por_hora(id_ranking,posicion,hora) VALUES (63,1,11);
INSERT INTO ranking_por_hora(id_ranking,posicion,hora) VALUES (64,2,11);
INSERT INTO ranking_por_hora(id_ranking,posicion,hora) VALUES (67,3,11);
INSERT INTO ranking_por_hora(id_ranking,posicion,hora) VALUES (65,4,11);
INSERT INTO ranking_por_hora(id_ranking,posicion,hora) VALUES (66,5,11);
INSERT INTO ranking_por_hora(id_ranking,posicion,hora) VALUES (73,6,11);
INSERT INTO ranking_por_hora(id_ranking,posicion,hora) VALUES (68,7,11);
INSERT INTO ranking_por_hora(id_ranking,posicion,hora) VALUES (69,8,11);
INSERT INTO ranking_por_hora(id_ranking,posicion,hora) VALUES (111,9,11);
INSERT INTO ranking_por_hora(id_ranking,posicion,hora) VALUES (70,10,11);
INSERT INTO ranking_por_hora(id_ranking,posicion,hora) VALUES (112,11,11);
INSERT INTO ranking_por_hora(id_ranking,posicion,hora) VALUES (71,12,11);
INSERT INTO ranking_por_hora(id_ranking,posicion,hora) VALUES (81,13,11);
INSERT INTO ranking_por_hora(id_ranking,posicion,hora) VALUES (72,14,11);
INSERT INTO ranking_por_hora(id_ranking,posicion,hora) VALUES (74,15,11);
INSERT INTO ranking_por_hora(id_ranking,posicion,hora) VALUES (75,16,11);
INSERT INTO ranking_por_hora(id_ranking,posicion,hora) VALUES (113,17,11);
INSERT INTO ranking_por_hora(id_ranking,posicion,hora) VALUES (77,18,11);
INSERT INTO ranking_por_hora(id_ranking,posicion,hora) VALUES (76,19,11);
INSERT INTO ranking_por_hora(id_ranking,posicion,hora) VALUES (80,20,11);
INSERT INTO ranking_por_hora(id_ranking,posicion,hora) VALUES (110,21,11);
INSERT INTO ranking_por_hora(id_ranking,posicion,hora) VALUES (79,22,11);
INSERT INTO ranking_por_hora(id_ranking,posicion,hora) VALUES (78,23,11);
INSERT INTO ranking_por_hora(id_ranking,posicion,hora) VALUES (88,24,11);
INSERT INTO ranking_por_hora(id_ranking,posicion,hora) VALUES (91,25,11);
INSERT INTO ranking_por_hora(id_ranking,posicion,hora) VALUES (82,26,11);
INSERT INTO ranking_por_hora(id_ranking,posicion,hora) VALUES (84,27,11);
INSERT INTO ranking_por_hora(id_ranking,posicion,hora) VALUES (83,28,11);
INSERT INTO ranking_por_hora(id_ranking,posicion,hora) VALUES (107,29,11);
INSERT INTO ranking_por_hora(id_ranking,posicion,hora) VALUES (122,30,11);
INSERT INTO ranking_por_hora(id_ranking,posicion,hora) VALUES (86,31,11);
INSERT INTO ranking_por_hora(id_ranking,posicion,hora) VALUES (90,32,11);
INSERT INTO ranking_por_hora(id_ranking,posicion,hora) VALUES (85,33,11);
INSERT INTO ranking_por_hora(id_ranking,posicion,hora) VALUES (89,34,11);
INSERT INTO ranking_por_hora(id_ranking,posicion,hora) VALUES (87,35,11);
INSERT INTO ranking_por_hora(id_ranking,posicion,hora) VALUES (102,36,11);
INSERT INTO ranking_por_hora(id_ranking,posicion,hora) VALUES (115,37,11);
INSERT INTO ranking_por_hora(id_ranking,posicion,hora) VALUES (92,38,11);
INSERT INTO ranking_por_hora(id_ranking,posicion,hora) VALUES (123,39,11);
INSERT INTO ranking_por_hora(id_ranking,posicion,hora) VALUES (96,40,11);
INSERT INTO ranking_por_hora(id_ranking,posicion,hora) VALUES (104,41,11);
INSERT INTO ranking_por_hora(id_ranking,posicion,hora) VALUES (93,42,11);
INSERT INTO ranking_por_hora(id_ranking,posicion,hora) VALUES (95,43,11);
INSERT INTO ranking_por_hora(id_ranking,posicion,hora) VALUES (94,44,11);
INSERT INTO ranking_por_hora(id_ranking,posicion,hora) VALUES (99,45,11);
INSERT INTO ranking_por_hora(id_ranking,posicion,hora) VALUES (97,46,11);
INSERT INTO ranking_por_hora(id_ranking,posicion,hora) VALUES (109,47,11);
INSERT INTO ranking_por_hora(id_ranking,posicion,hora) VALUES (100,48,11);
INSERT INTO ranking_por_hora(id_ranking,posicion,hora) VALUES (98,49,11);
INSERT INTO ranking_por_hora(id_ranking,posicion,hora) VALUES (105,50,11);
INSERT INTO ranking_por_hora(id_ranking,posicion,hora) VALUES (103,51,11);
INSERT INTO ranking_por_hora(id_ranking,posicion,hora) VALUES (101,52,11);
INSERT INTO ranking_por_hora(id_ranking,posicion,hora) VALUES (106,53,11);
INSERT INTO ranking_por_hora(id_ranking,posicion,hora) VALUES (108,54,11);
INSERT INTO ranking_por_hora(id_ranking,posicion,hora) VALUES (116,55,11);
INSERT INTO ranking_por_hora(id_ranking,posicion,hora) VALUES (114,56,11);
INSERT INTO ranking_por_hora(id_ranking,posicion,hora) VALUES (117,57,11);
INSERT INTO ranking_por_hora(id_ranking,posicion,hora) VALUES (118,58,11);
INSERT INTO ranking_por_hora(id_ranking,posicion,hora) VALUES (120,59,11);
INSERT INTO ranking_por_hora(id_ranking,posicion,hora) VALUES (121,60,11);
INSERT INTO ranking_por_hora(id_ranking,posicion,hora) VALUES (64,1,12);
INSERT INTO ranking_por_hora(id_ranking,posicion,hora) VALUES (63,2,12);
INSERT INTO ranking_por_hora(id_ranking,posicion,hora) VALUES (67,3,12);
INSERT INTO ranking_por_hora(id_ranking,posicion,hora) VALUES (65,4,12);
INSERT INTO ranking_por_hora(id_ranking,posicion,hora) VALUES (66,5,12);
INSERT INTO ranking_por_hora(id_ranking,posicion,hora) VALUES (73,6,12);
INSERT INTO ranking_por_hora(id_ranking,posicion,hora) VALUES (68,7,12);
INSERT INTO ranking_por_hora(id_ranking,posicion,hora) VALUES (69,8,12);
INSERT INTO ranking_por_hora(id_ranking,posicion,hora) VALUES (111,9,12);
INSERT INTO ranking_por_hora(id_ranking,posicion,hora) VALUES (70,10,12);
INSERT INTO ranking_por_hora(id_ranking,posicion,hora) VALUES (112,11,12);
INSERT INTO ranking_por_hora(id_ranking,posicion,hora) VALUES (81,12,12);
INSERT INTO ranking_por_hora(id_ranking,posicion,hora) VALUES (71,13,12);
INSERT INTO ranking_por_hora(id_ranking,posicion,hora) VALUES (72,14,12);
INSERT INTO ranking_por_hora(id_ranking,posicion,hora) VALUES (74,15,12);
INSERT INTO ranking_por_hora(id_ranking,posicion,hora) VALUES (75,16,12);
INSERT INTO ranking_por_hora(id_ranking,posicion,hora) VALUES (77,17,12);
INSERT INTO ranking_por_hora(id_ranking,posicion,hora) VALUES (76,18,12);
INSERT INTO ranking_por_hora(id_ranking,posicion,hora) VALUES (80,19,12);
INSERT INTO ranking_por_hora(id_ranking,posicion,hora) VALUES (110,20,12);
INSERT INTO ranking_por_hora(id_ranking,posicion,hora) VALUES (79,21,12);
INSERT INTO ranking_por_hora(id_ranking,posicion,hora) VALUES (78,22,12);
INSERT INTO ranking_por_hora(id_ranking,posicion,hora) VALUES (88,23,12);
INSERT INTO ranking_por_hora(id_ranking,posicion,hora) VALUES (107,24,12);
INSERT INTO ranking_por_hora(id_ranking,posicion,hora) VALUES (91,25,12);
INSERT INTO ranking_por_hora(id_ranking,posicion,hora) VALUES (82,26,12);
INSERT INTO ranking_por_hora(id_ranking,posicion,hora) VALUES (83,27,12);
INSERT INTO ranking_por_hora(id_ranking,posicion,hora) VALUES (84,28,12);
INSERT INTO ranking_por_hora(id_ranking,posicion,hora) VALUES (90,29,12);
INSERT INTO ranking_por_hora(id_ranking,posicion,hora) VALUES (122,30,12);
INSERT INTO ranking_por_hora(id_ranking,posicion,hora) VALUES (86,31,12);
INSERT INTO ranking_por_hora(id_ranking,posicion,hora) VALUES (85,32,12);
INSERT INTO ranking_por_hora(id_ranking,posicion,hora) VALUES (89,33,12);
INSERT INTO ranking_por_hora(id_ranking,posicion,hora) VALUES (87,34,12);
INSERT INTO ranking_por_hora(id_ranking,posicion,hora) VALUES (102,35,12);
INSERT INTO ranking_por_hora(id_ranking,posicion,hora) VALUES (92,36,12);
INSERT INTO ranking_por_hora(id_ranking,posicion,hora) VALUES (123,37,12);
INSERT INTO ranking_por_hora(id_ranking,posicion,hora) VALUES (104,38,12);
INSERT INTO ranking_por_hora(id_ranking,posicion,hora) VALUES (96,39,12);
INSERT INTO ranking_por_hora(id_ranking,posicion,hora) VALUES (94,40,12);
INSERT INTO ranking_por_hora(id_ranking,posicion,hora) VALUES (93,41,12);
INSERT INTO ranking_por_hora(id_ranking,posicion,hora) VALUES (95,42,12);
INSERT INTO ranking_por_hora(id_ranking,posicion,hora) VALUES (99,43,12);
INSERT INTO ranking_por_hora(id_ranking,posicion,hora) VALUES (113,44,12);
INSERT INTO ranking_por_hora(id_ranking,posicion,hora) VALUES (109,45,12);
INSERT INTO ranking_por_hora(id_ranking,posicion,hora) VALUES (97,46,12);
INSERT INTO ranking_por_hora(id_ranking,posicion,hora) VALUES (100,47,12);
INSERT INTO ranking_por_hora(id_ranking,posicion,hora) VALUES (98,48,12);
INSERT INTO ranking_por_hora(id_ranking,posicion,hora) VALUES (105,49,12);
INSERT INTO ranking_por_hora(id_ranking,posicion,hora) VALUES (103,50,12);
INSERT INTO ranking_por_hora(id_ranking,posicion,hora) VALUES (101,51,12);
INSERT INTO ranking_por_hora(id_ranking,posicion,hora) VALUES (106,52,12);
INSERT INTO ranking_por_hora(id_ranking,posicion,hora) VALUES (115,53,12);
INSERT INTO ranking_por_hora(id_ranking,posicion,hora) VALUES (108,54,12);
INSERT INTO ranking_por_hora(id_ranking,posicion,hora) VALUES (114,55,12);
INSERT INTO ranking_por_hora(id_ranking,posicion,hora) VALUES (116,56,12);
INSERT INTO ranking_por_hora(id_ranking,posicion,hora) VALUES (117,57,12);
INSERT INTO ranking_por_hora(id_ranking,posicion,hora) VALUES (118,58,12);
INSERT INTO ranking_por_hora(id_ranking,posicion,hora) VALUES (120,59,12);
INSERT INTO ranking_por_hora(id_ranking,posicion,hora) VALUES (121,60,12);
INSERT INTO ranking_por_hora(id_ranking,posicion,hora) VALUES (64,1,13);
INSERT INTO ranking_por_hora(id_ranking,posicion,hora) VALUES (63,2,13);
INSERT INTO ranking_por_hora(id_ranking,posicion,hora) VALUES (67,3,13);
INSERT INTO ranking_por_hora(id_ranking,posicion,hora) VALUES (65,4,13);
INSERT INTO ranking_por_hora(id_ranking,posicion,hora) VALUES (66,5,13);
INSERT INTO ranking_por_hora(id_ranking,posicion,hora) VALUES (73,6,13);
INSERT INTO ranking_por_hora(id_ranking,posicion,hora) VALUES (68,7,13);
INSERT INTO ranking_por_hora(id_ranking,posicion,hora) VALUES (69,8,13);
INSERT INTO ranking_por_hora(id_ranking,posicion,hora) VALUES (111,9,13);
INSERT INTO ranking_por_hora(id_ranking,posicion,hora) VALUES (70,10,13);
INSERT INTO ranking_por_hora(id_ranking,posicion,hora) VALUES (112,11,13);
INSERT INTO ranking_por_hora(id_ranking,posicion,hora) VALUES (71,12,13);
INSERT INTO ranking_por_hora(id_ranking,posicion,hora) VALUES (72,13,13);
INSERT INTO ranking_por_hora(id_ranking,posicion,hora) VALUES (74,14,13);
INSERT INTO ranking_por_hora(id_ranking,posicion,hora) VALUES (75,15,13);
INSERT INTO ranking_por_hora(id_ranking,posicion,hora) VALUES (76,16,13);
INSERT INTO ranking_por_hora(id_ranking,posicion,hora) VALUES (110,17,13);
INSERT INTO ranking_por_hora(id_ranking,posicion,hora) VALUES (79,18,13);
INSERT INTO ranking_por_hora(id_ranking,posicion,hora) VALUES (80,19,13);
INSERT INTO ranking_por_hora(id_ranking,posicion,hora) VALUES (77,20,13);
INSERT INTO ranking_por_hora(id_ranking,posicion,hora) VALUES (81,21,13);
INSERT INTO ranking_por_hora(id_ranking,posicion,hora) VALUES (78,22,13);
INSERT INTO ranking_por_hora(id_ranking,posicion,hora) VALUES (88,23,13);
INSERT INTO ranking_por_hora(id_ranking,posicion,hora) VALUES (107,24,13);
INSERT INTO ranking_por_hora(id_ranking,posicion,hora) VALUES (82,25,13);
INSERT INTO ranking_por_hora(id_ranking,posicion,hora) VALUES (84,26,13);
INSERT INTO ranking_por_hora(id_ranking,posicion,hora) VALUES (83,27,13);
INSERT INTO ranking_por_hora(id_ranking,posicion,hora) VALUES (90,28,13);
INSERT INTO ranking_por_hora(id_ranking,posicion,hora) VALUES (122,29,13);
INSERT INTO ranking_por_hora(id_ranking,posicion,hora) VALUES (86,30,13);
INSERT INTO ranking_por_hora(id_ranking,posicion,hora) VALUES (85,31,13);
INSERT INTO ranking_por_hora(id_ranking,posicion,hora) VALUES (87,32,13);
INSERT INTO ranking_por_hora(id_ranking,posicion,hora) VALUES (89,33,13);
INSERT INTO ranking_por_hora(id_ranking,posicion,hora) VALUES (102,34,13);
INSERT INTO ranking_por_hora(id_ranking,posicion,hora) VALUES (92,35,13);
INSERT INTO ranking_por_hora(id_ranking,posicion,hora) VALUES (123,36,13);
INSERT INTO ranking_por_hora(id_ranking,posicion,hora) VALUES (91,37,13);
INSERT INTO ranking_por_hora(id_ranking,posicion,hora) VALUES (104,38,13);
INSERT INTO ranking_por_hora(id_ranking,posicion,hora) VALUES (94,39,13);
INSERT INTO ranking_por_hora(id_ranking,posicion,hora) VALUES (93,40,13);
INSERT INTO ranking_por_hora(id_ranking,posicion,hora) VALUES (96,41,13);
INSERT INTO ranking_por_hora(id_ranking,posicion,hora) VALUES (95,42,13);
INSERT INTO ranking_por_hora(id_ranking,posicion,hora) VALUES (99,43,13);
INSERT INTO ranking_por_hora(id_ranking,posicion,hora) VALUES (109,44,13);
INSERT INTO ranking_por_hora(id_ranking,posicion,hora) VALUES (97,45,13);
INSERT INTO ranking_por_hora(id_ranking,posicion,hora) VALUES (100,46,13);
INSERT INTO ranking_por_hora(id_ranking,posicion,hora) VALUES (98,47,13);
INSERT INTO ranking_por_hora(id_ranking,posicion,hora) VALUES (105,48,13);
INSERT INTO ranking_por_hora(id_ranking,posicion,hora) VALUES (101,49,13);
INSERT INTO ranking_por_hora(id_ranking,posicion,hora) VALUES (103,50,13);
INSERT INTO ranking_por_hora(id_ranking,posicion,hora) VALUES (106,51,13);
INSERT INTO ranking_por_hora(id_ranking,posicion,hora) VALUES (108,52,13);
INSERT INTO ranking_por_hora(id_ranking,posicion,hora) VALUES (114,53,13);
INSERT INTO ranking_por_hora(id_ranking,posicion,hora) VALUES (115,54,13);
INSERT INTO ranking_por_hora(id_ranking,posicion,hora) VALUES (64,1,14);
INSERT INTO ranking_por_hora(id_ranking,posicion,hora) VALUES (63,2,14);
INSERT INTO ranking_por_hora(id_ranking,posicion,hora) VALUES (67,3,14);
INSERT INTO ranking_por_hora(id_ranking,posicion,hora) VALUES (65,4,14);
INSERT INTO ranking_por_hora(id_ranking,posicion,hora) VALUES (66,5,14);
INSERT INTO ranking_por_hora(id_ranking,posicion,hora) VALUES (73,6,14);
INSERT INTO ranking_por_hora(id_ranking,posicion,hora) VALUES (68,7,14);
INSERT INTO ranking_por_hora(id_ranking,posicion,hora) VALUES (69,8,14);
INSERT INTO ranking_por_hora(id_ranking,posicion,hora) VALUES (111,9,14);
INSERT INTO ranking_por_hora(id_ranking,posicion,hora) VALUES (70,10,14);
INSERT INTO ranking_por_hora(id_ranking,posicion,hora) VALUES (71,11,14);
INSERT INTO ranking_por_hora(id_ranking,posicion,hora) VALUES (72,12,14);
INSERT INTO ranking_por_hora(id_ranking,posicion,hora) VALUES (74,13,14);
INSERT INTO ranking_por_hora(id_ranking,posicion,hora) VALUES (75,14,14);
INSERT INTO ranking_por_hora(id_ranking,posicion,hora) VALUES (76,15,14);
INSERT INTO ranking_por_hora(id_ranking,posicion,hora) VALUES (110,16,14);
INSERT INTO ranking_por_hora(id_ranking,posicion,hora) VALUES (80,17,14);
INSERT INTO ranking_por_hora(id_ranking,posicion,hora) VALUES (77,18,14);
INSERT INTO ranking_por_hora(id_ranking,posicion,hora) VALUES (79,19,14);
INSERT INTO ranking_por_hora(id_ranking,posicion,hora) VALUES (88,20,14);
INSERT INTO ranking_por_hora(id_ranking,posicion,hora) VALUES (78,21,14);
INSERT INTO ranking_por_hora(id_ranking,posicion,hora) VALUES (81,22,14);
INSERT INTO ranking_por_hora(id_ranking,posicion,hora) VALUES (107,23,14);
INSERT INTO ranking_por_hora(id_ranking,posicion,hora) VALUES (112,24,14);
INSERT INTO ranking_por_hora(id_ranking,posicion,hora) VALUES (82,25,14);
INSERT INTO ranking_por_hora(id_ranking,posicion,hora) VALUES (84,26,14);
INSERT INTO ranking_por_hora(id_ranking,posicion,hora) VALUES (83,27,14);
INSERT INTO ranking_por_hora(id_ranking,posicion,hora) VALUES (90,28,14);
INSERT INTO ranking_por_hora(id_ranking,posicion,hora) VALUES (122,29,14);
INSERT INTO ranking_por_hora(id_ranking,posicion,hora) VALUES (86,30,14);
INSERT INTO ranking_por_hora(id_ranking,posicion,hora) VALUES (85,31,14);
INSERT INTO ranking_por_hora(id_ranking,posicion,hora) VALUES (89,32,14);
INSERT INTO ranking_por_hora(id_ranking,posicion,hora) VALUES (87,33,14);
INSERT INTO ranking_por_hora(id_ranking,posicion,hora) VALUES (102,34,14);
INSERT INTO ranking_por_hora(id_ranking,posicion,hora) VALUES (92,35,14);
INSERT INTO ranking_por_hora(id_ranking,posicion,hora) VALUES (123,36,14);
INSERT INTO ranking_por_hora(id_ranking,posicion,hora) VALUES (91,37,14);
INSERT INTO ranking_por_hora(id_ranking,posicion,hora) VALUES (94,38,14);
INSERT INTO ranking_por_hora(id_ranking,posicion,hora) VALUES (93,39,14);
INSERT INTO ranking_por_hora(id_ranking,posicion,hora) VALUES (109,40,14);
INSERT INTO ranking_por_hora(id_ranking,posicion,hora) VALUES (95,41,14);
INSERT INTO ranking_por_hora(id_ranking,posicion,hora) VALUES (99,42,14);
INSERT INTO ranking_por_hora(id_ranking,posicion,hora) VALUES (104,43,14);
INSERT INTO ranking_por_hora(id_ranking,posicion,hora) VALUES (97,44,14);
INSERT INTO ranking_por_hora(id_ranking,posicion,hora) VALUES (96,45,14);
INSERT INTO ranking_por_hora(id_ranking,posicion,hora) VALUES (100,46,14);
INSERT INTO ranking_por_hora(id_ranking,posicion,hora) VALUES (98,47,14);
INSERT INTO ranking_por_hora(id_ranking,posicion,hora) VALUES (105,48,14);
INSERT INTO ranking_por_hora(id_ranking,posicion,hora) VALUES (101,49,14);
INSERT INTO ranking_por_hora(id_ranking,posicion,hora) VALUES (103,50,14);
INSERT INTO ranking_por_hora(id_ranking,posicion,hora) VALUES (106,51,14);
INSERT INTO ranking_por_hora(id_ranking,posicion,hora) VALUES (108,52,14);
INSERT INTO ranking_por_hora(id_ranking,posicion,hora) VALUES (114,53,14);
INSERT INTO ranking_por_hora(id_ranking,posicion,hora) VALUES (64,1,15);
INSERT INTO ranking_por_hora(id_ranking,posicion,hora) VALUES (63,2,15);
INSERT INTO ranking_por_hora(id_ranking,posicion,hora) VALUES (67,3,15);
INSERT INTO ranking_por_hora(id_ranking,posicion,hora) VALUES (65,4,15);
INSERT INTO ranking_por_hora(id_ranking,posicion,hora) VALUES (66,5,15);
INSERT INTO ranking_por_hora(id_ranking,posicion,hora) VALUES (73,6,15);
INSERT INTO ranking_por_hora(id_ranking,posicion,hora) VALUES (68,7,15);
INSERT INTO ranking_por_hora(id_ranking,posicion,hora) VALUES (69,8,15);
INSERT INTO ranking_por_hora(id_ranking,posicion,hora) VALUES (111,9,15);
INSERT INTO ranking_por_hora(id_ranking,posicion,hora) VALUES (70,10,15);
INSERT INTO ranking_por_hora(id_ranking,posicion,hora) VALUES (71,11,15);
INSERT INTO ranking_por_hora(id_ranking,posicion,hora) VALUES (72,12,15);
INSERT INTO ranking_por_hora(id_ranking,posicion,hora) VALUES (74,13,15);
INSERT INTO ranking_por_hora(id_ranking,posicion,hora) VALUES (75,14,15);
INSERT INTO ranking_por_hora(id_ranking,posicion,hora) VALUES (76,15,15);
INSERT INTO ranking_por_hora(id_ranking,posicion,hora) VALUES (80,16,15);
INSERT INTO ranking_por_hora(id_ranking,posicion,hora) VALUES (88,17,15);
INSERT INTO ranking_por_hora(id_ranking,posicion,hora) VALUES (77,18,15);
INSERT INTO ranking_por_hora(id_ranking,posicion,hora) VALUES (78,19,15);
INSERT INTO ranking_por_hora(id_ranking,posicion,hora) VALUES (79,20,15);
INSERT INTO ranking_por_hora(id_ranking,posicion,hora) VALUES (110,21,15);
INSERT INTO ranking_por_hora(id_ranking,posicion,hora) VALUES (107,22,15);
INSERT INTO ranking_por_hora(id_ranking,posicion,hora) VALUES (81,23,15);
INSERT INTO ranking_por_hora(id_ranking,posicion,hora) VALUES (82,24,15);
INSERT INTO ranking_por_hora(id_ranking,posicion,hora) VALUES (83,25,15);
INSERT INTO ranking_por_hora(id_ranking,posicion,hora) VALUES (90,26,15);
INSERT INTO ranking_por_hora(id_ranking,posicion,hora) VALUES (84,27,15);
INSERT INTO ranking_por_hora(id_ranking,posicion,hora) VALUES (86,28,15);
INSERT INTO ranking_por_hora(id_ranking,posicion,hora) VALUES (122,29,15);
INSERT INTO ranking_por_hora(id_ranking,posicion,hora) VALUES (85,30,15);
INSERT INTO ranking_por_hora(id_ranking,posicion,hora) VALUES (89,31,15);
INSERT INTO ranking_por_hora(id_ranking,posicion,hora) VALUES (87,32,15);
INSERT INTO ranking_por_hora(id_ranking,posicion,hora) VALUES (102,33,15);
INSERT INTO ranking_por_hora(id_ranking,posicion,hora) VALUES (92,34,15);
INSERT INTO ranking_por_hora(id_ranking,posicion,hora) VALUES (123,35,15);
INSERT INTO ranking_por_hora(id_ranking,posicion,hora) VALUES (91,36,15);
INSERT INTO ranking_por_hora(id_ranking,posicion,hora) VALUES (93,37,15);
INSERT INTO ranking_por_hora(id_ranking,posicion,hora) VALUES (109,38,15);
INSERT INTO ranking_por_hora(id_ranking,posicion,hora) VALUES (94,39,15);
INSERT INTO ranking_por_hora(id_ranking,posicion,hora) VALUES (99,40,15);
INSERT INTO ranking_por_hora(id_ranking,posicion,hora) VALUES (104,41,15);
INSERT INTO ranking_por_hora(id_ranking,posicion,hora) VALUES (95,42,15);
INSERT INTO ranking_por_hora(id_ranking,posicion,hora) VALUES (97,43,15);
INSERT INTO ranking_por_hora(id_ranking,posicion,hora) VALUES (96,44,15);
INSERT INTO ranking_por_hora(id_ranking,posicion,hora) VALUES (100,45,15);
INSERT INTO ranking_por_hora(id_ranking,posicion,hora) VALUES (98,46,15);
INSERT INTO ranking_por_hora(id_ranking,posicion,hora) VALUES (105,47,15);
INSERT INTO ranking_por_hora(id_ranking,posicion,hora) VALUES (101,48,15);
INSERT INTO ranking_por_hora(id_ranking,posicion,hora) VALUES (103,49,15);
INSERT INTO ranking_por_hora(id_ranking,posicion,hora) VALUES (108,50,15);
INSERT INTO ranking_por_hora(id_ranking,posicion,hora) VALUES (112,51,15);
INSERT INTO ranking_por_hora(id_ranking,posicion,hora) VALUES (106,52,15);
INSERT INTO ranking_por_hora(id_ranking,posicion,hora) VALUES (64,1,16);
INSERT INTO ranking_por_hora(id_ranking,posicion,hora) VALUES (63,2,16);
INSERT INTO ranking_por_hora(id_ranking,posicion,hora) VALUES (67,3,16);
INSERT INTO ranking_por_hora(id_ranking,posicion,hora) VALUES (65,4,16);
INSERT INTO ranking_por_hora(id_ranking,posicion,hora) VALUES (66,5,16);
INSERT INTO ranking_por_hora(id_ranking,posicion,hora) VALUES (73,6,16);
INSERT INTO ranking_por_hora(id_ranking,posicion,hora) VALUES (68,7,16);
INSERT INTO ranking_por_hora(id_ranking,posicion,hora) VALUES (69,8,16);
INSERT INTO ranking_por_hora(id_ranking,posicion,hora) VALUES (111,9,16);
INSERT INTO ranking_por_hora(id_ranking,posicion,hora) VALUES (70,10,16);
INSERT INTO ranking_por_hora(id_ranking,posicion,hora) VALUES (71,11,16);
INSERT INTO ranking_por_hora(id_ranking,posicion,hora) VALUES (74,12,16);
INSERT INTO ranking_por_hora(id_ranking,posicion,hora) VALUES (72,13,16);
INSERT INTO ranking_por_hora(id_ranking,posicion,hora) VALUES (75,14,16);
INSERT INTO ranking_por_hora(id_ranking,posicion,hora) VALUES (76,15,16);
INSERT INTO ranking_por_hora(id_ranking,posicion,hora) VALUES (80,16,16);
INSERT INTO ranking_por_hora(id_ranking,posicion,hora) VALUES (77,17,16);
INSERT INTO ranking_por_hora(id_ranking,posicion,hora) VALUES (88,18,16);
INSERT INTO ranking_por_hora(id_ranking,posicion,hora) VALUES (110,19,16);
INSERT INTO ranking_por_hora(id_ranking,posicion,hora) VALUES (79,20,16);
INSERT INTO ranking_por_hora(id_ranking,posicion,hora) VALUES (78,21,16);
INSERT INTO ranking_por_hora(id_ranking,posicion,hora) VALUES (107,22,16);
INSERT INTO ranking_por_hora(id_ranking,posicion,hora) VALUES (81,23,16);
INSERT INTO ranking_por_hora(id_ranking,posicion,hora) VALUES (83,24,16);
INSERT INTO ranking_por_hora(id_ranking,posicion,hora) VALUES (90,25,16);
INSERT INTO ranking_por_hora(id_ranking,posicion,hora) VALUES (84,26,16);
INSERT INTO ranking_por_hora(id_ranking,posicion,hora) VALUES (82,27,16);
INSERT INTO ranking_por_hora(id_ranking,posicion,hora) VALUES (122,28,16);
INSERT INTO ranking_por_hora(id_ranking,posicion,hora) VALUES (85,29,16);
INSERT INTO ranking_por_hora(id_ranking,posicion,hora) VALUES (86,30,16);
INSERT INTO ranking_por_hora(id_ranking,posicion,hora) VALUES (89,31,16);
INSERT INTO ranking_por_hora(id_ranking,posicion,hora) VALUES (87,32,16);
INSERT INTO ranking_por_hora(id_ranking,posicion,hora) VALUES (102,33,16);
INSERT INTO ranking_por_hora(id_ranking,posicion,hora) VALUES (92,34,16);
INSERT INTO ranking_por_hora(id_ranking,posicion,hora) VALUES (123,35,16);
INSERT INTO ranking_por_hora(id_ranking,posicion,hora) VALUES (91,36,16);
INSERT INTO ranking_por_hora(id_ranking,posicion,hora) VALUES (109,37,16);
INSERT INTO ranking_por_hora(id_ranking,posicion,hora) VALUES (93,38,16);
INSERT INTO ranking_por_hora(id_ranking,posicion,hora) VALUES (94,39,16);
INSERT INTO ranking_por_hora(id_ranking,posicion,hora) VALUES (99,40,16);
INSERT INTO ranking_por_hora(id_ranking,posicion,hora) VALUES (104,41,16);
INSERT INTO ranking_por_hora(id_ranking,posicion,hora) VALUES (95,42,16);
INSERT INTO ranking_por_hora(id_ranking,posicion,hora) VALUES (96,43,16);
INSERT INTO ranking_por_hora(id_ranking,posicion,hora) VALUES (97,44,16);
INSERT INTO ranking_por_hora(id_ranking,posicion,hora) VALUES (98,45,16);
INSERT INTO ranking_por_hora(id_ranking,posicion,hora) VALUES (105,46,16);
INSERT INTO ranking_por_hora(id_ranking,posicion,hora) VALUES (100,47,16);
INSERT INTO ranking_por_hora(id_ranking,posicion,hora) VALUES (101,48,16);
INSERT INTO ranking_por_hora(id_ranking,posicion,hora) VALUES (103,49,16);
INSERT INTO ranking_por_hora(id_ranking,posicion,hora) VALUES (108,50,16);
INSERT INTO ranking_por_hora(id_ranking,posicion,hora) VALUES (106,51,16);
INSERT INTO ranking_por_hora(id_ranking,posicion,hora) VALUES (64,1,17);
INSERT INTO ranking_por_hora(id_ranking,posicion,hora) VALUES (63,2,17);
INSERT INTO ranking_por_hora(id_ranking,posicion,hora) VALUES (65,3,17);
INSERT INTO ranking_por_hora(id_ranking,posicion,hora) VALUES (67,4,17);
INSERT INTO ranking_por_hora(id_ranking,posicion,hora) VALUES (66,5,17);
INSERT INTO ranking_por_hora(id_ranking,posicion,hora) VALUES (73,6,17);
INSERT INTO ranking_por_hora(id_ranking,posicion,hora) VALUES (68,7,17);
INSERT INTO ranking_por_hora(id_ranking,posicion,hora) VALUES (69,8,17);
INSERT INTO ranking_por_hora(id_ranking,posicion,hora) VALUES (70,9,17);
INSERT INTO ranking_por_hora(id_ranking,posicion,hora) VALUES (71,10,17);
INSERT INTO ranking_por_hora(id_ranking,posicion,hora) VALUES (72,11,17);
INSERT INTO ranking_por_hora(id_ranking,posicion,hora) VALUES (74,12,17);
INSERT INTO ranking_por_hora(id_ranking,posicion,hora) VALUES (75,13,17);
INSERT INTO ranking_por_hora(id_ranking,posicion,hora) VALUES (76,14,17);
INSERT INTO ranking_por_hora(id_ranking,posicion,hora) VALUES (80,15,17);
INSERT INTO ranking_por_hora(id_ranking,posicion,hora) VALUES (88,16,17);
INSERT INTO ranking_por_hora(id_ranking,posicion,hora) VALUES (77,17,17);
INSERT INTO ranking_por_hora(id_ranking,posicion,hora) VALUES (110,18,17);
INSERT INTO ranking_por_hora(id_ranking,posicion,hora) VALUES (79,19,17);
INSERT INTO ranking_por_hora(id_ranking,posicion,hora) VALUES (78,20,17);
INSERT INTO ranking_por_hora(id_ranking,posicion,hora) VALUES (107,21,17);
INSERT INTO ranking_por_hora(id_ranking,posicion,hora) VALUES (81,22,17);
INSERT INTO ranking_por_hora(id_ranking,posicion,hora) VALUES (90,23,17);
INSERT INTO ranking_por_hora(id_ranking,posicion,hora) VALUES (82,24,17);
INSERT INTO ranking_por_hora(id_ranking,posicion,hora) VALUES (84,25,17);
INSERT INTO ranking_por_hora(id_ranking,posicion,hora) VALUES (83,26,17);
INSERT INTO ranking_por_hora(id_ranking,posicion,hora) VALUES (85,27,17);
INSERT INTO ranking_por_hora(id_ranking,posicion,hora) VALUES (122,28,17);
INSERT INTO ranking_por_hora(id_ranking,posicion,hora) VALUES (86,29,17);
INSERT INTO ranking_por_hora(id_ranking,posicion,hora) VALUES (89,30,17);
INSERT INTO ranking_por_hora(id_ranking,posicion,hora) VALUES (87,31,17);
INSERT INTO ranking_por_hora(id_ranking,posicion,hora) VALUES (102,32,17);
INSERT INTO ranking_por_hora(id_ranking,posicion,hora) VALUES (92,33,17);
INSERT INTO ranking_por_hora(id_ranking,posicion,hora) VALUES (123,34,17);
INSERT INTO ranking_por_hora(id_ranking,posicion,hora) VALUES (91,35,17);
INSERT INTO ranking_por_hora(id_ranking,posicion,hora) VALUES (109,36,17);
INSERT INTO ranking_por_hora(id_ranking,posicion,hora) VALUES (93,37,17);
INSERT INTO ranking_por_hora(id_ranking,posicion,hora) VALUES (94,38,17);
INSERT INTO ranking_por_hora(id_ranking,posicion,hora) VALUES (99,39,17);
INSERT INTO ranking_por_hora(id_ranking,posicion,hora) VALUES (95,40,17);
INSERT INTO ranking_por_hora(id_ranking,posicion,hora) VALUES (96,41,17);
INSERT INTO ranking_por_hora(id_ranking,posicion,hora) VALUES (97,42,17);
INSERT INTO ranking_por_hora(id_ranking,posicion,hora) VALUES (98,43,17);
INSERT INTO ranking_por_hora(id_ranking,posicion,hora) VALUES (105,44,17);
INSERT INTO ranking_por_hora(id_ranking,posicion,hora) VALUES (100,45,17);
INSERT INTO ranking_por_hora(id_ranking,posicion,hora) VALUES (101,46,17);
INSERT INTO ranking_por_hora(id_ranking,posicion,hora) VALUES (103,47,17);
INSERT INTO ranking_por_hora(id_ranking,posicion,hora) VALUES (104,48,17);
INSERT INTO ranking_por_hora(id_ranking,posicion,hora) VALUES (108,49,17);
INSERT INTO ranking_por_hora(id_ranking,posicion,hora) VALUES (106,50,17);
INSERT INTO ranking_por_hora(id_ranking,posicion,hora) VALUES (64,1,18);
INSERT INTO ranking_por_hora(id_ranking,posicion,hora) VALUES (63,2,18);
INSERT INTO ranking_por_hora(id_ranking,posicion,hora) VALUES (65,3,18);
INSERT INTO ranking_por_hora(id_ranking,posicion,hora) VALUES (67,4,18);
INSERT INTO ranking_por_hora(id_ranking,posicion,hora) VALUES (66,5,18);
INSERT INTO ranking_por_hora(id_ranking,posicion,hora) VALUES (73,6,18);
INSERT INTO ranking_por_hora(id_ranking,posicion,hora) VALUES (68,7,18);
INSERT INTO ranking_por_hora(id_ranking,posicion,hora) VALUES (69,8,18);
INSERT INTO ranking_por_hora(id_ranking,posicion,hora) VALUES (70,9,18);
INSERT INTO ranking_por_hora(id_ranking,posicion,hora) VALUES (74,10,18);
INSERT INTO ranking_por_hora(id_ranking,posicion,hora) VALUES (71,11,18);
INSERT INTO ranking_por_hora(id_ranking,posicion,hora) VALUES (72,12,18);
INSERT INTO ranking_por_hora(id_ranking,posicion,hora) VALUES (75,13,18);
INSERT INTO ranking_por_hora(id_ranking,posicion,hora) VALUES (76,14,18);
INSERT INTO ranking_por_hora(id_ranking,posicion,hora) VALUES (88,15,18);
INSERT INTO ranking_por_hora(id_ranking,posicion,hora) VALUES (80,16,18);
INSERT INTO ranking_por_hora(id_ranking,posicion,hora) VALUES (77,17,18);
INSERT INTO ranking_por_hora(id_ranking,posicion,hora) VALUES (78,18,18);
INSERT INTO ranking_por_hora(id_ranking,posicion,hora) VALUES (110,19,18);
INSERT INTO ranking_por_hora(id_ranking,posicion,hora) VALUES (79,20,18);
INSERT INTO ranking_por_hora(id_ranking,posicion,hora) VALUES (107,21,18);
INSERT INTO ranking_por_hora(id_ranking,posicion,hora) VALUES (81,22,18);
INSERT INTO ranking_por_hora(id_ranking,posicion,hora) VALUES (90,23,18);
INSERT INTO ranking_por_hora(id_ranking,posicion,hora) VALUES (82,24,18);
INSERT INTO ranking_por_hora(id_ranking,posicion,hora) VALUES (84,25,18);
INSERT INTO ranking_por_hora(id_ranking,posicion,hora) VALUES (83,26,18);
INSERT INTO ranking_por_hora(id_ranking,posicion,hora) VALUES (85,27,18);
INSERT INTO ranking_por_hora(id_ranking,posicion,hora) VALUES (122,28,18);
INSERT INTO ranking_por_hora(id_ranking,posicion,hora) VALUES (86,29,18);
INSERT INTO ranking_por_hora(id_ranking,posicion,hora) VALUES (87,30,18);
INSERT INTO ranking_por_hora(id_ranking,posicion,hora) VALUES (102,31,18);
INSERT INTO ranking_por_hora(id_ranking,posicion,hora) VALUES (92,32,18);
INSERT INTO ranking_por_hora(id_ranking,posicion,hora) VALUES (89,33,18);
INSERT INTO ranking_por_hora(id_ranking,posicion,hora) VALUES (91,34,18);
INSERT INTO ranking_por_hora(id_ranking,posicion,hora) VALUES (123,35,18);
INSERT INTO ranking_por_hora(id_ranking,posicion,hora) VALUES (109,36,18);
INSERT INTO ranking_por_hora(id_ranking,posicion,hora) VALUES (93,37,18);
INSERT INTO ranking_por_hora(id_ranking,posicion,hora) VALUES (94,38,18);
INSERT INTO ranking_por_hora(id_ranking,posicion,hora) VALUES (99,39,18);
INSERT INTO ranking_por_hora(id_ranking,posicion,hora) VALUES (95,40,18);
INSERT INTO ranking_por_hora(id_ranking,posicion,hora) VALUES (96,41,18);
INSERT INTO ranking_por_hora(id_ranking,posicion,hora) VALUES (97,42,18);
INSERT INTO ranking_por_hora(id_ranking,posicion,hora) VALUES (98,43,18);
INSERT INTO ranking_por_hora(id_ranking,posicion,hora) VALUES (105,44,18);
INSERT INTO ranking_por_hora(id_ranking,posicion,hora) VALUES (100,45,18);
INSERT INTO ranking_por_hora(id_ranking,posicion,hora) VALUES (101,46,18);
INSERT INTO ranking_por_hora(id_ranking,posicion,hora) VALUES (103,47,18);
INSERT INTO ranking_por_hora(id_ranking,posicion,hora) VALUES (104,48,18);
INSERT INTO ranking_por_hora(id_ranking,posicion,hora) VALUES (108,49,18);
INSERT INTO ranking_por_hora(id_ranking,posicion,hora) VALUES (106,50,18);
INSERT INTO ranking_por_hora(id_ranking,posicion,hora) VALUES (64,1,19);
INSERT INTO ranking_por_hora(id_ranking,posicion,hora) VALUES (63,2,19);
INSERT INTO ranking_por_hora(id_ranking,posicion,hora) VALUES (65,3,19);
INSERT INTO ranking_por_hora(id_ranking,posicion,hora) VALUES (66,4,19);
INSERT INTO ranking_por_hora(id_ranking,posicion,hora) VALUES (67,5,19);
INSERT INTO ranking_por_hora(id_ranking,posicion,hora) VALUES (68,6,19);
INSERT INTO ranking_por_hora(id_ranking,posicion,hora) VALUES (69,7,19);
INSERT INTO ranking_por_hora(id_ranking,posicion,hora) VALUES (70,8,19);
INSERT INTO ranking_por_hora(id_ranking,posicion,hora) VALUES (74,9,19);
INSERT INTO ranking_por_hora(id_ranking,posicion,hora) VALUES (71,10,19);
INSERT INTO ranking_por_hora(id_ranking,posicion,hora) VALUES (72,11,19);
INSERT INTO ranking_por_hora(id_ranking,posicion,hora) VALUES (73,12,19);
INSERT INTO ranking_por_hora(id_ranking,posicion,hora) VALUES (75,13,19);
INSERT INTO ranking_por_hora(id_ranking,posicion,hora) VALUES (76,14,19);
INSERT INTO ranking_por_hora(id_ranking,posicion,hora) VALUES (88,15,19);
INSERT INTO ranking_por_hora(id_ranking,posicion,hora) VALUES (80,16,19);
INSERT INTO ranking_por_hora(id_ranking,posicion,hora) VALUES (77,17,19);
INSERT INTO ranking_por_hora(id_ranking,posicion,hora) VALUES (78,18,19);
INSERT INTO ranking_por_hora(id_ranking,posicion,hora) VALUES (79,19,19);
INSERT INTO ranking_por_hora(id_ranking,posicion,hora) VALUES (110,20,19);
INSERT INTO ranking_por_hora(id_ranking,posicion,hora) VALUES (111,21,19);
INSERT INTO ranking_por_hora(id_ranking,posicion,hora) VALUES (81,22,19);
INSERT INTO ranking_por_hora(id_ranking,posicion,hora) VALUES (90,23,19);
INSERT INTO ranking_por_hora(id_ranking,posicion,hora) VALUES (82,24,19);
INSERT INTO ranking_por_hora(id_ranking,posicion,hora) VALUES (83,25,19);
INSERT INTO ranking_por_hora(id_ranking,posicion,hora) VALUES (84,26,19);
INSERT INTO ranking_por_hora(id_ranking,posicion,hora) VALUES (122,27,19);
INSERT INTO ranking_por_hora(id_ranking,posicion,hora) VALUES (85,28,19);
INSERT INTO ranking_por_hora(id_ranking,posicion,hora) VALUES (86,29,19);
INSERT INTO ranking_por_hora(id_ranking,posicion,hora) VALUES (87,30,19);
INSERT INTO ranking_por_hora(id_ranking,posicion,hora) VALUES (102,31,19);
INSERT INTO ranking_por_hora(id_ranking,posicion,hora) VALUES (92,32,19);
INSERT INTO ranking_por_hora(id_ranking,posicion,hora) VALUES (89,33,19);
INSERT INTO ranking_por_hora(id_ranking,posicion,hora) VALUES (91,34,19);
INSERT INTO ranking_por_hora(id_ranking,posicion,hora) VALUES (123,35,19);
INSERT INTO ranking_por_hora(id_ranking,posicion,hora) VALUES (109,36,19);
INSERT INTO ranking_por_hora(id_ranking,posicion,hora) VALUES (93,37,19);
INSERT INTO ranking_por_hora(id_ranking,posicion,hora) VALUES (94,38,19);
INSERT INTO ranking_por_hora(id_ranking,posicion,hora) VALUES (99,39,19);
INSERT INTO ranking_por_hora(id_ranking,posicion,hora) VALUES (95,40,19);
INSERT INTO ranking_por_hora(id_ranking,posicion,hora) VALUES (96,41,19);
INSERT INTO ranking_por_hora(id_ranking,posicion,hora) VALUES (97,42,19);
INSERT INTO ranking_por_hora(id_ranking,posicion,hora) VALUES (98,43,19);
INSERT INTO ranking_por_hora(id_ranking,posicion,hora) VALUES (105,44,19);
INSERT INTO ranking_por_hora(id_ranking,posicion,hora) VALUES (100,45,19);
INSERT INTO ranking_por_hora(id_ranking,posicion,hora) VALUES (101,46,19);
INSERT INTO ranking_por_hora(id_ranking,posicion,hora) VALUES (103,47,19);
INSERT INTO ranking_por_hora(id_ranking,posicion,hora) VALUES (104,48,19);
INSERT INTO ranking_por_hora(id_ranking,posicion,hora) VALUES (108,49,19);
INSERT INTO ranking_por_hora(id_ranking,posicion,hora) VALUES (106,50,19);
INSERT INTO ranking_por_hora(id_ranking,posicion,hora) VALUES (64,1,20);
INSERT INTO ranking_por_hora(id_ranking,posicion,hora) VALUES (63,2,20);
INSERT INTO ranking_por_hora(id_ranking,posicion,hora) VALUES (65,3,20);
INSERT INTO ranking_por_hora(id_ranking,posicion,hora) VALUES (66,4,20);
INSERT INTO ranking_por_hora(id_ranking,posicion,hora) VALUES (68,5,20);
INSERT INTO ranking_por_hora(id_ranking,posicion,hora) VALUES (67,6,20);
INSERT INTO ranking_por_hora(id_ranking,posicion,hora) VALUES (69,7,20);
INSERT INTO ranking_por_hora(id_ranking,posicion,hora) VALUES (70,8,20);
INSERT INTO ranking_por_hora(id_ranking,posicion,hora) VALUES (74,9,20);
INSERT INTO ranking_por_hora(id_ranking,posicion,hora) VALUES (71,10,20);
INSERT INTO ranking_por_hora(id_ranking,posicion,hora) VALUES (72,11,20);
INSERT INTO ranking_por_hora(id_ranking,posicion,hora) VALUES (73,12,20);
INSERT INTO ranking_por_hora(id_ranking,posicion,hora) VALUES (75,13,20);
INSERT INTO ranking_por_hora(id_ranking,posicion,hora) VALUES (76,14,20);
INSERT INTO ranking_por_hora(id_ranking,posicion,hora) VALUES (88,15,20);
INSERT INTO ranking_por_hora(id_ranking,posicion,hora) VALUES (77,16,20);
INSERT INTO ranking_por_hora(id_ranking,posicion,hora) VALUES (78,17,20);
INSERT INTO ranking_por_hora(id_ranking,posicion,hora) VALUES (79,18,20);
INSERT INTO ranking_por_hora(id_ranking,posicion,hora) VALUES (110,19,20);
INSERT INTO ranking_por_hora(id_ranking,posicion,hora) VALUES (80,20,20);
INSERT INTO ranking_por_hora(id_ranking,posicion,hora) VALUES (107,21,20);
INSERT INTO ranking_por_hora(id_ranking,posicion,hora) VALUES (81,22,20);
INSERT INTO ranking_por_hora(id_ranking,posicion,hora) VALUES (90,23,20);
INSERT INTO ranking_por_hora(id_ranking,posicion,hora) VALUES (82,24,20);
INSERT INTO ranking_por_hora(id_ranking,posicion,hora) VALUES (83,25,20);
INSERT INTO ranking_por_hora(id_ranking,posicion,hora) VALUES (84,26,20);
INSERT INTO ranking_por_hora(id_ranking,posicion,hora) VALUES (122,27,20);
INSERT INTO ranking_por_hora(id_ranking,posicion,hora) VALUES (85,28,20);
INSERT INTO ranking_por_hora(id_ranking,posicion,hora) VALUES (86,29,20);
INSERT INTO ranking_por_hora(id_ranking,posicion,hora) VALUES (87,30,20);
INSERT INTO ranking_por_hora(id_ranking,posicion,hora) VALUES (102,31,20);
INSERT INTO ranking_por_hora(id_ranking,posicion,hora) VALUES (92,32,20);
INSERT INTO ranking_por_hora(id_ranking,posicion,hora) VALUES (89,33,20);
INSERT INTO ranking_por_hora(id_ranking,posicion,hora) VALUES (91,34,20);
INSERT INTO ranking_por_hora(id_ranking,posicion,hora) VALUES (109,35,20);
INSERT INTO ranking_por_hora(id_ranking,posicion,hora) VALUES (123,36,20);
INSERT INTO ranking_por_hora(id_ranking,posicion,hora) VALUES (93,37,20);
INSERT INTO ranking_por_hora(id_ranking,posicion,hora) VALUES (94,38,20);
INSERT INTO ranking_por_hora(id_ranking,posicion,hora) VALUES (99,39,20);
INSERT INTO ranking_por_hora(id_ranking,posicion,hora) VALUES (96,40,20);
INSERT INTO ranking_por_hora(id_ranking,posicion,hora) VALUES (95,41,20);
INSERT INTO ranking_por_hora(id_ranking,posicion,hora) VALUES (98,42,20);
INSERT INTO ranking_por_hora(id_ranking,posicion,hora) VALUES (97,43,20);
INSERT INTO ranking_por_hora(id_ranking,posicion,hora) VALUES (100,44,20);
INSERT INTO ranking_por_hora(id_ranking,posicion,hora) VALUES (101,45,20);
INSERT INTO ranking_por_hora(id_ranking,posicion,hora) VALUES (103,46,20);
INSERT INTO ranking_por_hora(id_ranking,posicion,hora) VALUES (104,47,20);
INSERT INTO ranking_por_hora(id_ranking,posicion,hora) VALUES (105,48,20);
INSERT INTO ranking_por_hora(id_ranking,posicion,hora) VALUES (108,49,20);
INSERT INTO ranking_por_hora(id_ranking,posicion,hora) VALUES (106,50,20);
INSERT INTO ranking_por_hora(id_ranking,posicion,hora) VALUES (64,1,21);
INSERT INTO ranking_por_hora(id_ranking,posicion,hora) VALUES (63,2,21);
INSERT INTO ranking_por_hora(id_ranking,posicion,hora) VALUES (65,3,21);
INSERT INTO ranking_por_hora(id_ranking,posicion,hora) VALUES (66,4,21);
INSERT INTO ranking_por_hora(id_ranking,posicion,hora) VALUES (67,5,21);
INSERT INTO ranking_por_hora(id_ranking,posicion,hora) VALUES (68,6,21);
INSERT INTO ranking_por_hora(id_ranking,posicion,hora) VALUES (69,7,21);
INSERT INTO ranking_por_hora(id_ranking,posicion,hora) VALUES (70,8,21);
INSERT INTO ranking_por_hora(id_ranking,posicion,hora) VALUES (71,9,21);
INSERT INTO ranking_por_hora(id_ranking,posicion,hora) VALUES (74,10,21);
INSERT INTO ranking_por_hora(id_ranking,posicion,hora) VALUES (72,11,21);
INSERT INTO ranking_por_hora(id_ranking,posicion,hora) VALUES (73,12,21);
INSERT INTO ranking_por_hora(id_ranking,posicion,hora) VALUES (75,13,21);
INSERT INTO ranking_por_hora(id_ranking,posicion,hora) VALUES (76,14,21);
INSERT INTO ranking_por_hora(id_ranking,posicion,hora) VALUES (77,15,21);
INSERT INTO ranking_por_hora(id_ranking,posicion,hora) VALUES (78,16,21);
INSERT INTO ranking_por_hora(id_ranking,posicion,hora) VALUES (79,17,21);
INSERT INTO ranking_por_hora(id_ranking,posicion,hora) VALUES (80,18,21);
INSERT INTO ranking_por_hora(id_ranking,posicion,hora) VALUES (88,19,21);
INSERT INTO ranking_por_hora(id_ranking,posicion,hora) VALUES (107,20,21);
INSERT INTO ranking_por_hora(id_ranking,posicion,hora) VALUES (81,21,21);
INSERT INTO ranking_por_hora(id_ranking,posicion,hora) VALUES (82,22,21);
INSERT INTO ranking_por_hora(id_ranking,posicion,hora) VALUES (83,23,21);
INSERT INTO ranking_por_hora(id_ranking,posicion,hora) VALUES (84,24,21);
INSERT INTO ranking_por_hora(id_ranking,posicion,hora) VALUES (122,25,21);
INSERT INTO ranking_por_hora(id_ranking,posicion,hora) VALUES (85,26,21);
INSERT INTO ranking_por_hora(id_ranking,posicion,hora) VALUES (110,27,21);
INSERT INTO ranking_por_hora(id_ranking,posicion,hora) VALUES (86,28,21);
INSERT INTO ranking_por_hora(id_ranking,posicion,hora) VALUES (87,29,21);
INSERT INTO ranking_por_hora(id_ranking,posicion,hora) VALUES (90,30,21);
INSERT INTO ranking_por_hora(id_ranking,posicion,hora) VALUES (102,31,21);
INSERT INTO ranking_por_hora(id_ranking,posicion,hora) VALUES (89,32,21);
INSERT INTO ranking_por_hora(id_ranking,posicion,hora) VALUES (92,33,21);
INSERT INTO ranking_por_hora(id_ranking,posicion,hora) VALUES (91,34,21);
INSERT INTO ranking_por_hora(id_ranking,posicion,hora) VALUES (109,35,21);
INSERT INTO ranking_por_hora(id_ranking,posicion,hora) VALUES (123,36,21);
INSERT INTO ranking_por_hora(id_ranking,posicion,hora) VALUES (93,37,21);
INSERT INTO ranking_por_hora(id_ranking,posicion,hora) VALUES (94,38,21);
INSERT INTO ranking_por_hora(id_ranking,posicion,hora) VALUES (99,39,21);
INSERT INTO ranking_por_hora(id_ranking,posicion,hora) VALUES (96,40,21);
INSERT INTO ranking_por_hora(id_ranking,posicion,hora) VALUES (95,41,21);
INSERT INTO ranking_por_hora(id_ranking,posicion,hora) VALUES (97,42,21);
INSERT INTO ranking_por_hora(id_ranking,posicion,hora) VALUES (98,43,21);
INSERT INTO ranking_por_hora(id_ranking,posicion,hora) VALUES (100,44,21);
INSERT INTO ranking_por_hora(id_ranking,posicion,hora) VALUES (101,45,21);
INSERT INTO ranking_por_hora(id_ranking,posicion,hora) VALUES (103,46,21);
INSERT INTO ranking_por_hora(id_ranking,posicion,hora) VALUES (104,47,21);
INSERT INTO ranking_por_hora(id_ranking,posicion,hora) VALUES (105,48,21);
INSERT INTO ranking_por_hora(id_ranking,posicion,hora) VALUES (108,49,21);
INSERT INTO ranking_por_hora(id_ranking,posicion,hora) VALUES (106,50,21);
INSERT INTO ranking_por_hora(id_ranking,posicion,hora) VALUES (64,1,22);
INSERT INTO ranking_por_hora(id_ranking,posicion,hora) VALUES (63,2,22);
INSERT INTO ranking_por_hora(id_ranking,posicion,hora) VALUES (65,3,22);
INSERT INTO ranking_por_hora(id_ranking,posicion,hora) VALUES (66,4,22);
INSERT INTO ranking_por_hora(id_ranking,posicion,hora) VALUES (67,5,22);
INSERT INTO ranking_por_hora(id_ranking,posicion,hora) VALUES (68,6,22);
INSERT INTO ranking_por_hora(id_ranking,posicion,hora) VALUES (69,7,22);
INSERT INTO ranking_por_hora(id_ranking,posicion,hora) VALUES (70,8,22);
INSERT INTO ranking_por_hora(id_ranking,posicion,hora) VALUES (71,9,22);
INSERT INTO ranking_por_hora(id_ranking,posicion,hora) VALUES (74,10,22);
INSERT INTO ranking_por_hora(id_ranking,posicion,hora) VALUES (72,11,22);
INSERT INTO ranking_por_hora(id_ranking,posicion,hora) VALUES (73,12,22);
INSERT INTO ranking_por_hora(id_ranking,posicion,hora) VALUES (75,13,22);
INSERT INTO ranking_por_hora(id_ranking,posicion,hora) VALUES (76,14,22);
INSERT INTO ranking_por_hora(id_ranking,posicion,hora) VALUES (77,15,22);
INSERT INTO ranking_por_hora(id_ranking,posicion,hora) VALUES (78,16,22);
INSERT INTO ranking_por_hora(id_ranking,posicion,hora) VALUES (79,17,22);
INSERT INTO ranking_por_hora(id_ranking,posicion,hora) VALUES (80,18,22);
INSERT INTO ranking_por_hora(id_ranking,posicion,hora) VALUES (81,19,22);
INSERT INTO ranking_por_hora(id_ranking,posicion,hora) VALUES (82,20,22);
INSERT INTO ranking_por_hora(id_ranking,posicion,hora) VALUES (83,21,22);
INSERT INTO ranking_por_hora(id_ranking,posicion,hora) VALUES (84,22,22);
INSERT INTO ranking_por_hora(id_ranking,posicion,hora) VALUES (122,23,22);
INSERT INTO ranking_por_hora(id_ranking,posicion,hora) VALUES (85,24,22);
INSERT INTO ranking_por_hora(id_ranking,posicion,hora) VALUES (86,25,22);
INSERT INTO ranking_por_hora(id_ranking,posicion,hora) VALUES (87,26,22);
INSERT INTO ranking_por_hora(id_ranking,posicion,hora) VALUES (90,27,22);
INSERT INTO ranking_por_hora(id_ranking,posicion,hora) VALUES (88,28,22);
INSERT INTO ranking_por_hora(id_ranking,posicion,hora) VALUES (89,29,22);
INSERT INTO ranking_por_hora(id_ranking,posicion,hora) VALUES (107,30,22);
INSERT INTO ranking_por_hora(id_ranking,posicion,hora) VALUES (92,31,22);
INSERT INTO ranking_por_hora(id_ranking,posicion,hora) VALUES (102,32,22);
INSERT INTO ranking_por_hora(id_ranking,posicion,hora) VALUES (91,33,22);
INSERT INTO ranking_por_hora(id_ranking,posicion,hora) VALUES (109,34,22);
INSERT INTO ranking_por_hora(id_ranking,posicion,hora) VALUES (123,35,22);
INSERT INTO ranking_por_hora(id_ranking,posicion,hora) VALUES (93,36,22);
INSERT INTO ranking_por_hora(id_ranking,posicion,hora) VALUES (94,37,22);
INSERT INTO ranking_por_hora(id_ranking,posicion,hora) VALUES (99,38,22);
INSERT INTO ranking_por_hora(id_ranking,posicion,hora) VALUES (96,39,22);
INSERT INTO ranking_por_hora(id_ranking,posicion,hora) VALUES (95,40,22);
INSERT INTO ranking_por_hora(id_ranking,posicion,hora) VALUES (97,41,22);
INSERT INTO ranking_por_hora(id_ranking,posicion,hora) VALUES (98,42,22);
INSERT INTO ranking_por_hora(id_ranking,posicion,hora) VALUES (100,43,22);
INSERT INTO ranking_por_hora(id_ranking,posicion,hora) VALUES (101,44,22);
INSERT INTO ranking_por_hora(id_ranking,posicion,hora) VALUES (103,45,22);
INSERT INTO ranking_por_hora(id_ranking,posicion,hora) VALUES (104,46,22);
INSERT INTO ranking_por_hora(id_ranking,posicion,hora) VALUES (105,47,22);
INSERT INTO ranking_por_hora(id_ranking,posicion,hora) VALUES (108,48,22);
INSERT INTO ranking_por_hora(id_ranking,posicion,hora) VALUES (106,49,22);
INSERT INTO ranking_por_hora(id_ranking,posicion,hora) VALUES (110,50,22);
INSERT INTO ranking_por_hora(id_ranking,posicion,hora) VALUES (63,1,23);
INSERT INTO ranking_por_hora(id_ranking,posicion,hora) VALUES (64,2,23);
INSERT INTO ranking_por_hora(id_ranking,posicion,hora) VALUES (65,3,23);
INSERT INTO ranking_por_hora(id_ranking,posicion,hora) VALUES (66,4,23);
INSERT INTO ranking_por_hora(id_ranking,posicion,hora) VALUES (67,5,23);
INSERT INTO ranking_por_hora(id_ranking,posicion,hora) VALUES (68,6,23);
INSERT INTO ranking_por_hora(id_ranking,posicion,hora) VALUES (69,7,23);
INSERT INTO ranking_por_hora(id_ranking,posicion,hora) VALUES (70,8,23);
INSERT INTO ranking_por_hora(id_ranking,posicion,hora) VALUES (71,9,23);
INSERT INTO ranking_por_hora(id_ranking,posicion,hora) VALUES (74,10,23);
INSERT INTO ranking_por_hora(id_ranking,posicion,hora) VALUES (72,11,23);
INSERT INTO ranking_por_hora(id_ranking,posicion,hora) VALUES (73,12,23);
INSERT INTO ranking_por_hora(id_ranking,posicion,hora) VALUES (75,13,23);
INSERT INTO ranking_por_hora(id_ranking,posicion,hora) VALUES (76,14,23);
INSERT INTO ranking_por_hora(id_ranking,posicion,hora) VALUES (77,15,23);
INSERT INTO ranking_por_hora(id_ranking,posicion,hora) VALUES (78,16,23);
INSERT INTO ranking_por_hora(id_ranking,posicion,hora) VALUES (79,17,23);
INSERT INTO ranking_por_hora(id_ranking,posicion,hora) VALUES (80,18,23);
INSERT INTO ranking_por_hora(id_ranking,posicion,hora) VALUES (81,19,23);
INSERT INTO ranking_por_hora(id_ranking,posicion,hora) VALUES (82,20,23);
INSERT INTO ranking_por_hora(id_ranking,posicion,hora) VALUES (83,21,23);
INSERT INTO ranking_por_hora(id_ranking,posicion,hora) VALUES (84,22,23);
INSERT INTO ranking_por_hora(id_ranking,posicion,hora) VALUES (122,23,23);
INSERT INTO ranking_por_hora(id_ranking,posicion,hora) VALUES (85,24,23);
INSERT INTO ranking_por_hora(id_ranking,posicion,hora) VALUES (86,25,23);
INSERT INTO ranking_por_hora(id_ranking,posicion,hora) VALUES (90,26,23);
INSERT INTO ranking_por_hora(id_ranking,posicion,hora) VALUES (87,27,23);
INSERT INTO ranking_por_hora(id_ranking,posicion,hora) VALUES (89,28,23);
INSERT INTO ranking_por_hora(id_ranking,posicion,hora) VALUES (88,29,23);
INSERT INTO ranking_por_hora(id_ranking,posicion,hora) VALUES (107,30,23);
INSERT INTO ranking_por_hora(id_ranking,posicion,hora) VALUES (91,31,23);
INSERT INTO ranking_por_hora(id_ranking,posicion,hora) VALUES (92,32,23);
INSERT INTO ranking_por_hora(id_ranking,posicion,hora) VALUES (123,33,23);
INSERT INTO ranking_por_hora(id_ranking,posicion,hora) VALUES (93,34,23);
INSERT INTO ranking_por_hora(id_ranking,posicion,hora) VALUES (94,35,23);
INSERT INTO ranking_por_hora(id_ranking,posicion,hora) VALUES (95,36,23);
INSERT INTO ranking_por_hora(id_ranking,posicion,hora) VALUES (96,37,23);
INSERT INTO ranking_por_hora(id_ranking,posicion,hora) VALUES (97,38,23);
INSERT INTO ranking_por_hora(id_ranking,posicion,hora) VALUES (98,39,23);
INSERT INTO ranking_por_hora(id_ranking,posicion,hora) VALUES (99,40,23);
INSERT INTO ranking_por_hora(id_ranking,posicion,hora) VALUES (100,41,23);
INSERT INTO ranking_por_hora(id_ranking,posicion,hora) VALUES (101,42,23);
INSERT INTO ranking_por_hora(id_ranking,posicion,hora) VALUES (102,43,23);
INSERT INTO ranking_por_hora(id_ranking,posicion,hora) VALUES (103,44,23);
INSERT INTO ranking_por_hora(id_ranking,posicion,hora) VALUES (105,45,23);
INSERT INTO ranking_por_hora(id_ranking,posicion,hora) VALUES (104,46,23);
INSERT INTO ranking_por_hora(id_ranking,posicion,hora) VALUES (106,47,23);
INSERT INTO ranking_por_hora(id_ranking,posicion,hora) VALUES (108,48,23);
INSERT INTO ranking_por_hora(id_ranking,posicion,hora) VALUES (109,49,23);
INSERT INTO ranking_por_hora(id_ranking,posicion,hora) VALUES (110,50,23);
INSERT INTO ranking_por_hora(id_ranking,posicion,hora) VALUES (63,1,24);
INSERT INTO ranking_por_hora(id_ranking,posicion,hora) VALUES (64,2,24);
INSERT INTO ranking_por_hora(id_ranking,posicion,hora) VALUES (65,3,24);
INSERT INTO ranking_por_hora(id_ranking,posicion,hora) VALUES (66,4,24);
INSERT INTO ranking_por_hora(id_ranking,posicion,hora) VALUES (67,5,24);
INSERT INTO ranking_por_hora(id_ranking,posicion,hora) VALUES (68,6,24);
INSERT INTO ranking_por_hora(id_ranking,posicion,hora) VALUES (69,7,24);
INSERT INTO ranking_por_hora(id_ranking,posicion,hora) VALUES (70,8,24);
INSERT INTO ranking_por_hora(id_ranking,posicion,hora) VALUES (71,9,24);
INSERT INTO ranking_por_hora(id_ranking,posicion,hora) VALUES (72,10,24);
INSERT INTO ranking_por_hora(id_ranking,posicion,hora) VALUES (73,11,24);
INSERT INTO ranking_por_hora(id_ranking,posicion,hora) VALUES (74,12,24);
INSERT INTO ranking_por_hora(id_ranking,posicion,hora) VALUES (75,13,24);
INSERT INTO ranking_por_hora(id_ranking,posicion,hora) VALUES (76,14,24);
INSERT INTO ranking_por_hora(id_ranking,posicion,hora) VALUES (77,15,24);
INSERT INTO ranking_por_hora(id_ranking,posicion,hora) VALUES (78,16,24);
INSERT INTO ranking_por_hora(id_ranking,posicion,hora) VALUES (79,17,24);
INSERT INTO ranking_por_hora(id_ranking,posicion,hora) VALUES (80,18,24);
INSERT INTO ranking_por_hora(id_ranking,posicion,hora) VALUES (81,19,24);
INSERT INTO ranking_por_hora(id_ranking,posicion,hora) VALUES (82,20,24);
INSERT INTO ranking_por_hora(id_ranking,posicion,hora) VALUES (83,21,24);
INSERT INTO ranking_por_hora(id_ranking,posicion,hora) VALUES (84,22,24);
INSERT INTO ranking_por_hora(id_ranking,posicion,hora) VALUES (122,23,24);
INSERT INTO ranking_por_hora(id_ranking,posicion,hora) VALUES (85,24,24);
INSERT INTO ranking_por_hora(id_ranking,posicion,hora) VALUES (86,25,24);
INSERT INTO ranking_por_hora(id_ranking,posicion,hora) VALUES (87,26,24);
INSERT INTO ranking_por_hora(id_ranking,posicion,hora) VALUES (88,27,24);
INSERT INTO ranking_por_hora(id_ranking,posicion,hora) VALUES (89,28,24);
INSERT INTO ranking_por_hora(id_ranking,posicion,hora) VALUES (90,29,24);
INSERT INTO ranking_por_hora(id_ranking,posicion,hora) VALUES (91,30,24);
INSERT INTO ranking_por_hora(id_ranking,posicion,hora) VALUES (92,31,24);
INSERT INTO ranking_por_hora(id_ranking,posicion,hora) VALUES (123,32,24);
INSERT INTO ranking_por_hora(id_ranking,posicion,hora) VALUES (93,33,24);
INSERT INTO ranking_por_hora(id_ranking,posicion,hora) VALUES (94,34,24);
INSERT INTO ranking_por_hora(id_ranking,posicion,hora) VALUES (95,35,24);
INSERT INTO ranking_por_hora(id_ranking,posicion,hora) VALUES (96,36,24);
INSERT INTO ranking_por_hora(id_ranking,posicion,hora) VALUES (97,37,24);
INSERT INTO ranking_por_hora(id_ranking,posicion,hora) VALUES (98,38,24);
INSERT INTO ranking_por_hora(id_ranking,posicion,hora) VALUES (99,39,24);
INSERT INTO ranking_por_hora(id_ranking,posicion,hora) VALUES (100,40,24);
INSERT INTO ranking_por_hora(id_ranking,posicion,hora) VALUES (101,41,24);
INSERT INTO ranking_por_hora(id_ranking,posicion,hora) VALUES (102,42,24);
INSERT INTO ranking_por_hora(id_ranking,posicion,hora) VALUES (103,43,24);
INSERT INTO ranking_por_hora(id_ranking,posicion,hora) VALUES (104,44,24);
INSERT INTO ranking_por_hora(id_ranking,posicion,hora) VALUES (105,45,24);
INSERT INTO ranking_por_hora(id_ranking,posicion,hora) VALUES (106,46,24);
INSERT INTO ranking_por_hora(id_ranking,posicion,hora) VALUES (107,47,24);
INSERT INTO ranking_por_hora(id_ranking,posicion,hora) VALUES (108,48,24);
INSERT INTO ranking_por_hora(id_ranking,posicion,hora) VALUES (109,49,24);
INSERT INTO ranking_por_hora(id_ranking,posicion,hora) VALUES (110,50,24);
